ISO-10303-21;
HEADER;
FILE_DESCRIPTION(('eMachineShop Model'),'2;1');
FILE_NAME('/var/converter/output/STX-3000_rD3_1782018533.214.step',
  '2025-10-29T19:51:45',('eMachineShop'),('eMachineShop'),
  'eMachineShop','eMachineShop','Unknown');
FILE_SCHEMA(('AUTOMOTIVE_DESIGN { 1 0 10303 214 1 1 1 1 }'));
ENDSEC;
DATA;
#1 = APPLICATION_PROTOCOL_DEFINITION('international standard',
  'automotive_design',2000,#2);
#2 = APPLICATION_CONTEXT(
  'core data for automotive mechanical design processes');
#3 = SHAPE_DEFINITION_REPRESENTATION(#4,#10);
#4 = PRODUCT_DEFINITION_SHAPE('','',#5);
#5 = PRODUCT_DEFINITION('design','',#6,#9);
#6 = PRODUCT_DEFINITION_FORMATION('','',#7);
#7 = PRODUCT('eMachineShop',
  'eMachineShop','',(#8));
#8 = PRODUCT_CONTEXT('',#2,'mechanical');
#9 = PRODUCT_DEFINITION_CONTEXT('part definition',#2,'design');
#10 = SHAPE_REPRESENTATION('',(#11,#15,#19,#23,#27,#31,#35,#39,#43,#47,
    #51,#55,#59,#63,#67,#71,#75,#79,#83,#87,#91,#95,#99,#103,#107,#111,
    #115,#119,#123,#127,#131,#135,#139,#143,#147,#151,#155,#159,#163,
    #167,#171,#175,#179,#183,#187,#191,#195,#199,#203,#207,#211,#215,
    #219,#223,#227,#231,#235,#239,#243,#247,#251,#255,#259,#263,#267,
    #271,#275,#279,#283,#287,#291,#295,#299,#303,#307,#311,#315,#319,
    #323,#327,#331,#335,#339,#343,#347),#351);
#11 = AXIS2_PLACEMENT_3D('',#12,#13,#14);
#12 = CARTESIAN_POINT('',(0.,0.,0.));
#13 = DIRECTION('',(0.,0.,1.));
#14 = DIRECTION('',(1.,0.,-0.));
#15 = AXIS2_PLACEMENT_3D('',#16,#17,#18);
#16 = CARTESIAN_POINT('',(0.,0.,0.));
#17 = DIRECTION('',(0.,0.,1.));
#18 = DIRECTION('',(1.,0.,-0.));
#19 = AXIS2_PLACEMENT_3D('',#20,#21,#22);
#20 = CARTESIAN_POINT('',(0.,0.,0.));
#21 = DIRECTION('',(0.,0.,1.));
#22 = DIRECTION('',(1.,0.,-0.));
#23 = AXIS2_PLACEMENT_3D('',#24,#25,#26);
#24 = CARTESIAN_POINT('',(0.,0.,0.));
#25 = DIRECTION('',(0.,0.,1.));
#26 = DIRECTION('',(1.,0.,-0.));
#27 = AXIS2_PLACEMENT_3D('',#28,#29,#30);
#28 = CARTESIAN_POINT('',(0.,0.,0.));
#29 = DIRECTION('',(0.,0.,1.));
#30 = DIRECTION('',(1.,0.,-0.));
#31 = AXIS2_PLACEMENT_3D('',#32,#33,#34);
#32 = CARTESIAN_POINT('',(0.,0.,0.));
#33 = DIRECTION('',(0.,0.,1.));
#34 = DIRECTION('',(1.,0.,-0.));
#35 = AXIS2_PLACEMENT_3D('',#36,#37,#38);
#36 = CARTESIAN_POINT('',(0.,0.,0.));
#37 = DIRECTION('',(0.,0.,1.));
#38 = DIRECTION('',(1.,0.,-0.));
#39 = AXIS2_PLACEMENT_3D('',#40,#41,#42);
#40 = CARTESIAN_POINT('',(0.,0.,0.));
#41 = DIRECTION('',(0.,0.,1.));
#42 = DIRECTION('',(1.,0.,-0.));
#43 = AXIS2_PLACEMENT_3D('',#44,#45,#46);
#44 = CARTESIAN_POINT('',(0.,0.,0.));
#45 = DIRECTION('',(0.,0.,1.));
#46 = DIRECTION('',(1.,0.,-0.));
#47 = AXIS2_PLACEMENT_3D('',#48,#49,#50);
#48 = CARTESIAN_POINT('',(0.,0.,0.));
#49 = DIRECTION('',(0.,0.,1.));
#50 = DIRECTION('',(1.,0.,-0.));
#51 = AXIS2_PLACEMENT_3D('',#52,#53,#54);
#52 = CARTESIAN_POINT('',(0.,0.,0.));
#53 = DIRECTION('',(0.,0.,1.));
#54 = DIRECTION('',(1.,0.,-0.));
#55 = AXIS2_PLACEMENT_3D('',#56,#57,#58);
#56 = CARTESIAN_POINT('',(0.,0.,0.));
#57 = DIRECTION('',(0.,0.,1.));
#58 = DIRECTION('',(1.,0.,-0.));
#59 = AXIS2_PLACEMENT_3D('',#60,#61,#62);
#60 = CARTESIAN_POINT('',(0.,0.,0.));
#61 = DIRECTION('',(0.,0.,1.));
#62 = DIRECTION('',(1.,0.,-0.));
#63 = AXIS2_PLACEMENT_3D('',#64,#65,#66);
#64 = CARTESIAN_POINT('',(0.,0.,0.));
#65 = DIRECTION('',(0.,0.,1.));
#66 = DIRECTION('',(1.,0.,-0.));
#67 = AXIS2_PLACEMENT_3D('',#68,#69,#70);
#68 = CARTESIAN_POINT('',(0.,0.,0.));
#69 = DIRECTION('',(0.,0.,1.));
#70 = DIRECTION('',(1.,0.,-0.));
#71 = AXIS2_PLACEMENT_3D('',#72,#73,#74);
#72 = CARTESIAN_POINT('',(0.,0.,0.));
#73 = DIRECTION('',(0.,0.,1.));
#74 = DIRECTION('',(1.,0.,-0.));
#75 = AXIS2_PLACEMENT_3D('',#76,#77,#78);
#76 = CARTESIAN_POINT('',(0.,0.,0.));
#77 = DIRECTION('',(0.,0.,1.));
#78 = DIRECTION('',(1.,0.,-0.));
#79 = AXIS2_PLACEMENT_3D('',#80,#81,#82);
#80 = CARTESIAN_POINT('',(0.,0.,0.));
#81 = DIRECTION('',(0.,0.,1.));
#82 = DIRECTION('',(1.,0.,-0.));
#83 = AXIS2_PLACEMENT_3D('',#84,#85,#86);
#84 = CARTESIAN_POINT('',(0.,0.,0.));
#85 = DIRECTION('',(0.,0.,1.));
#86 = DIRECTION('',(1.,0.,-0.));
#87 = AXIS2_PLACEMENT_3D('',#88,#89,#90);
#88 = CARTESIAN_POINT('',(0.,0.,0.));
#89 = DIRECTION('',(0.,0.,1.));
#90 = DIRECTION('',(1.,0.,-0.));
#91 = AXIS2_PLACEMENT_3D('',#92,#93,#94);
#92 = CARTESIAN_POINT('',(0.,0.,0.));
#93 = DIRECTION('',(0.,0.,1.));
#94 = DIRECTION('',(1.,0.,-0.));
#95 = AXIS2_PLACEMENT_3D('',#96,#97,#98);
#96 = CARTESIAN_POINT('',(0.,0.,0.));
#97 = DIRECTION('',(0.,0.,1.));
#98 = DIRECTION('',(1.,0.,-0.));
#99 = AXIS2_PLACEMENT_3D('',#100,#101,#102);
#100 = CARTESIAN_POINT('',(0.,0.,0.));
#101 = DIRECTION('',(0.,0.,1.));
#102 = DIRECTION('',(1.,0.,-0.));
#103 = AXIS2_PLACEMENT_3D('',#104,#105,#106);
#104 = CARTESIAN_POINT('',(0.,0.,0.));
#105 = DIRECTION('',(0.,0.,1.));
#106 = DIRECTION('',(1.,0.,-0.));
#107 = AXIS2_PLACEMENT_3D('',#108,#109,#110);
#108 = CARTESIAN_POINT('',(0.,0.,0.));
#109 = DIRECTION('',(0.,0.,1.));
#110 = DIRECTION('',(1.,0.,-0.));
#111 = AXIS2_PLACEMENT_3D('',#112,#113,#114);
#112 = CARTESIAN_POINT('',(0.,0.,0.));
#113 = DIRECTION('',(0.,0.,1.));
#114 = DIRECTION('',(1.,0.,-0.));
#115 = AXIS2_PLACEMENT_3D('',#116,#117,#118);
#116 = CARTESIAN_POINT('',(0.,0.,0.));
#117 = DIRECTION('',(0.,0.,1.));
#118 = DIRECTION('',(1.,0.,-0.));
#119 = AXIS2_PLACEMENT_3D('',#120,#121,#122);
#120 = CARTESIAN_POINT('',(0.,0.,0.));
#121 = DIRECTION('',(0.,0.,1.));
#122 = DIRECTION('',(1.,0.,-0.));
#123 = AXIS2_PLACEMENT_3D('',#124,#125,#126);
#124 = CARTESIAN_POINT('',(0.,0.,0.));
#125 = DIRECTION('',(0.,0.,1.));
#126 = DIRECTION('',(1.,0.,-0.));
#127 = AXIS2_PLACEMENT_3D('',#128,#129,#130);
#128 = CARTESIAN_POINT('',(0.,0.,0.));
#129 = DIRECTION('',(0.,0.,1.));
#130 = DIRECTION('',(1.,0.,-0.));
#131 = AXIS2_PLACEMENT_3D('',#132,#133,#134);
#132 = CARTESIAN_POINT('',(0.,0.,0.));
#133 = DIRECTION('',(0.,0.,1.));
#134 = DIRECTION('',(1.,0.,-0.));
#135 = AXIS2_PLACEMENT_3D('',#136,#137,#138);
#136 = CARTESIAN_POINT('',(0.,0.,0.));
#137 = DIRECTION('',(0.,0.,1.));
#138 = DIRECTION('',(1.,0.,-0.));
#139 = AXIS2_PLACEMENT_3D('',#140,#141,#142);
#140 = CARTESIAN_POINT('',(0.,0.,0.));
#141 = DIRECTION('',(0.,0.,1.));
#142 = DIRECTION('',(1.,0.,-0.));
#143 = AXIS2_PLACEMENT_3D('',#144,#145,#146);
#144 = CARTESIAN_POINT('',(0.,0.,0.));
#145 = DIRECTION('',(0.,0.,1.));
#146 = DIRECTION('',(1.,0.,-0.));
#147 = AXIS2_PLACEMENT_3D('',#148,#149,#150);
#148 = CARTESIAN_POINT('',(0.,0.,0.));
#149 = DIRECTION('',(0.,0.,1.));
#150 = DIRECTION('',(1.,0.,-0.));
#151 = AXIS2_PLACEMENT_3D('',#152,#153,#154);
#152 = CARTESIAN_POINT('',(0.,0.,0.));
#153 = DIRECTION('',(0.,0.,1.));
#154 = DIRECTION('',(1.,0.,-0.));
#155 = AXIS2_PLACEMENT_3D('',#156,#157,#158);
#156 = CARTESIAN_POINT('',(0.,0.,0.));
#157 = DIRECTION('',(0.,0.,1.));
#158 = DIRECTION('',(1.,0.,-0.));
#159 = AXIS2_PLACEMENT_3D('',#160,#161,#162);
#160 = CARTESIAN_POINT('',(0.,0.,0.));
#161 = DIRECTION('',(0.,0.,1.));
#162 = DIRECTION('',(1.,0.,-0.));
#163 = AXIS2_PLACEMENT_3D('',#164,#165,#166);
#164 = CARTESIAN_POINT('',(0.,0.,0.));
#165 = DIRECTION('',(0.,0.,1.));
#166 = DIRECTION('',(1.,0.,-0.));
#167 = AXIS2_PLACEMENT_3D('',#168,#169,#170);
#168 = CARTESIAN_POINT('',(0.,0.,0.));
#169 = DIRECTION('',(0.,0.,1.));
#170 = DIRECTION('',(1.,0.,-0.));
#171 = AXIS2_PLACEMENT_3D('',#172,#173,#174);
#172 = CARTESIAN_POINT('',(0.,0.,0.));
#173 = DIRECTION('',(0.,0.,1.));
#174 = DIRECTION('',(1.,0.,-0.));
#175 = AXIS2_PLACEMENT_3D('',#176,#177,#178);
#176 = CARTESIAN_POINT('',(0.,0.,0.));
#177 = DIRECTION('',(0.,0.,1.));
#178 = DIRECTION('',(1.,0.,-0.));
#179 = AXIS2_PLACEMENT_3D('',#180,#181,#182);
#180 = CARTESIAN_POINT('',(0.,0.,0.));
#181 = DIRECTION('',(0.,0.,1.));
#182 = DIRECTION('',(1.,0.,-0.));
#183 = AXIS2_PLACEMENT_3D('',#184,#185,#186);
#184 = CARTESIAN_POINT('',(0.,0.,0.));
#185 = DIRECTION('',(0.,0.,1.));
#186 = DIRECTION('',(1.,0.,-0.));
#187 = AXIS2_PLACEMENT_3D('',#188,#189,#190);
#188 = CARTESIAN_POINT('',(0.,0.,0.));
#189 = DIRECTION('',(0.,0.,1.));
#190 = DIRECTION('',(1.,0.,-0.));
#191 = AXIS2_PLACEMENT_3D('',#192,#193,#194);
#192 = CARTESIAN_POINT('',(0.,0.,0.));
#193 = DIRECTION('',(0.,0.,1.));
#194 = DIRECTION('',(1.,0.,-0.));
#195 = AXIS2_PLACEMENT_3D('',#196,#197,#198);
#196 = CARTESIAN_POINT('',(0.,0.,0.));
#197 = DIRECTION('',(0.,0.,1.));
#198 = DIRECTION('',(1.,0.,-0.));
#199 = AXIS2_PLACEMENT_3D('',#200,#201,#202);
#200 = CARTESIAN_POINT('',(0.,0.,0.));
#201 = DIRECTION('',(0.,0.,1.));
#202 = DIRECTION('',(1.,0.,-0.));
#203 = AXIS2_PLACEMENT_3D('',#204,#205,#206);
#204 = CARTESIAN_POINT('',(0.,0.,0.));
#205 = DIRECTION('',(0.,0.,1.));
#206 = DIRECTION('',(1.,0.,-0.));
#207 = AXIS2_PLACEMENT_3D('',#208,#209,#210);
#208 = CARTESIAN_POINT('',(0.,0.,0.));
#209 = DIRECTION('',(0.,0.,1.));
#210 = DIRECTION('',(1.,0.,-0.));
#211 = AXIS2_PLACEMENT_3D('',#212,#213,#214);
#212 = CARTESIAN_POINT('',(0.,0.,0.));
#213 = DIRECTION('',(0.,0.,1.));
#214 = DIRECTION('',(1.,0.,-0.));
#215 = AXIS2_PLACEMENT_3D('',#216,#217,#218);
#216 = CARTESIAN_POINT('',(0.,0.,0.));
#217 = DIRECTION('',(0.,0.,1.));
#218 = DIRECTION('',(1.,0.,-0.));
#219 = AXIS2_PLACEMENT_3D('',#220,#221,#222);
#220 = CARTESIAN_POINT('',(0.,0.,0.));
#221 = DIRECTION('',(0.,0.,1.));
#222 = DIRECTION('',(1.,0.,-0.));
#223 = AXIS2_PLACEMENT_3D('',#224,#225,#226);
#224 = CARTESIAN_POINT('',(0.,0.,0.));
#225 = DIRECTION('',(0.,0.,1.));
#226 = DIRECTION('',(1.,0.,-0.));
#227 = AXIS2_PLACEMENT_3D('',#228,#229,#230);
#228 = CARTESIAN_POINT('',(0.,0.,0.));
#229 = DIRECTION('',(0.,0.,1.));
#230 = DIRECTION('',(1.,0.,-0.));
#231 = AXIS2_PLACEMENT_3D('',#232,#233,#234);
#232 = CARTESIAN_POINT('',(0.,0.,0.));
#233 = DIRECTION('',(0.,0.,1.));
#234 = DIRECTION('',(1.,0.,-0.));
#235 = AXIS2_PLACEMENT_3D('',#236,#237,#238);
#236 = CARTESIAN_POINT('',(0.,0.,0.));
#237 = DIRECTION('',(0.,0.,1.));
#238 = DIRECTION('',(1.,0.,-0.));
#239 = AXIS2_PLACEMENT_3D('',#240,#241,#242);
#240 = CARTESIAN_POINT('',(0.,0.,0.));
#241 = DIRECTION('',(0.,0.,1.));
#242 = DIRECTION('',(1.,0.,-0.));
#243 = AXIS2_PLACEMENT_3D('',#244,#245,#246);
#244 = CARTESIAN_POINT('',(0.,0.,0.));
#245 = DIRECTION('',(0.,0.,1.));
#246 = DIRECTION('',(1.,0.,-0.));
#247 = AXIS2_PLACEMENT_3D('',#248,#249,#250);
#248 = CARTESIAN_POINT('',(0.,0.,0.));
#249 = DIRECTION('',(0.,0.,1.));
#250 = DIRECTION('',(1.,0.,-0.));
#251 = AXIS2_PLACEMENT_3D('',#252,#253,#254);
#252 = CARTESIAN_POINT('',(0.,0.,0.));
#253 = DIRECTION('',(0.,0.,1.));
#254 = DIRECTION('',(1.,0.,-0.));
#255 = AXIS2_PLACEMENT_3D('',#256,#257,#258);
#256 = CARTESIAN_POINT('',(0.,0.,0.));
#257 = DIRECTION('',(0.,0.,1.));
#258 = DIRECTION('',(1.,0.,-0.));
#259 = AXIS2_PLACEMENT_3D('',#260,#261,#262);
#260 = CARTESIAN_POINT('',(0.,0.,0.));
#261 = DIRECTION('',(0.,0.,1.));
#262 = DIRECTION('',(1.,0.,-0.));
#263 = AXIS2_PLACEMENT_3D('',#264,#265,#266);
#264 = CARTESIAN_POINT('',(0.,0.,0.));
#265 = DIRECTION('',(0.,0.,1.));
#266 = DIRECTION('',(1.,0.,-0.));
#267 = AXIS2_PLACEMENT_3D('',#268,#269,#270);
#268 = CARTESIAN_POINT('',(0.,0.,0.));
#269 = DIRECTION('',(0.,0.,1.));
#270 = DIRECTION('',(1.,0.,-0.));
#271 = AXIS2_PLACEMENT_3D('',#272,#273,#274);
#272 = CARTESIAN_POINT('',(0.,0.,0.));
#273 = DIRECTION('',(0.,0.,1.));
#274 = DIRECTION('',(1.,0.,-0.));
#275 = AXIS2_PLACEMENT_3D('',#276,#277,#278);
#276 = CARTESIAN_POINT('',(0.,0.,0.));
#277 = DIRECTION('',(0.,0.,1.));
#278 = DIRECTION('',(1.,0.,-0.));
#279 = AXIS2_PLACEMENT_3D('',#280,#281,#282);
#280 = CARTESIAN_POINT('',(0.,0.,0.));
#281 = DIRECTION('',(0.,0.,1.));
#282 = DIRECTION('',(1.,0.,-0.));
#283 = AXIS2_PLACEMENT_3D('',#284,#285,#286);
#284 = CARTESIAN_POINT('',(0.,0.,0.));
#285 = DIRECTION('',(0.,0.,1.));
#286 = DIRECTION('',(1.,0.,-0.));
#287 = AXIS2_PLACEMENT_3D('',#288,#289,#290);
#288 = CARTESIAN_POINT('',(0.,0.,0.));
#289 = DIRECTION('',(0.,0.,1.));
#290 = DIRECTION('',(1.,0.,-0.));
#291 = AXIS2_PLACEMENT_3D('',#292,#293,#294);
#292 = CARTESIAN_POINT('',(0.,0.,0.));
#293 = DIRECTION('',(0.,0.,1.));
#294 = DIRECTION('',(1.,0.,-0.));
#295 = AXIS2_PLACEMENT_3D('',#296,#297,#298);
#296 = CARTESIAN_POINT('',(0.,0.,0.));
#297 = DIRECTION('',(0.,0.,1.));
#298 = DIRECTION('',(1.,0.,-0.));
#299 = AXIS2_PLACEMENT_3D('',#300,#301,#302);
#300 = CARTESIAN_POINT('',(0.,0.,0.));
#301 = DIRECTION('',(0.,0.,1.));
#302 = DIRECTION('',(1.,0.,-0.));
#303 = AXIS2_PLACEMENT_3D('',#304,#305,#306);
#304 = CARTESIAN_POINT('',(0.,0.,0.));
#305 = DIRECTION('',(0.,0.,1.));
#306 = DIRECTION('',(1.,0.,-0.));
#307 = AXIS2_PLACEMENT_3D('',#308,#309,#310);
#308 = CARTESIAN_POINT('',(0.,0.,0.));
#309 = DIRECTION('',(0.,0.,1.));
#310 = DIRECTION('',(1.,0.,-0.));
#311 = AXIS2_PLACEMENT_3D('',#312,#313,#314);
#312 = CARTESIAN_POINT('',(0.,0.,0.));
#313 = DIRECTION('',(0.,0.,1.));
#314 = DIRECTION('',(1.,0.,-0.));
#315 = AXIS2_PLACEMENT_3D('',#316,#317,#318);
#316 = CARTESIAN_POINT('',(0.,0.,0.));
#317 = DIRECTION('',(0.,0.,1.));
#318 = DIRECTION('',(1.,0.,-0.));
#319 = AXIS2_PLACEMENT_3D('',#320,#321,#322);
#320 = CARTESIAN_POINT('',(0.,0.,0.));
#321 = DIRECTION('',(0.,0.,1.));
#322 = DIRECTION('',(1.,0.,-0.));
#323 = AXIS2_PLACEMENT_3D('',#324,#325,#326);
#324 = CARTESIAN_POINT('',(0.,0.,0.));
#325 = DIRECTION('',(0.,0.,1.));
#326 = DIRECTION('',(1.,0.,-0.));
#327 = AXIS2_PLACEMENT_3D('',#328,#329,#330);
#328 = CARTESIAN_POINT('',(0.,0.,0.));
#329 = DIRECTION('',(0.,0.,1.));
#330 = DIRECTION('',(1.,0.,-0.));
#331 = AXIS2_PLACEMENT_3D('',#332,#333,#334);
#332 = CARTESIAN_POINT('',(0.,0.,0.));
#333 = DIRECTION('',(0.,0.,1.));
#334 = DIRECTION('',(1.,0.,-0.));
#335 = AXIS2_PLACEMENT_3D('',#336,#337,#338);
#336 = CARTESIAN_POINT('',(0.,0.,0.));
#337 = DIRECTION('',(0.,0.,1.));
#338 = DIRECTION('',(1.,0.,-0.));
#339 = AXIS2_PLACEMENT_3D('',#340,#341,#342);
#340 = CARTESIAN_POINT('',(0.,0.,0.));
#341 = DIRECTION('',(0.,0.,1.));
#342 = DIRECTION('',(1.,0.,-0.));
#343 = AXIS2_PLACEMENT_3D('',#344,#345,#346);
#344 = CARTESIAN_POINT('',(0.,0.,0.));
#345 = DIRECTION('',(0.,0.,1.));
#346 = DIRECTION('',(1.,0.,-0.));
#347 = AXIS2_PLACEMENT_3D('',#348,#349,#350);
#348 = CARTESIAN_POINT('',(0.,0.,0.));
#349 = DIRECTION('',(0.,0.,1.));
#350 = DIRECTION('',(1.,0.,-0.));
#351 = ( GEOMETRIC_REPRESENTATION_CONTEXT(3) 
GLOBAL_UNCERTAINTY_ASSIGNED_CONTEXT((#355)) GLOBAL_UNIT_ASSIGNED_CONTEXT
((#352,#353,#354)) REPRESENTATION_CONTEXT('Context #1',
  '3D Context with UNIT and UNCERTAINTY') );
#352 = ( LENGTH_UNIT() NAMED_UNIT(*) SI_UNIT(.MILLI.,.METRE.) );
#353 = ( NAMED_UNIT(*) PLANE_ANGLE_UNIT() SI_UNIT($,.RADIAN.) );
#354 = ( NAMED_UNIT(*) SI_UNIT($,.STERADIAN.) SOLID_ANGLE_UNIT() );
#355 = UNCERTAINTY_MEASURE_WITH_UNIT(LENGTH_MEASURE(5.E-03),#352,
  'distance_accuracy_value','confusion accuracy');
#356 = PRODUCT_RELATED_PRODUCT_CATEGORY('part',$,(#7));
#357 = MANIFOLD_SURFACE_SHAPE_REPRESENTATION('',(#11,#358),#433);
#358 = SHELL_BASED_SURFACE_MODEL('',(#359));
#359 = OPEN_SHELL('',(#360));
#360 = ADVANCED_FACE('',(#361),#375,.T.);
#361 = FACE_BOUND('',#362,.T.);
#362 = EDGE_LOOP('',(#363,#388,#404,#419));
#363 = ORIENTED_EDGE('',*,*,#364,.F.);
#364 = EDGE_CURVE('',#365,#367,#369,.T.);
#365 = VERTEX_POINT('',#366);
#366 = CARTESIAN_POINT('',(0.353210604021,-1.981104332986,-12.));
#367 = VERTEX_POINT('',#368);
#368 = CARTESIAN_POINT('',(0.35321060384,-1.981104332775,-11.));
#369 = SURFACE_CURVE('',#370,(#374),.PCURVE_S1.);
#370 = LINE('',#371,#372);
#371 = CARTESIAN_POINT('',(0.353210604,-1.981104333,-12.));
#372 = VECTOR('',#373,1.);
#373 = DIRECTION('',(0.,0.,1.));
#374 = PCURVE('',#375,#383);
#375 = SURFACE_OF_REVOLUTION('',#376,#380);
#376 = LINE('',#377,#378);
#377 = CARTESIAN_POINT('',(0.25,-1.629648281,-11.));
#378 = VECTOR('',#379,1.);
#379 = DIRECTION('',(0.,0.,-1.));
#380 = AXIS1_PLACEMENT('',#381,#382);
#381 = CARTESIAN_POINT('',(0.9,-1.629648281,-11.));
#382 = DIRECTION('',(0.,0.,1.));
#383 = DEFINITIONAL_REPRESENTATION('',(#384),#387);
#384 = B_SPLINE_CURVE_WITH_KNOTS('',1,(#385,#386),.UNSPECIFIED.,.F.,.F.,
  (2,2),(0.,1.),.PIECEWISE_BEZIER_KNOTS.);
#385 = CARTESIAN_POINT('',(0.57127093918,1.));
#386 = CARTESIAN_POINT('',(0.57127093918,-1.268476299953E-16));
#387 = ( GEOMETRIC_REPRESENTATION_CONTEXT(2) 
PARAMETRIC_REPRESENTATION_CONTEXT() REPRESENTATION_CONTEXT('2D SPACE',''
  ) );
#388 = ORIENTED_EDGE('',*,*,#389,.F.);
#389 = EDGE_CURVE('',#390,#365,#392,.T.);
#390 = VERTEX_POINT('',#391);
#391 = CARTESIAN_POINT('',(0.25,-1.629648281,-12.));
#392 = SURFACE_CURVE('',#393,(#398),.PCURVE_S1.);
#393 = CIRCLE('',#394,0.65);
#394 = AXIS2_PLACEMENT_3D('',#395,#396,#397);
#395 = CARTESIAN_POINT('',(0.9,-1.629648281,-12.));
#396 = DIRECTION('',(0.,0.,1.));
#397 = DIRECTION('',(1.,0.,-0.));
#398 = PCURVE('',#375,#399);
#399 = DEFINITIONAL_REPRESENTATION('',(#400),#403);
#400 = B_SPLINE_CURVE_WITH_KNOTS('',1,(#401,#402),.UNSPECIFIED.,.F.,.F.,
  (2,2),(3.14159265359,3.712863593803),.PIECEWISE_BEZIER_KNOTS.);
#401 = CARTESIAN_POINT('',(1.795896764634E-10,1.));
#402 = CARTESIAN_POINT('',(0.57127093918,1.));
#403 = ( GEOMETRIC_REPRESENTATION_CONTEXT(2) 
PARAMETRIC_REPRESENTATION_CONTEXT() REPRESENTATION_CONTEXT('2D SPACE',''
  ) );
#404 = ORIENTED_EDGE('',*,*,#405,.F.);
#405 = EDGE_CURVE('',#406,#390,#408,.T.);
#406 = VERTEX_POINT('',#407);
#407 = CARTESIAN_POINT('',(0.249999999962,-1.629648281167,-11.));
#408 = SURFACE_CURVE('',#409,(#413),.PCURVE_S1.);
#409 = LINE('',#410,#411);
#410 = CARTESIAN_POINT('',(0.25,-1.629648281,-11.));
#411 = VECTOR('',#412,1.);
#412 = DIRECTION('',(0.,0.,-1.));
#413 = PCURVE('',#375,#414);
#414 = DEFINITIONAL_REPRESENTATION('',(#415),#418);
#415 = B_SPLINE_CURVE_WITH_KNOTS('',1,(#416,#417),.UNSPECIFIED.,.F.,.F.,
  (2,2),(0.,1.),.PIECEWISE_BEZIER_KNOTS.);
#416 = CARTESIAN_POINT('',(1.795896764634E-10,-3.987612989802E-26));
#417 = CARTESIAN_POINT('',(1.795896764634E-10,1.));
#418 = ( GEOMETRIC_REPRESENTATION_CONTEXT(2) 
PARAMETRIC_REPRESENTATION_CONTEXT() REPRESENTATION_CONTEXT('2D SPACE',''
  ) );
#419 = ORIENTED_EDGE('',*,*,#420,.F.);
#420 = EDGE_CURVE('',#367,#406,#421,.T.);
#421 = SURFACE_CURVE('',#422,(#427),.PCURVE_S1.);
#422 = CIRCLE('',#423,0.65);
#423 = AXIS2_PLACEMENT_3D('',#424,#425,#426);
#424 = CARTESIAN_POINT('',(0.899999999924,-1.629648281022,-11.));
#425 = DIRECTION('',(3.944304526105E-31,6.982962677686E-15,-1.));
#426 = DIRECTION('',(-0.84121445576,-0.540701617734,-3.775699216404E-15)
  );
#427 = PCURVE('',#375,#428);
#428 = DEFINITIONAL_REPRESENTATION('',(#429),#432);
#429 = B_SPLINE_CURVE_WITH_KNOTS('',1,(#430,#431),.UNSPECIFIED.,.F.,.F.,
  (2,2),(1.110223024625E-16,0.571270938919),.PIECEWISE_BEZIER_KNOTS.);
#430 = CARTESIAN_POINT('',(0.57127093918,-1.268476299953E-16));
#431 = CARTESIAN_POINT('',(1.795896764634E-10,-3.987612989802E-26));
#432 = ( GEOMETRIC_REPRESENTATION_CONTEXT(2) 
PARAMETRIC_REPRESENTATION_CONTEXT() REPRESENTATION_CONTEXT('2D SPACE',''
  ) );
#433 = ( GEOMETRIC_REPRESENTATION_CONTEXT(3) 
GLOBAL_UNCERTAINTY_ASSIGNED_CONTEXT((#437)) GLOBAL_UNIT_ASSIGNED_CONTEXT
((#434,#435,#436)) REPRESENTATION_CONTEXT('Context #1',
  '3D Context with UNIT and UNCERTAINTY') );
#434 = ( LENGTH_UNIT() NAMED_UNIT(*) SI_UNIT(.MILLI.,.METRE.) );
#435 = ( NAMED_UNIT(*) PLANE_ANGLE_UNIT() SI_UNIT($,.RADIAN.) );
#436 = ( NAMED_UNIT(*) SI_UNIT($,.STERADIAN.) SOLID_ANGLE_UNIT() );
#437 = UNCERTAINTY_MEASURE_WITH_UNIT(LENGTH_MEASURE(1.E-07),#434,
  'distance_accuracy_value','confusion accuracy');
#438 = SHAPE_DEFINITION_REPRESENTATION(#439,#357);
#439 = PRODUCT_DEFINITION_SHAPE('','',#440);
#440 = PRODUCT_DEFINITION('design','',#441,#444);
#441 = PRODUCT_DEFINITION_FORMATION('','',#442);
#442 = PRODUCT('eMachineShop.1',
  'eMachineShop.1','',(#443));
#443 = PRODUCT_CONTEXT('',#2,'mechanical');
#444 = PRODUCT_DEFINITION_CONTEXT('part definition',#2,'design');
#445 = CONTEXT_DEPENDENT_SHAPE_REPRESENTATION(#446,#448);
#446 = ( REPRESENTATION_RELATIONSHIP('','',#357,#10) 
REPRESENTATION_RELATIONSHIP_WITH_TRANSFORMATION(#447) 
SHAPE_REPRESENTATION_RELATIONSHIP() );
#447 = ITEM_DEFINED_TRANSFORMATION('','',#11,#15);
#448 = PRODUCT_DEFINITION_SHAPE('Placement','Placement of an item',#449
  );
#449 = NEXT_ASSEMBLY_USAGE_OCCURRENCE('1','','',#5,#440,$);
#450 = PRODUCT_RELATED_PRODUCT_CATEGORY('part',$,(#442));
#451 = MANIFOLD_SURFACE_SHAPE_REPRESENTATION('',(#11,#452),#527);
#452 = SHELL_BASED_SURFACE_MODEL('',(#453));
#453 = OPEN_SHELL('',(#454));
#454 = ADVANCED_FACE('',(#455),#470,.T.);
#455 = FACE_BOUND('',#456,.T.);
#456 = EDGE_LOOP('',(#457,#483,#498,#514));
#457 = ORIENTED_EDGE('',*,*,#458,.F.);
#458 = EDGE_CURVE('',#459,#461,#463,.T.);
#459 = VERTEX_POINT('',#460);
#460 = CARTESIAN_POINT('',(0.55,-1.629648281,-11.));
#461 = VERTEX_POINT('',#462);
#462 = CARTESIAN_POINT('',(0.625500305836,-1.41250796287,-11.));
#463 = SURFACE_CURVE('',#464,(#469),.PCURVE_S1.);
#464 = CIRCLE('',#465,0.35);
#465 = AXIS2_PLACEMENT_3D('',#466,#467,#468);
#466 = CARTESIAN_POINT('',(0.9,-1.629648281,-11.));
#467 = DIRECTION('',(4.332236391274E-15,5.476631775835E-15,-1.));
#468 = DIRECTION('',(-1.,-1.665334536937E-16,-4.332236391274E-15));
#469 = PCURVE('',#470,#478);
#470 = SURFACE_OF_REVOLUTION('',#471,#475);
#471 = LINE('',#472,#473);
#472 = CARTESIAN_POINT('',(0.55,-1.629648281,-11.));
#473 = VECTOR('',#474,1.);
#474 = DIRECTION('',(0.,0.,-1.));
#475 = AXIS1_PLACEMENT('',#476,#477);
#476 = CARTESIAN_POINT('',(0.9,-1.629648281,-11.));
#477 = DIRECTION('',(0.,0.,1.));
#478 = DEFINITIONAL_REPRESENTATION('',(#479),#482);
#479 = B_SPLINE_CURVE_WITH_KNOTS('',1,(#480,#481),.UNSPECIFIED.,.F.,.F.,
  (2,2),(1.665334536937E-16,0.669253778115),.PIECEWISE_BEZIER_KNOTS.);
#480 = CARTESIAN_POINT('',(6.28318530718,-1.395147399203E-15));
#481 = CARTESIAN_POINT('',(5.61393153018,-1.246543208695E-15));
#482 = ( GEOMETRIC_REPRESENTATION_CONTEXT(2) 
PARAMETRIC_REPRESENTATION_CONTEXT() REPRESENTATION_CONTEXT('2D SPACE',''
  ) );
#483 = ORIENTED_EDGE('',*,*,#484,.F.);
#484 = EDGE_CURVE('',#485,#459,#487,.T.);
#485 = VERTEX_POINT('',#486);
#486 = CARTESIAN_POINT('',(0.550000000209,-1.629648281,-12.));
#487 = SURFACE_CURVE('',#488,(#492),.PCURVE_S1.);
#488 = LINE('',#489,#490);
#489 = CARTESIAN_POINT('',(0.55,-1.629648281,-12.));
#490 = VECTOR('',#491,1.);
#491 = DIRECTION('',(0.,0.,1.));
#492 = PCURVE('',#470,#493);
#493 = DEFINITIONAL_REPRESENTATION('',(#494),#497);
#494 = B_SPLINE_CURVE_WITH_KNOTS('',1,(#495,#496),.UNSPECIFIED.,.F.,.F.,
  (2,2),(0.,1.),.PIECEWISE_BEZIER_KNOTS.);
#495 = CARTESIAN_POINT('',(6.28318530718,1.));
#496 = CARTESIAN_POINT('',(6.28318530718,-1.395147399203E-15));
#497 = ( GEOMETRIC_REPRESENTATION_CONTEXT(2) 
PARAMETRIC_REPRESENTATION_CONTEXT() REPRESENTATION_CONTEXT('2D SPACE',''
  ) );
#498 = ORIENTED_EDGE('',*,*,#499,.F.);
#499 = EDGE_CURVE('',#500,#485,#502,.T.);
#500 = VERTEX_POINT('',#501);
#501 = CARTESIAN_POINT('',(0.625500306,-1.412507963,-12.));
#502 = SURFACE_CURVE('',#503,(#508),.PCURVE_S1.);
#503 = CIRCLE('',#504,0.349999999582);
#504 = AXIS2_PLACEMENT_3D('',#505,#506,#507);
#505 = CARTESIAN_POINT('',(0.9,-1.629648281,-12.));
#506 = DIRECTION('',(0.,0.,1.));
#507 = DIRECTION('',(1.,0.,-0.));
#508 = PCURVE('',#470,#509);
#509 = DEFINITIONAL_REPRESENTATION('',(#510),#513);
#510 = B_SPLINE_CURVE_WITH_KNOTS('',1,(#511,#512),.UNSPECIFIED.,.F.,.F.,
  (2,2),(2.472338875475,3.14159265359),.PIECEWISE_BEZIER_KNOTS.);
#511 = CARTESIAN_POINT('',(5.61393153018,1.));
#512 = CARTESIAN_POINT('',(6.28318530718,1.));
#513 = ( GEOMETRIC_REPRESENTATION_CONTEXT(2) 
PARAMETRIC_REPRESENTATION_CONTEXT() REPRESENTATION_CONTEXT('2D SPACE',''
  ) );
#514 = ORIENTED_EDGE('',*,*,#515,.F.);
#515 = EDGE_CURVE('',#461,#500,#516,.T.);
#516 = SURFACE_CURVE('',#517,(#521),.PCURVE_S1.);
#517 = LINE('',#518,#519);
#518 = CARTESIAN_POINT('',(0.625500306,-1.412507963,-11.));
#519 = VECTOR('',#520,1.);
#520 = DIRECTION('',(0.,0.,-1.));
#521 = PCURVE('',#470,#522);
#522 = DEFINITIONAL_REPRESENTATION('',(#523),#526);
#523 = B_SPLINE_CURVE_WITH_KNOTS('',1,(#524,#525),.UNSPECIFIED.,.F.,.F.,
  (2,2),(0.,1.),.PIECEWISE_BEZIER_KNOTS.);
#524 = CARTESIAN_POINT('',(5.61393153018,-1.246543208695E-15));
#525 = CARTESIAN_POINT('',(5.61393153018,1.));
#526 = ( GEOMETRIC_REPRESENTATION_CONTEXT(2) 
PARAMETRIC_REPRESENTATION_CONTEXT() REPRESENTATION_CONTEXT('2D SPACE',''
  ) );
#527 = ( GEOMETRIC_REPRESENTATION_CONTEXT(3) 
GLOBAL_UNCERTAINTY_ASSIGNED_CONTEXT((#531)) GLOBAL_UNIT_ASSIGNED_CONTEXT
((#528,#529,#530)) REPRESENTATION_CONTEXT('Context #1',
  '3D Context with UNIT and UNCERTAINTY') );
#528 = ( LENGTH_UNIT() NAMED_UNIT(*) SI_UNIT(.MILLI.,.METRE.) );
#529 = ( NAMED_UNIT(*) PLANE_ANGLE_UNIT() SI_UNIT($,.RADIAN.) );
#530 = ( NAMED_UNIT(*) SI_UNIT($,.STERADIAN.) SOLID_ANGLE_UNIT() );
#531 = UNCERTAINTY_MEASURE_WITH_UNIT(LENGTH_MEASURE(1.E-07),#528,
  'distance_accuracy_value','confusion accuracy');
#532 = SHAPE_DEFINITION_REPRESENTATION(#533,#451);
#533 = PRODUCT_DEFINITION_SHAPE('','',#534);
#534 = PRODUCT_DEFINITION('design','',#535,#538);
#535 = PRODUCT_DEFINITION_FORMATION('','',#536);
#536 = PRODUCT('eMachineShop.2',
  'eMachineShop.2','',(#537));
#537 = PRODUCT_CONTEXT('',#2,'mechanical');
#538 = PRODUCT_DEFINITION_CONTEXT('part definition',#2,'design');
#539 = CONTEXT_DEPENDENT_SHAPE_REPRESENTATION(#540,#542);
#540 = ( REPRESENTATION_RELATIONSHIP('','',#451,#10) 
REPRESENTATION_RELATIONSHIP_WITH_TRANSFORMATION(#541) 
SHAPE_REPRESENTATION_RELATIONSHIP() );
#541 = ITEM_DEFINED_TRANSFORMATION('','',#11,#19);
#542 = PRODUCT_DEFINITION_SHAPE('Placement','Placement of an item',#543
  );
#543 = NEXT_ASSEMBLY_USAGE_OCCURRENCE('2','','',#5,#534,$);
#544 = PRODUCT_RELATED_PRODUCT_CATEGORY('part',$,(#536));
#545 = MANIFOLD_SURFACE_SHAPE_REPRESENTATION('',(#11,#546),#621);
#546 = SHELL_BASED_SURFACE_MODEL('',(#547));
#547 = OPEN_SHELL('',(#548));
#548 = ADVANCED_FACE('',(#549),#563,.T.);
#549 = FACE_BOUND('',#550,.T.);
#550 = EDGE_LOOP('',(#551,#576,#592,#607));
#551 = ORIENTED_EDGE('',*,*,#552,.F.);
#552 = EDGE_CURVE('',#553,#555,#557,.T.);
#553 = VERTEX_POINT('',#554);
#554 = CARTESIAN_POINT('',(3.6,1.224646799147E-17,-9.2));
#555 = VERTEX_POINT('',#556);
#556 = CARTESIAN_POINT('',(3.6,-0.6,-9.2));
#557 = SURFACE_CURVE('',#558,(#562),.PCURVE_S1.);
#558 = LINE('',#559,#560);
#559 = CARTESIAN_POINT('',(3.6,0.,-9.2));
#560 = VECTOR('',#561,1.);
#561 = DIRECTION('',(0.,-1.,0.));
#562 = PCURVE('',#563,#571);
#563 = SURFACE_OF_REVOLUTION('',#564,#568);
#564 = LINE('',#565,#566);
#565 = CARTESIAN_POINT('',(3.6,-0.6,-9.2));
#566 = VECTOR('',#567,1.);
#567 = DIRECTION('',(0.,1.,0.));
#568 = AXIS1_PLACEMENT('',#569,#570);
#569 = CARTESIAN_POINT('',(3.6,-1.,-9.6));
#570 = DIRECTION('',(0.,-1.,0.));
#571 = DEFINITIONAL_REPRESENTATION('',(#572),#575);
#572 = B_SPLINE_CURVE_WITH_KNOTS('',1,(#573,#574),.UNSPECIFIED.,.F.,.F.,
  (2,2),(0.,0.6),.PIECEWISE_BEZIER_KNOTS.);
#573 = CARTESIAN_POINT('',(6.28318530718,0.6));
#574 = CARTESIAN_POINT('',(6.28318530718,-8.370884395221E-16));
#575 = ( GEOMETRIC_REPRESENTATION_CONTEXT(2) 
PARAMETRIC_REPRESENTATION_CONTEXT() REPRESENTATION_CONTEXT('2D SPACE',''
  ) );
#576 = ORIENTED_EDGE('',*,*,#577,.F.);
#577 = EDGE_CURVE('',#578,#553,#580,.T.);
#578 = VERTEX_POINT('',#579);
#579 = CARTESIAN_POINT('',(3.6,-1.224646799147E-17,-10.));
#580 = SURFACE_CURVE('',#581,(#586),.PCURVE_S1.);
#581 = CIRCLE('',#582,0.4);
#582 = AXIS2_PLACEMENT_3D('',#583,#584,#585);
#583 = CARTESIAN_POINT('',(3.6,0.,-9.6));
#584 = DIRECTION('',(0.,-1.,6.123233995737E-17));
#585 = DIRECTION('',(1.402715769533E-14,-6.123233995737E-17,-1.));
#586 = PCURVE('',#563,#587);
#587 = DEFINITIONAL_REPRESENTATION('',(#588),#591);
#588 = B_SPLINE_CURVE_WITH_KNOTS('',1,(#589,#590),.UNSPECIFIED.,.F.,.F.,
  (2,2),(-8.881784197001E-16,3.14159265359),.PIECEWISE_BEZIER_KNOTS.);
#589 = CARTESIAN_POINT('',(3.14159265318,0.6));
#590 = CARTESIAN_POINT('',(6.28318530718,0.6));
#591 = ( GEOMETRIC_REPRESENTATION_CONTEXT(2) 
PARAMETRIC_REPRESENTATION_CONTEXT() REPRESENTATION_CONTEXT('2D SPACE',''
  ) );
#592 = ORIENTED_EDGE('',*,*,#593,.F.);
#593 = EDGE_CURVE('',#594,#578,#596,.T.);
#594 = VERTEX_POINT('',#595);
#595 = CARTESIAN_POINT('',(3.6,-0.6,-10.));
#596 = SURFACE_CURVE('',#597,(#601),.PCURVE_S1.);
#597 = LINE('',#598,#599);
#598 = CARTESIAN_POINT('',(3.6,-0.6,-10.));
#599 = VECTOR('',#600,1.);
#600 = DIRECTION('',(0.,1.,0.));
#601 = PCURVE('',#563,#602);
#602 = DEFINITIONAL_REPRESENTATION('',(#603),#606);
#603 = B_SPLINE_CURVE_WITH_KNOTS('',1,(#604,#605),.UNSPECIFIED.,.F.,.F.,
  (2,2),(0.,0.6),.PIECEWISE_BEZIER_KNOTS.);
#604 = CARTESIAN_POINT('',(3.14159265318,-4.185442197064E-16));
#605 = CARTESIAN_POINT('',(3.14159265318,0.6));
#606 = ( GEOMETRIC_REPRESENTATION_CONTEXT(2) 
PARAMETRIC_REPRESENTATION_CONTEXT() REPRESENTATION_CONTEXT('2D SPACE',''
  ) );
#607 = ORIENTED_EDGE('',*,*,#608,.F.);
#608 = EDGE_CURVE('',#555,#594,#609,.T.);
#609 = SURFACE_CURVE('',#610,(#615),.PCURVE_S1.);
#610 = CIRCLE('',#611,0.4);
#611 = AXIS2_PLACEMENT_3D('',#612,#613,#614);
#612 = CARTESIAN_POINT('',(3.6,-0.6,-9.6));
#613 = DIRECTION('',(0.,1.,6.123233995737E-17));
#614 = DIRECTION('',(1.402715769533E-14,-6.123233995737E-17,1.));
#615 = PCURVE('',#563,#616);
#616 = DEFINITIONAL_REPRESENTATION('',(#617),#620);
#617 = B_SPLINE_CURVE_WITH_KNOTS('',1,(#618,#619),.UNSPECIFIED.,.F.,.F.,
  (2,2),(4.057416247972E-16,3.14159265359),.PIECEWISE_BEZIER_KNOTS.);
#618 = CARTESIAN_POINT('',(6.28318530718,-8.370884395221E-16));
#619 = CARTESIAN_POINT('',(3.14159265318,-4.185442197064E-16));
#620 = ( GEOMETRIC_REPRESENTATION_CONTEXT(2) 
PARAMETRIC_REPRESENTATION_CONTEXT() REPRESENTATION_CONTEXT('2D SPACE',''
  ) );
#621 = ( GEOMETRIC_REPRESENTATION_CONTEXT(3) 
GLOBAL_UNCERTAINTY_ASSIGNED_CONTEXT((#625)) GLOBAL_UNIT_ASSIGNED_CONTEXT
((#622,#623,#624)) REPRESENTATION_CONTEXT('Context #1',
  '3D Context with UNIT and UNCERTAINTY') );
#622 = ( LENGTH_UNIT() NAMED_UNIT(*) SI_UNIT(.MILLI.,.METRE.) );
#623 = ( NAMED_UNIT(*) PLANE_ANGLE_UNIT() SI_UNIT($,.RADIAN.) );
#624 = ( NAMED_UNIT(*) SI_UNIT($,.STERADIAN.) SOLID_ANGLE_UNIT() );
#625 = UNCERTAINTY_MEASURE_WITH_UNIT(LENGTH_MEASURE(1.E-07),#622,
  'distance_accuracy_value','confusion accuracy');
#626 = SHAPE_DEFINITION_REPRESENTATION(#627,#545);
#627 = PRODUCT_DEFINITION_SHAPE('','',#628);
#628 = PRODUCT_DEFINITION('design','',#629,#632);
#629 = PRODUCT_DEFINITION_FORMATION('','',#630);
#630 = PRODUCT('eMachineShop.3',
  'eMachineShop.3','',(#631));
#631 = PRODUCT_CONTEXT('',#2,'mechanical');
#632 = PRODUCT_DEFINITION_CONTEXT('part definition',#2,'design');
#633 = CONTEXT_DEPENDENT_SHAPE_REPRESENTATION(#634,#636);
#634 = ( REPRESENTATION_RELATIONSHIP('','',#545,#10) 
REPRESENTATION_RELATIONSHIP_WITH_TRANSFORMATION(#635) 
SHAPE_REPRESENTATION_RELATIONSHIP() );
#635 = ITEM_DEFINED_TRANSFORMATION('','',#11,#23);
#636 = PRODUCT_DEFINITION_SHAPE('Placement','Placement of an item',#637
  );
#637 = NEXT_ASSEMBLY_USAGE_OCCURRENCE('3','','',#5,#628,$);
#638 = PRODUCT_RELATED_PRODUCT_CATEGORY('part',$,(#630));
#639 = MANIFOLD_SURFACE_SHAPE_REPRESENTATION('',(#11,#640),#715);
#640 = SHELL_BASED_SURFACE_MODEL('',(#641));
#641 = OPEN_SHELL('',(#642));
#642 = ADVANCED_FACE('',(#643),#657,.T.);
#643 = FACE_BOUND('',#644,.T.);
#644 = EDGE_LOOP('',(#645,#670,#686,#701));
#645 = ORIENTED_EDGE('',*,*,#646,.F.);
#646 = EDGE_CURVE('',#647,#649,#651,.T.);
#647 = VERTEX_POINT('',#648);
#648 = CARTESIAN_POINT('',(3.6,1.224646799147E-17,-1.7));
#649 = VERTEX_POINT('',#650);
#650 = CARTESIAN_POINT('',(3.6,-0.6,-1.7));
#651 = SURFACE_CURVE('',#652,(#656),.PCURVE_S1.);
#652 = LINE('',#653,#654);
#653 = CARTESIAN_POINT('',(3.6,0.,-1.7));
#654 = VECTOR('',#655,1.);
#655 = DIRECTION('',(0.,-1.,0.));
#656 = PCURVE('',#657,#665);
#657 = SURFACE_OF_REVOLUTION('',#658,#662);
#658 = LINE('',#659,#660);
#659 = CARTESIAN_POINT('',(3.6,-0.6,-1.7));
#660 = VECTOR('',#661,1.);
#661 = DIRECTION('',(0.,1.,0.));
#662 = AXIS1_PLACEMENT('',#663,#664);
#663 = CARTESIAN_POINT('',(3.6,-1.,-2.1));
#664 = DIRECTION('',(0.,-1.,0.));
#665 = DEFINITIONAL_REPRESENTATION('',(#666),#669);
#666 = B_SPLINE_CURVE_WITH_KNOTS('',1,(#667,#668),.UNSPECIFIED.,.F.,.F.,
  (2,2),(0.,0.6),.PIECEWISE_BEZIER_KNOTS.);
#667 = CARTESIAN_POINT('',(6.28318530718,0.6));
#668 = CARTESIAN_POINT('',(6.28318530718,-8.370884395221E-16));
#669 = ( GEOMETRIC_REPRESENTATION_CONTEXT(2) 
PARAMETRIC_REPRESENTATION_CONTEXT() REPRESENTATION_CONTEXT('2D SPACE',''
  ) );
#670 = ORIENTED_EDGE('',*,*,#671,.F.);
#671 = EDGE_CURVE('',#672,#647,#674,.T.);
#672 = VERTEX_POINT('',#673);
#673 = CARTESIAN_POINT('',(3.6,-1.224646799147E-17,-2.5));
#674 = SURFACE_CURVE('',#675,(#680),.PCURVE_S1.);
#675 = CIRCLE('',#676,0.4);
#676 = AXIS2_PLACEMENT_3D('',#677,#678,#679);
#677 = CARTESIAN_POINT('',(3.6,0.,-2.1));
#678 = DIRECTION('',(0.,-1.,6.123233995737E-17));
#679 = DIRECTION('',(1.402715769533E-14,-6.123233995737E-17,-1.));
#680 = PCURVE('',#657,#681);
#681 = DEFINITIONAL_REPRESENTATION('',(#682),#685);
#682 = B_SPLINE_CURVE_WITH_KNOTS('',1,(#683,#684),.UNSPECIFIED.,.F.,.F.,
  (2,2),(-8.881784197001E-16,3.14159265359),.PIECEWISE_BEZIER_KNOTS.);
#683 = CARTESIAN_POINT('',(3.14159265318,0.6));
#684 = CARTESIAN_POINT('',(6.28318530718,0.6));
#685 = ( GEOMETRIC_REPRESENTATION_CONTEXT(2) 
PARAMETRIC_REPRESENTATION_CONTEXT() REPRESENTATION_CONTEXT('2D SPACE',''
  ) );
#686 = ORIENTED_EDGE('',*,*,#687,.F.);
#687 = EDGE_CURVE('',#688,#672,#690,.T.);
#688 = VERTEX_POINT('',#689);
#689 = CARTESIAN_POINT('',(3.6,-0.6,-2.5));
#690 = SURFACE_CURVE('',#691,(#695),.PCURVE_S1.);
#691 = LINE('',#692,#693);
#692 = CARTESIAN_POINT('',(3.6,-0.6,-2.5));
#693 = VECTOR('',#694,1.);
#694 = DIRECTION('',(0.,1.,0.));
#695 = PCURVE('',#657,#696);
#696 = DEFINITIONAL_REPRESENTATION('',(#697),#700);
#697 = B_SPLINE_CURVE_WITH_KNOTS('',1,(#698,#699),.UNSPECIFIED.,.F.,.F.,
  (2,2),(0.,0.6),.PIECEWISE_BEZIER_KNOTS.);
#698 = CARTESIAN_POINT('',(3.14159265318,-4.185442197064E-16));
#699 = CARTESIAN_POINT('',(3.14159265318,0.6));
#700 = ( GEOMETRIC_REPRESENTATION_CONTEXT(2) 
PARAMETRIC_REPRESENTATION_CONTEXT() REPRESENTATION_CONTEXT('2D SPACE',''
  ) );
#701 = ORIENTED_EDGE('',*,*,#702,.F.);
#702 = EDGE_CURVE('',#649,#688,#703,.T.);
#703 = SURFACE_CURVE('',#704,(#709),.PCURVE_S1.);
#704 = CIRCLE('',#705,0.4);
#705 = AXIS2_PLACEMENT_3D('',#706,#707,#708);
#706 = CARTESIAN_POINT('',(3.6,-0.6,-2.1));
#707 = DIRECTION('',(0.,1.,6.123233995737E-17));
#708 = DIRECTION('',(1.402715769533E-14,-6.123233995737E-17,1.));
#709 = PCURVE('',#657,#710);
#710 = DEFINITIONAL_REPRESENTATION('',(#711),#714);
#711 = B_SPLINE_CURVE_WITH_KNOTS('',1,(#712,#713),.UNSPECIFIED.,.F.,.F.,
  (2,2),(4.057416247972E-16,3.14159265359),.PIECEWISE_BEZIER_KNOTS.);
#712 = CARTESIAN_POINT('',(6.28318530718,-8.370884395221E-16));
#713 = CARTESIAN_POINT('',(3.14159265318,-4.185442197064E-16));
#714 = ( GEOMETRIC_REPRESENTATION_CONTEXT(2) 
PARAMETRIC_REPRESENTATION_CONTEXT() REPRESENTATION_CONTEXT('2D SPACE',''
  ) );
#715 = ( GEOMETRIC_REPRESENTATION_CONTEXT(3) 
GLOBAL_UNCERTAINTY_ASSIGNED_CONTEXT((#719)) GLOBAL_UNIT_ASSIGNED_CONTEXT
((#716,#717,#718)) REPRESENTATION_CONTEXT('Context #1',
  '3D Context with UNIT and UNCERTAINTY') );
#716 = ( LENGTH_UNIT() NAMED_UNIT(*) SI_UNIT(.MILLI.,.METRE.) );
#717 = ( NAMED_UNIT(*) PLANE_ANGLE_UNIT() SI_UNIT($,.RADIAN.) );
#718 = ( NAMED_UNIT(*) SI_UNIT($,.STERADIAN.) SOLID_ANGLE_UNIT() );
#719 = UNCERTAINTY_MEASURE_WITH_UNIT(LENGTH_MEASURE(1.E-07),#716,
  'distance_accuracy_value','confusion accuracy');
#720 = SHAPE_DEFINITION_REPRESENTATION(#721,#639);
#721 = PRODUCT_DEFINITION_SHAPE('','',#722);
#722 = PRODUCT_DEFINITION('design','',#723,#726);
#723 = PRODUCT_DEFINITION_FORMATION('','',#724);
#724 = PRODUCT('eMachineShop.4',
  'eMachineShop.4','',(#725));
#725 = PRODUCT_CONTEXT('',#2,'mechanical');
#726 = PRODUCT_DEFINITION_CONTEXT('part definition',#2,'design');
#727 = CONTEXT_DEPENDENT_SHAPE_REPRESENTATION(#728,#730);
#728 = ( REPRESENTATION_RELATIONSHIP('','',#639,#10) 
REPRESENTATION_RELATIONSHIP_WITH_TRANSFORMATION(#729) 
SHAPE_REPRESENTATION_RELATIONSHIP() );
#729 = ITEM_DEFINED_TRANSFORMATION('','',#11,#27);
#730 = PRODUCT_DEFINITION_SHAPE('Placement','Placement of an item',#731
  );
#731 = NEXT_ASSEMBLY_USAGE_OCCURRENCE('4','','',#5,#722,$);
#732 = PRODUCT_RELATED_PRODUCT_CATEGORY('part',$,(#724));
#733 = MANIFOLD_SURFACE_SHAPE_REPRESENTATION('',(#11,#734),#809);
#734 = SHELL_BASED_SURFACE_MODEL('',(#735));
#735 = OPEN_SHELL('',(#736));
#736 = ADVANCED_FACE('',(#737),#752,.T.);
#737 = FACE_BOUND('',#738,.T.);
#738 = EDGE_LOOP('',(#739,#765,#780,#796));
#739 = ORIENTED_EDGE('',*,*,#740,.F.);
#740 = EDGE_CURVE('',#741,#743,#745,.T.);
#741 = VERTEX_POINT('',#742);
#742 = CARTESIAN_POINT('',(1.8,2.9,1.3));
#743 = VERTEX_POINT('',#744);
#744 = CARTESIAN_POINT('',(5.4,2.9,1.3));
#745 = SURFACE_CURVE('',#746,(#751),.PCURVE_S1.);
#746 = CIRCLE('',#747,1.8);
#747 = AXIS2_PLACEMENT_3D('',#748,#749,#750);
#748 = CARTESIAN_POINT('',(3.6,2.9,1.3));
#749 = DIRECTION('',(0.,0.,1.));
#750 = DIRECTION('',(1.,0.,-0.));
#751 = PCURVE('',#752,#760);
#752 = SURFACE_OF_REVOLUTION('',#753,#757);
#753 = LINE('',#754,#755);
#754 = CARTESIAN_POINT('',(5.4,2.9,1.3));
#755 = VECTOR('',#756,1.);
#756 = DIRECTION('',(0.707106781187,2.512147933894E-15,0.707106781187));
#757 = AXIS1_PLACEMENT('',#758,#759);
#758 = CARTESIAN_POINT('',(3.6,2.9,-998.7));
#759 = DIRECTION('',(0.,0.,-1.));
#760 = DEFINITIONAL_REPRESENTATION('',(#761),#764);
#761 = B_SPLINE_CURVE_WITH_KNOTS('',1,(#762,#763),.UNSPECIFIED.,.F.,.F.,
  (2,2),(3.14159265359,6.28318530718),.PIECEWISE_BEZIER_KNOTS.);
#762 = CARTESIAN_POINT('',(3.14159265318,-5.919109119616E-16));
#763 = CARTESIAN_POINT('',(1.795903156092E-10,-3.383601916197E-26));
#764 = ( GEOMETRIC_REPRESENTATION_CONTEXT(2) 
PARAMETRIC_REPRESENTATION_CONTEXT() REPRESENTATION_CONTEXT('2D SPACE',''
  ) );
#765 = ORIENTED_EDGE('',*,*,#766,.F.);
#766 = EDGE_CURVE('',#767,#741,#769,.T.);
#767 = VERTEX_POINT('',#768);
#768 = CARTESIAN_POINT('',(1.2,2.9,1.9));
#769 = SURFACE_CURVE('',#770,(#774),.PCURVE_S1.);
#770 = LINE('',#771,#772);
#771 = CARTESIAN_POINT('',(1.2,2.9,1.9));
#772 = VECTOR('',#773,1.);
#773 = DIRECTION('',(0.707106781187,0.,-0.707106781187));
#774 = PCURVE('',#752,#775);
#775 = DEFINITIONAL_REPRESENTATION('',(#776),#779);
#776 = B_SPLINE_CURVE_WITH_KNOTS('',1,(#777,#778),.UNSPECIFIED.,.F.,.F.,
  (2,2),(0.,0.848528137424),.PIECEWISE_BEZIER_KNOTS.);
#777 = CARTESIAN_POINT('',(3.14159265318,0.848528137424));
#778 = CARTESIAN_POINT('',(3.14159265318,-5.919109119616E-16));
#779 = ( GEOMETRIC_REPRESENTATION_CONTEXT(2) 
PARAMETRIC_REPRESENTATION_CONTEXT() REPRESENTATION_CONTEXT('2D SPACE',''
  ) );
#780 = ORIENTED_EDGE('',*,*,#781,.F.);
#781 = EDGE_CURVE('',#782,#767,#784,.T.);
#782 = VERTEX_POINT('',#783);
#783 = CARTESIAN_POINT('',(6.,2.9,1.9));
#784 = SURFACE_CURVE('',#785,(#790),.PCURVE_S1.);
#785 = CIRCLE('',#786,2.4);
#786 = AXIS2_PLACEMENT_3D('',#787,#788,#789);
#787 = CARTESIAN_POINT('',(3.6,2.9,1.9));
#788 = DIRECTION('',(1.261823884255E-30,6.982962677686E-15,-1.));
#789 = DIRECTION('',(1.,-7.466828081763E-15,-5.087875793139E-29));
#790 = PCURVE('',#752,#791);
#791 = DEFINITIONAL_REPRESENTATION('',(#792),#795);
#792 = B_SPLINE_CURVE_WITH_KNOTS('',1,(#793,#794),.UNSPECIFIED.,.F.,.F.,
  (2,2),(0.,3.14159265359),.PIECEWISE_BEZIER_KNOTS.);
#793 = CARTESIAN_POINT('',(1.795903156092E-10,0.848528137424));
#794 = CARTESIAN_POINT('',(3.14159265318,0.848528137424));
#795 = ( GEOMETRIC_REPRESENTATION_CONTEXT(2) 
PARAMETRIC_REPRESENTATION_CONTEXT() REPRESENTATION_CONTEXT('2D SPACE',''
  ) );
#796 = ORIENTED_EDGE('',*,*,#797,.F.);
#797 = EDGE_CURVE('',#743,#782,#798,.T.);
#798 = SURFACE_CURVE('',#799,(#803),.PCURVE_S1.);
#799 = LINE('',#800,#801);
#800 = CARTESIAN_POINT('',(5.4,2.9,1.3));
#801 = VECTOR('',#802,1.);
#802 = DIRECTION('',(0.707106781187,0.,0.707106781187));
#803 = PCURVE('',#752,#804);
#804 = DEFINITIONAL_REPRESENTATION('',(#805),#808);
#805 = B_SPLINE_CURVE_WITH_KNOTS('',1,(#806,#807),.UNSPECIFIED.,.F.,.F.,
  (2,2),(0.,0.848528137424),.PIECEWISE_BEZIER_KNOTS.);
#806 = CARTESIAN_POINT('',(1.795903156092E-10,-3.383601916197E-26));
#807 = CARTESIAN_POINT('',(1.795903156092E-10,0.848528137424));
#808 = ( GEOMETRIC_REPRESENTATION_CONTEXT(2) 
PARAMETRIC_REPRESENTATION_CONTEXT() REPRESENTATION_CONTEXT('2D SPACE',''
  ) );
#809 = ( GEOMETRIC_REPRESENTATION_CONTEXT(3) 
GLOBAL_UNCERTAINTY_ASSIGNED_CONTEXT((#813)) GLOBAL_UNIT_ASSIGNED_CONTEXT
((#810,#811,#812)) REPRESENTATION_CONTEXT('Context #1',
  '3D Context with UNIT and UNCERTAINTY') );
#810 = ( LENGTH_UNIT() NAMED_UNIT(*) SI_UNIT(.MILLI.,.METRE.) );
#811 = ( NAMED_UNIT(*) PLANE_ANGLE_UNIT() SI_UNIT($,.RADIAN.) );
#812 = ( NAMED_UNIT(*) SI_UNIT($,.STERADIAN.) SOLID_ANGLE_UNIT() );
#813 = UNCERTAINTY_MEASURE_WITH_UNIT(LENGTH_MEASURE(1.E-07),#810,
  'distance_accuracy_value','confusion accuracy');
#814 = SHAPE_DEFINITION_REPRESENTATION(#815,#733);
#815 = PRODUCT_DEFINITION_SHAPE('','',#816);
#816 = PRODUCT_DEFINITION('design','',#817,#820);
#817 = PRODUCT_DEFINITION_FORMATION('','',#818);
#818 = PRODUCT('eMachineShop.5',
  'eMachineShop.5','',(#819));
#819 = PRODUCT_CONTEXT('',#2,'mechanical');
#820 = PRODUCT_DEFINITION_CONTEXT('part definition',#2,'design');
#821 = CONTEXT_DEPENDENT_SHAPE_REPRESENTATION(#822,#824);
#822 = ( REPRESENTATION_RELATIONSHIP('','',#733,#10) 
REPRESENTATION_RELATIONSHIP_WITH_TRANSFORMATION(#823) 
SHAPE_REPRESENTATION_RELATIONSHIP() );
#823 = ITEM_DEFINED_TRANSFORMATION('','',#11,#31);
#824 = PRODUCT_DEFINITION_SHAPE('Placement','Placement of an item',#825
  );
#825 = NEXT_ASSEMBLY_USAGE_OCCURRENCE('5','','',#5,#816,$);
#826 = PRODUCT_RELATED_PRODUCT_CATEGORY('part',$,(#818));
#827 = MANIFOLD_SURFACE_SHAPE_REPRESENTATION('',(#11,#828),#914);
#828 = SHELL_BASED_SURFACE_MODEL('',(#829));
#829 = OPEN_SHELL('',(#830));
#830 = ADVANCED_FACE('',(#831),#846,.T.);
#831 = FACE_BOUND('',#832,.T.);
#832 = EDGE_LOOP('',(#833,#868,#884,#900));
#833 = ORIENTED_EDGE('',*,*,#834,.T.);
#834 = EDGE_CURVE('',#835,#837,#839,.T.);
#835 = VERTEX_POINT('',#836);
#836 = CARTESIAN_POINT('',(6.6,2.9,1.7));
#837 = VERTEX_POINT('',#838);
#838 = CARTESIAN_POINT('',(0.6,2.9,1.7));
#839 = SURFACE_CURVE('',#840,(#845),.PCURVE_S1.);
#840 = CIRCLE('',#841,3.);
#841 = AXIS2_PLACEMENT_3D('',#842,#843,#844);
#842 = CARTESIAN_POINT('',(3.6,2.9,1.7));
#843 = DIRECTION('',(0.,0.,1.));
#844 = DIRECTION('',(1.,0.,-0.));
#845 = PCURVE('',#846,#863);
#846 = ( BOUNDED_SURFACE() B_SPLINE_SURFACE(3,3,(
    (#847,#848,#849,#850)
    ,(#851,#852,#853,#854)
    ,(#855,#856,#857,#858)
    ,(#859,#860,#861,#862
)),.UNSPECIFIED.,.F.,.F.,.F.) B_SPLINE_SURFACE_WITH_KNOTS((4,4),(4,4),(
    0.,1.),(0.,1.),.PIECEWISE_BEZIER_KNOTS.) 
GEOMETRIC_REPRESENTATION_ITEM() RATIONAL_B_SPLINE_SURFACE((
    (1.,0.333333333333,0.333333333333,1.)
    ,(0.755320871118,0.251773623706,0.251773623706,0.755320871118)
    ,(0.755320871118,0.251773623706,0.251773623706,0.755320871118)
,(1.,0.333333333333,0.333333333333,1.
))) REPRESENTATION_ITEM('') SURFACE() );
#847 = CARTESIAN_POINT('',(6.380033317,2.9,1.899000833));
#848 = CARTESIAN_POINT('',(6.380033317,8.460066633,1.899000833));
#849 = CARTESIAN_POINT('',(0.819966683,8.460066633,1.899000833));
#850 = CARTESIAN_POINT('',(0.819966683,2.9,1.899000833));
#851 = CARTESIAN_POINT('',(6.516010753,2.9,1.912644085));
#852 = CARTESIAN_POINT('',(6.516010753,8.732021506,1.912644085));
#853 = CARTESIAN_POINT('',(0.683989247,8.732021506,1.912644085));
#854 = CARTESIAN_POINT('',(0.683989247,2.9,1.912644085));
#855 = CARTESIAN_POINT('',(6.612644085,2.9,1.816010753));
#856 = CARTESIAN_POINT('',(6.612644085,8.925288169,1.816010753));
#857 = CARTESIAN_POINT('',(0.587355915,8.925288169,1.816010753));
#858 = CARTESIAN_POINT('',(0.587355915,2.9,1.816010753));
#859 = CARTESIAN_POINT('',(6.599000833,2.9,1.680033317));
#860 = CARTESIAN_POINT('',(6.599000833,8.898001666,1.680033317));
#861 = CARTESIAN_POINT('',(0.600999167,8.898001666,1.680033317));
#862 = CARTESIAN_POINT('',(0.600999167,2.9,1.680033317));
#863 = DEFINITIONAL_REPRESENTATION('',(#864),#867);
#864 = B_SPLINE_CURVE_WITH_KNOTS('',1,(#865,#866),.UNSPECIFIED.,.F.,.F.,
  (2,2),(0.,3.14159265359),.PIECEWISE_BEZIER_KNOTS.);
#865 = CARTESIAN_POINT('',(0.936858543,0.));
#866 = CARTESIAN_POINT('',(0.936858543,1.));
#867 = ( GEOMETRIC_REPRESENTATION_CONTEXT(2) 
PARAMETRIC_REPRESENTATION_CONTEXT() REPRESENTATION_CONTEXT('2D SPACE',''
  ) );
#868 = ORIENTED_EDGE('',*,*,#869,.T.);
#869 = EDGE_CURVE('',#837,#870,#872,.T.);
#870 = VERTEX_POINT('',#871);
#871 = CARTESIAN_POINT('',(0.8,2.9,1.9));
#872 = SURFACE_CURVE('',#873,(#878),.PCURVE_S1.);
#873 = CIRCLE('',#874,0.2);
#874 = AXIS2_PLACEMENT_3D('',#875,#876,#877);
#875 = CARTESIAN_POINT('',(0.8,2.9,1.7));
#876 = DIRECTION('',(1.224646799147E-16,1.,6.123233995737E-17));
#877 = DIRECTION('',(-1.,1.224646799147E-16,7.105427357601E-15));
#878 = PCURVE('',#846,#879);
#879 = DEFINITIONAL_REPRESENTATION('',(#880),#883);
#880 = B_SPLINE_CURVE_WITH_KNOTS('',1,(#881,#882),.UNSPECIFIED.,.F.,.F.,
  (2,2),(0.,1.570796326795),.PIECEWISE_BEZIER_KNOTS.);
#881 = CARTESIAN_POINT('',(0.936858543,1.));
#882 = CARTESIAN_POINT('',(6.3141457E-02,1.));
#883 = ( GEOMETRIC_REPRESENTATION_CONTEXT(2) 
PARAMETRIC_REPRESENTATION_CONTEXT() REPRESENTATION_CONTEXT('2D SPACE',''
  ) );
#884 = ORIENTED_EDGE('',*,*,#885,.T.);
#885 = EDGE_CURVE('',#870,#886,#888,.T.);
#886 = VERTEX_POINT('',#887);
#887 = CARTESIAN_POINT('',(6.4,2.9,1.9));
#888 = SURFACE_CURVE('',#889,(#894),.PCURVE_S1.);
#889 = CIRCLE('',#890,2.8);
#890 = AXIS2_PLACEMENT_3D('',#891,#892,#893);
#891 = CARTESIAN_POINT('',(3.6,2.9,1.9));
#892 = DIRECTION('',(0.,-6.982962677686E-15,-1.));
#893 = DIRECTION('',(-1.,-6.982962677686E-15,4.876176775796E-29));
#894 = PCURVE('',#846,#895);
#895 = DEFINITIONAL_REPRESENTATION('',(#896),#899);
#896 = B_SPLINE_CURVE_WITH_KNOTS('',1,(#897,#898),.UNSPECIFIED.,.F.,.F.,
  (2,2),(4.417951471001E-18,3.14159265359),.PIECEWISE_BEZIER_KNOTS.);
#897 = CARTESIAN_POINT('',(6.3141457E-02,1.));
#898 = CARTESIAN_POINT('',(6.3141457E-02,0.));
#899 = ( GEOMETRIC_REPRESENTATION_CONTEXT(2) 
PARAMETRIC_REPRESENTATION_CONTEXT() REPRESENTATION_CONTEXT('2D SPACE',''
  ) );
#900 = ORIENTED_EDGE('',*,*,#901,.T.);
#901 = EDGE_CURVE('',#886,#835,#902,.T.);
#902 = SURFACE_CURVE('',#903,(#908),.PCURVE_S1.);
#903 = CIRCLE('',#904,0.2);
#904 = AXIS2_PLACEMENT_3D('',#905,#906,#907);
#905 = CARTESIAN_POINT('',(6.4,2.9,1.7));
#906 = DIRECTION('',(0.,1.,6.123233995737E-17));
#907 = DIRECTION('',(1.402715769533E-14,-6.123233995737E-17,1.));
#908 = PCURVE('',#846,#909);
#909 = DEFINITIONAL_REPRESENTATION('',(#910),#913);
#910 = B_SPLINE_CURVE_WITH_KNOTS('',1,(#911,#912),.UNSPECIFIED.,.F.,.F.,
  (2,2),(-8.881784197001E-16,1.570796326795),.PIECEWISE_BEZIER_KNOTS.);
#911 = CARTESIAN_POINT('',(6.3141457E-02,0.));
#912 = CARTESIAN_POINT('',(0.936858543,0.));
#913 = ( GEOMETRIC_REPRESENTATION_CONTEXT(2) 
PARAMETRIC_REPRESENTATION_CONTEXT() REPRESENTATION_CONTEXT('2D SPACE',''
  ) );
#914 = ( GEOMETRIC_REPRESENTATION_CONTEXT(3) 
GLOBAL_UNCERTAINTY_ASSIGNED_CONTEXT((#918)) GLOBAL_UNIT_ASSIGNED_CONTEXT
((#915,#916,#917)) REPRESENTATION_CONTEXT('Context #1',
  '3D Context with UNIT and UNCERTAINTY') );
#915 = ( LENGTH_UNIT() NAMED_UNIT(*) SI_UNIT(.MILLI.,.METRE.) );
#916 = ( NAMED_UNIT(*) PLANE_ANGLE_UNIT() SI_UNIT($,.RADIAN.) );
#917 = ( NAMED_UNIT(*) SI_UNIT($,.STERADIAN.) SOLID_ANGLE_UNIT() );
#918 = UNCERTAINTY_MEASURE_WITH_UNIT(LENGTH_MEASURE(0.2),#915,
  'distance_accuracy_value','confusion accuracy');
#919 = SHAPE_DEFINITION_REPRESENTATION(#920,#827);
#920 = PRODUCT_DEFINITION_SHAPE('','',#921);
#921 = PRODUCT_DEFINITION('design','',#922,#925);
#922 = PRODUCT_DEFINITION_FORMATION('','',#923);
#923 = PRODUCT('eMachineShop.6',
  'eMachineShop.6','',(#924));
#924 = PRODUCT_CONTEXT('',#2,'mechanical');
#925 = PRODUCT_DEFINITION_CONTEXT('part definition',#2,'design');
#926 = CONTEXT_DEPENDENT_SHAPE_REPRESENTATION(#927,#929);
#927 = ( REPRESENTATION_RELATIONSHIP('','',#827,#10) 
REPRESENTATION_RELATIONSHIP_WITH_TRANSFORMATION(#928) 
SHAPE_REPRESENTATION_RELATIONSHIP() );
#928 = ITEM_DEFINED_TRANSFORMATION('','',#11,#35);
#929 = PRODUCT_DEFINITION_SHAPE('Placement','Placement of an item',#930
  );
#930 = NEXT_ASSEMBLY_USAGE_OCCURRENCE('6','','',#5,#921,$);
#931 = PRODUCT_RELATED_PRODUCT_CATEGORY('part',$,(#923));
#932 = MANIFOLD_SURFACE_SHAPE_REPRESENTATION('',(#11,#933),#1008);
#933 = SHELL_BASED_SURFACE_MODEL('',(#934));
#934 = OPEN_SHELL('',(#935));
#935 = ADVANCED_FACE('',(#936),#951,.T.);
#936 = FACE_BOUND('',#937,.T.);
#937 = EDGE_LOOP('',(#938,#964,#979,#995));
#938 = ORIENTED_EDGE('',*,*,#939,.F.);
#939 = EDGE_CURVE('',#940,#942,#944,.T.);
#940 = VERTEX_POINT('',#941);
#941 = CARTESIAN_POINT('',(1.8,2.9,-12.1));
#942 = VERTEX_POINT('',#943);
#943 = CARTESIAN_POINT('',(5.4,2.9,-12.1));
#944 = SURFACE_CURVE('',#945,(#950),.PCURVE_S1.);
#945 = CIRCLE('',#946,1.8);
#946 = AXIS2_PLACEMENT_3D('',#947,#948,#949);
#947 = CARTESIAN_POINT('',(3.6,2.9,-12.1));
#948 = DIRECTION('',(0.,0.,1.));
#949 = DIRECTION('',(1.,0.,-0.));
#950 = PCURVE('',#951,#959);
#951 = SURFACE_OF_REVOLUTION('',#952,#956);
#952 = LINE('',#953,#954);
#953 = CARTESIAN_POINT('',(5.4,2.9,-12.1));
#954 = VECTOR('',#955,1.);
#955 = DIRECTION('',(0.,0.,1.));
#956 = AXIS1_PLACEMENT('',#957,#958);
#957 = CARTESIAN_POINT('',(3.6,2.9,-12.1));
#958 = DIRECTION('',(0.,0.,-1.));
#959 = DEFINITIONAL_REPRESENTATION('',(#960),#963);
#960 = B_SPLINE_CURVE_WITH_KNOTS('',1,(#961,#962),.UNSPECIFIED.,.F.,.F.,
  (2,2),(3.14159265359,6.28318530718),.PIECEWISE_BEZIER_KNOTS.);
#961 = CARTESIAN_POINT('',(3.14159265318,-9.347487573443E-15));
#962 = CARTESIAN_POINT('',(1.795891462076E-10,-5.343396673169E-25));
#963 = ( GEOMETRIC_REPRESENTATION_CONTEXT(2) 
PARAMETRIC_REPRESENTATION_CONTEXT() REPRESENTATION_CONTEXT('2D SPACE',''
  ) );
#964 = ORIENTED_EDGE('',*,*,#965,.F.);
#965 = EDGE_CURVE('',#966,#940,#968,.T.);
#966 = VERTEX_POINT('',#967);
#967 = CARTESIAN_POINT('',(1.8,2.9,1.3));
#968 = SURFACE_CURVE('',#969,(#973),.PCURVE_S1.);
#969 = LINE('',#970,#971);
#970 = CARTESIAN_POINT('',(1.8,2.9,1.3));
#971 = VECTOR('',#972,1.);
#972 = DIRECTION('',(0.,0.,-1.));
#973 = PCURVE('',#951,#974);
#974 = DEFINITIONAL_REPRESENTATION('',(#975),#978);
#975 = B_SPLINE_CURVE_WITH_KNOTS('',1,(#976,#977),.UNSPECIFIED.,.F.,.F.,
  (2,2),(0.,13.4),.PIECEWISE_BEZIER_KNOTS.);
#976 = CARTESIAN_POINT('',(3.14159265318,13.4));
#977 = CARTESIAN_POINT('',(3.14159265318,-9.347487573443E-15));
#978 = ( GEOMETRIC_REPRESENTATION_CONTEXT(2) 
PARAMETRIC_REPRESENTATION_CONTEXT() REPRESENTATION_CONTEXT('2D SPACE',''
  ) );
#979 = ORIENTED_EDGE('',*,*,#980,.F.);
#980 = EDGE_CURVE('',#981,#966,#983,.T.);
#981 = VERTEX_POINT('',#982);
#982 = CARTESIAN_POINT('',(5.4,2.9,1.3));
#983 = SURFACE_CURVE('',#984,(#989),.PCURVE_S1.);
#984 = CIRCLE('',#985,1.8);
#985 = AXIS2_PLACEMENT_3D('',#986,#987,#988);
#986 = CARTESIAN_POINT('',(3.6,2.9,1.3));
#987 = DIRECTION('',(1.682431845674E-30,6.982962677686E-15,-1.));
#988 = DIRECTION('',(1.,-7.587294989817E-15,-5.129936589281E-29));
#989 = PCURVE('',#951,#990);
#990 = DEFINITIONAL_REPRESENTATION('',(#991),#994);
#991 = B_SPLINE_CURVE_WITH_KNOTS('',1,(#992,#993),.UNSPECIFIED.,.F.,.F.,
  (2,2),(0.,3.14159265359),.PIECEWISE_BEZIER_KNOTS.);
#992 = CARTESIAN_POINT('',(1.795891462076E-10,13.4));
#993 = CARTESIAN_POINT('',(3.14159265318,13.4));
#994 = ( GEOMETRIC_REPRESENTATION_CONTEXT(2) 
PARAMETRIC_REPRESENTATION_CONTEXT() REPRESENTATION_CONTEXT('2D SPACE',''
  ) );
#995 = ORIENTED_EDGE('',*,*,#996,.F.);
#996 = EDGE_CURVE('',#942,#981,#997,.T.);
#997 = SURFACE_CURVE('',#998,(#1002),.PCURVE_S1.);
#998 = LINE('',#999,#1000);
#999 = CARTESIAN_POINT('',(5.4,2.9,-12.1));
#1000 = VECTOR('',#1001,1.);
#1001 = DIRECTION('',(0.,0.,1.));
#1002 = PCURVE('',#951,#1003);
#1003 = DEFINITIONAL_REPRESENTATION('',(#1004),#1007);
#1004 = B_SPLINE_CURVE_WITH_KNOTS('',1,(#1005,#1006),.UNSPECIFIED.,.F.,
  .F.,(2,2),(0.,13.4),.PIECEWISE_BEZIER_KNOTS.);
#1005 = CARTESIAN_POINT('',(1.795891462076E-10,-5.343396673169E-25));
#1006 = CARTESIAN_POINT('',(1.795891462076E-10,13.4));
#1007 = ( GEOMETRIC_REPRESENTATION_CONTEXT(2) 
PARAMETRIC_REPRESENTATION_CONTEXT() REPRESENTATION_CONTEXT('2D SPACE',''
  ) );
#1008 = ( GEOMETRIC_REPRESENTATION_CONTEXT(3) 
GLOBAL_UNCERTAINTY_ASSIGNED_CONTEXT((#1012)) 
GLOBAL_UNIT_ASSIGNED_CONTEXT((#1009,#1010,#1011)) REPRESENTATION_CONTEXT
('Context #1','3D Context with UNIT and UNCERTAINTY') );
#1009 = ( LENGTH_UNIT() NAMED_UNIT(*) SI_UNIT(.MILLI.,.METRE.) );
#1010 = ( NAMED_UNIT(*) PLANE_ANGLE_UNIT() SI_UNIT($,.RADIAN.) );
#1011 = ( NAMED_UNIT(*) SI_UNIT($,.STERADIAN.) SOLID_ANGLE_UNIT() );
#1012 = UNCERTAINTY_MEASURE_WITH_UNIT(LENGTH_MEASURE(1.E-07),#1009,
  'distance_accuracy_value','confusion accuracy');
#1013 = SHAPE_DEFINITION_REPRESENTATION(#1014,#932);
#1014 = PRODUCT_DEFINITION_SHAPE('','',#1015);
#1015 = PRODUCT_DEFINITION('design','',#1016,#1019);
#1016 = PRODUCT_DEFINITION_FORMATION('','',#1017);
#1017 = PRODUCT('eMachineShop.7',
  'eMachineShop.7','',(#1018));
#1018 = PRODUCT_CONTEXT('',#2,'mechanical');
#1019 = PRODUCT_DEFINITION_CONTEXT('part definition',#2,'design');
#1020 = CONTEXT_DEPENDENT_SHAPE_REPRESENTATION(#1021,#1023);
#1021 = ( REPRESENTATION_RELATIONSHIP('','',#932,#10) 
REPRESENTATION_RELATIONSHIP_WITH_TRANSFORMATION(#1022) 
SHAPE_REPRESENTATION_RELATIONSHIP() );
#1022 = ITEM_DEFINED_TRANSFORMATION('','',#11,#39);
#1023 = PRODUCT_DEFINITION_SHAPE('Placement','Placement of an item',
  #1024);
#1024 = NEXT_ASSEMBLY_USAGE_OCCURRENCE('7','','',#5,#1015,$);
#1025 = PRODUCT_RELATED_PRODUCT_CATEGORY('part',$,(#1017));
#1026 = MANIFOLD_SURFACE_SHAPE_REPRESENTATION('',(#11,#1027),#1134);
#1027 = SHELL_BASED_SURFACE_MODEL('',(#1028));
#1028 = OPEN_SHELL('',(#1029));
#1029 = ADVANCED_FACE('',(#1030),#1044,.T.);
#1030 = FACE_BOUND('',#1031,.T.);
#1031 = EDGE_LOOP('',(#1032,#1057,#1073,#1089,#1105,#1120));
#1032 = ORIENTED_EDGE('',*,*,#1033,.F.);
#1033 = EDGE_CURVE('',#1034,#1036,#1038,.T.);
#1034 = VERTEX_POINT('',#1035);
#1035 = CARTESIAN_POINT('',(0.600000000049,2.9,0.));
#1036 = VERTEX_POINT('',#1037);
#1037 = CARTESIAN_POINT('',(0.6,2.9,1.7));
#1038 = SURFACE_CURVE('',#1039,(#1043),.PCURVE_S1.);
#1039 = LINE('',#1040,#1041);
#1040 = CARTESIAN_POINT('',(0.6,2.9,0.));
#1041 = VECTOR('',#1042,1.);
#1042 = DIRECTION('',(0.,0.,1.));
#1043 = PCURVE('',#1044,#1052);
#1044 = SURFACE_OF_REVOLUTION('',#1045,#1049);
#1045 = LINE('',#1046,#1047);
#1046 = CARTESIAN_POINT('',(0.6,2.9,1.7));
#1047 = VECTOR('',#1048,1.);
#1048 = DIRECTION('',(0.,0.,-1.));
#1049 = AXIS1_PLACEMENT('',#1050,#1051);
#1050 = CARTESIAN_POINT('',(3.6,2.9,1.9));
#1051 = DIRECTION('',(0.,0.,1.));
#1052 = DEFINITIONAL_REPRESENTATION('',(#1053),#1056);
#1053 = B_SPLINE_CURVE_WITH_KNOTS('',1,(#1054,#1055),.UNSPECIFIED.,.F.,
  .F.,(2,2),(0.,1.7),.PIECEWISE_BEZIER_KNOTS.);
#1054 = CARTESIAN_POINT('',(6.28318530718,1.7));
#1055 = CARTESIAN_POINT('',(6.28318530718,-2.371750578646E-15));
#1056 = ( GEOMETRIC_REPRESENTATION_CONTEXT(2) 
PARAMETRIC_REPRESENTATION_CONTEXT() REPRESENTATION_CONTEXT('2D SPACE',''
  ) );
#1057 = ORIENTED_EDGE('',*,*,#1058,.F.);
#1058 = EDGE_CURVE('',#1059,#1034,#1061,.T.);
#1059 = VERTEX_POINT('',#1060);
#1060 = CARTESIAN_POINT('',(1.941687605,5.4,0.));
#1061 = SURFACE_CURVE('',#1062,(#1067),.PCURVE_S1.);
#1062 = CIRCLE('',#1063,2.999999999902);
#1063 = AXIS2_PLACEMENT_3D('',#1064,#1065,#1066);
#1064 = CARTESIAN_POINT('',(3.6,2.9,0.));
#1065 = DIRECTION('',(0.,0.,1.));
#1066 = DIRECTION('',(1.,0.,-0.));
#1067 = PCURVE('',#1044,#1068);
#1068 = DEFINITIONAL_REPRESENTATION('',(#1069),#1072);
#1069 = B_SPLINE_CURVE_WITH_KNOTS('',1,(#1070,#1071),.UNSPECIFIED.,.F.,
  .F.,(2,2),(2.156481870203,3.14159265359),.PIECEWISE_BEZIER_KNOTS.);
#1070 = CARTESIAN_POINT('',(5.29807452418,1.7));
#1071 = CARTESIAN_POINT('',(6.28318530718,1.7));
#1072 = ( GEOMETRIC_REPRESENTATION_CONTEXT(2) 
PARAMETRIC_REPRESENTATION_CONTEXT() REPRESENTATION_CONTEXT('2D SPACE',''
  ) );
#1073 = ORIENTED_EDGE('',*,*,#1074,.F.);
#1074 = EDGE_CURVE('',#1075,#1059,#1077,.T.);
#1075 = VERTEX_POINT('',#1076);
#1076 = CARTESIAN_POINT('',(5.258312395027,5.400000000041,0.));
#1077 = SURFACE_CURVE('',#1078,(#1083),.PCURVE_S1.);
#1078 = CIRCLE('',#1079,2.999999999902);
#1079 = AXIS2_PLACEMENT_3D('',#1080,#1081,#1082);
#1080 = CARTESIAN_POINT('',(3.6,2.9,0.));
#1081 = DIRECTION('',(0.,0.,1.));
#1082 = DIRECTION('',(1.,0.,-0.));
#1083 = PCURVE('',#1044,#1084);
#1084 = DEFINITIONAL_REPRESENTATION('',(#1085),#1088);
#1085 = B_SPLINE_CURVE_WITH_KNOTS('',1,(#1086,#1087),.UNSPECIFIED.,.F.,
  .F.,(2,2),(0.985110783387,2.156481870203),.PIECEWISE_BEZIER_KNOTS.);
#1086 = CARTESIAN_POINT('',(4.12670343718,1.7));
#1087 = CARTESIAN_POINT('',(5.29807452418,1.7));
#1088 = ( GEOMETRIC_REPRESENTATION_CONTEXT(2) 
PARAMETRIC_REPRESENTATION_CONTEXT() REPRESENTATION_CONTEXT('2D SPACE',''
  ) );
#1089 = ORIENTED_EDGE('',*,*,#1090,.F.);
#1090 = EDGE_CURVE('',#1091,#1075,#1093,.T.);
#1091 = VERTEX_POINT('',#1092);
#1092 = CARTESIAN_POINT('',(6.6,2.9,0.));
#1093 = SURFACE_CURVE('',#1094,(#1099),.PCURVE_S1.);
#1094 = CIRCLE('',#1095,3.);
#1095 = AXIS2_PLACEMENT_3D('',#1096,#1097,#1098);
#1096 = CARTESIAN_POINT('',(3.6,2.9,0.));
#1097 = DIRECTION('',(0.,0.,1.));
#1098 = DIRECTION('',(1.,0.,-0.));
#1099 = PCURVE('',#1044,#1100);
#1100 = DEFINITIONAL_REPRESENTATION('',(#1101),#1104);
#1101 = B_SPLINE_CURVE_WITH_KNOTS('',1,(#1102,#1103),.UNSPECIFIED.,.F.,
  .F.,(2,2),(0.,0.985110783387),.PIECEWISE_BEZIER_KNOTS.);
#1102 = CARTESIAN_POINT('',(3.14159265318,1.7));
#1103 = CARTESIAN_POINT('',(4.12670343718,1.7));
#1104 = ( GEOMETRIC_REPRESENTATION_CONTEXT(2) 
PARAMETRIC_REPRESENTATION_CONTEXT() REPRESENTATION_CONTEXT('2D SPACE',''
  ) );
#1105 = ORIENTED_EDGE('',*,*,#1106,.F.);
#1106 = EDGE_CURVE('',#1107,#1091,#1109,.T.);
#1107 = VERTEX_POINT('',#1108);
#1108 = CARTESIAN_POINT('',(6.6,2.9,1.7));
#1109 = SURFACE_CURVE('',#1110,(#1114),.PCURVE_S1.);
#1110 = LINE('',#1111,#1112);
#1111 = CARTESIAN_POINT('',(6.6,2.9,1.7));
#1112 = VECTOR('',#1113,1.);
#1113 = DIRECTION('',(0.,0.,-1.));
#1114 = PCURVE('',#1044,#1115);
#1115 = DEFINITIONAL_REPRESENTATION('',(#1116),#1119);
#1116 = B_SPLINE_CURVE_WITH_KNOTS('',1,(#1117,#1118),.UNSPECIFIED.,.F.,
  .F.,(2,2),(0.,1.7),.PIECEWISE_BEZIER_KNOTS.);
#1117 = CARTESIAN_POINT('',(3.14159265318,-1.185875289168E-15));
#1118 = CARTESIAN_POINT('',(3.14159265318,1.7));
#1119 = ( GEOMETRIC_REPRESENTATION_CONTEXT(2) 
PARAMETRIC_REPRESENTATION_CONTEXT() REPRESENTATION_CONTEXT('2D SPACE',''
  ) );
#1120 = ORIENTED_EDGE('',*,*,#1121,.F.);
#1121 = EDGE_CURVE('',#1036,#1107,#1122,.T.);
#1122 = SURFACE_CURVE('',#1123,(#1128),.PCURVE_S1.);
#1123 = CIRCLE('',#1124,3.);
#1124 = AXIS2_PLACEMENT_3D('',#1125,#1126,#1127);
#1125 = CARTESIAN_POINT('',(3.6,2.9,1.7));
#1126 = DIRECTION('',(1.009459107404E-30,-6.982962677686E-15,-1.));
#1127 = DIRECTION('',(-1.,-7.272083257016E-15,4.977122686536E-29));
#1128 = PCURVE('',#1044,#1129);
#1129 = DEFINITIONAL_REPRESENTATION('',(#1130),#1133);
#1130 = B_SPLINE_CURVE_WITH_KNOTS('',1,(#1131,#1132),.UNSPECIFIED.,.F.,
  .F.,(2,2),(1.862616279805E-17,3.14159265359),
  .PIECEWISE_BEZIER_KNOTS.);
#1131 = CARTESIAN_POINT('',(6.28318530718,-2.371750578646E-15));
#1132 = CARTESIAN_POINT('',(3.14159265318,-1.185875289168E-15));
#1133 = ( GEOMETRIC_REPRESENTATION_CONTEXT(2) 
PARAMETRIC_REPRESENTATION_CONTEXT() REPRESENTATION_CONTEXT('2D SPACE',''
  ) );
#1134 = ( GEOMETRIC_REPRESENTATION_CONTEXT(3) 
GLOBAL_UNCERTAINTY_ASSIGNED_CONTEXT((#1138)) 
GLOBAL_UNIT_ASSIGNED_CONTEXT((#1135,#1136,#1137)) REPRESENTATION_CONTEXT
('Context #1','3D Context with UNIT and UNCERTAINTY') );
#1135 = ( LENGTH_UNIT() NAMED_UNIT(*) SI_UNIT(.MILLI.,.METRE.) );
#1136 = ( NAMED_UNIT(*) PLANE_ANGLE_UNIT() SI_UNIT($,.RADIAN.) );
#1137 = ( NAMED_UNIT(*) SI_UNIT($,.STERADIAN.) SOLID_ANGLE_UNIT() );
#1138 = UNCERTAINTY_MEASURE_WITH_UNIT(LENGTH_MEASURE(1.E-07),#1135,
  'distance_accuracy_value','confusion accuracy');
#1139 = SHAPE_DEFINITION_REPRESENTATION(#1140,#1026);
#1140 = PRODUCT_DEFINITION_SHAPE('','',#1141);
#1141 = PRODUCT_DEFINITION('design','',#1142,#1145);
#1142 = PRODUCT_DEFINITION_FORMATION('','',#1143);
#1143 = PRODUCT('eMachineShop.8',
  'eMachineShop.8','',(#1144));
#1144 = PRODUCT_CONTEXT('',#2,'mechanical');
#1145 = PRODUCT_DEFINITION_CONTEXT('part definition',#2,'design');
#1146 = CONTEXT_DEPENDENT_SHAPE_REPRESENTATION(#1147,#1149);
#1147 = ( REPRESENTATION_RELATIONSHIP('','',#1026,#10) 
REPRESENTATION_RELATIONSHIP_WITH_TRANSFORMATION(#1148) 
SHAPE_REPRESENTATION_RELATIONSHIP() );
#1148 = ITEM_DEFINED_TRANSFORMATION('','',#11,#43);
#1149 = PRODUCT_DEFINITION_SHAPE('Placement','Placement of an item',
  #1150);
#1150 = NEXT_ASSEMBLY_USAGE_OCCURRENCE('8','','',#5,#1141,$);
#1151 = PRODUCT_RELATED_PRODUCT_CATEGORY('part',$,(#1143));
#1152 = MANIFOLD_SURFACE_SHAPE_REPRESENTATION('',(#11,#1153),#1831);
#1153 = SHELL_BASED_SURFACE_MODEL('',(#1154));
#1154 = OPEN_SHELL('',(#1155));
#1155 = ADVANCED_FACE('',(#1156,#1253,#1511,#1769),#1170,.T.);
#1156 = FACE_BOUND('',#1157,.T.);
#1157 = EDGE_LOOP('',(#1158,#1180,#1195,#1210,#1225,#1240));
#1158 = ORIENTED_EDGE('',*,*,#1159,.T.);
#1159 = EDGE_CURVE('',#1160,#1162,#1164,.T.);
#1160 = VERTEX_POINT('',#1161);
#1161 = CARTESIAN_POINT('',(1.1,0.,0.));
#1162 = VERTEX_POINT('',#1163);
#1163 = CARTESIAN_POINT('',(1.1,0.,-12.1));
#1164 = SURFACE_CURVE('',#1165,(#1169),.PCURVE_S1.);
#1165 = LINE('',#1166,#1167);
#1166 = CARTESIAN_POINT('',(1.1,0.,0.));
#1167 = VECTOR('',#1168,1.);
#1168 = DIRECTION('',(0.,0.,-1.));
#1169 = PCURVE('',#1170,#1175);
#1170 = B_SPLINE_SURFACE_WITH_KNOTS('',1,1,(
    (#1171,#1172)
    ,(#1173,#1174
    )),.UNSPECIFIED.,.F.,.F.,.F.,(2,2),(2,2),(0.,1.),(0.,1.),
  .PIECEWISE_BEZIER_KNOTS.);
#1171 = CARTESIAN_POINT('',(1.1,0.,0.));
#1172 = CARTESIAN_POINT('',(6.1,0.,0.));
#1173 = CARTESIAN_POINT('',(1.1,0.,-12.1));
#1174 = CARTESIAN_POINT('',(6.1,0.,-12.1));
#1175 = DEFINITIONAL_REPRESENTATION('',(#1176),#1179);
#1176 = B_SPLINE_CURVE_WITH_KNOTS('',1,(#1177,#1178),.UNSPECIFIED.,.F.,
  .F.,(2,2),(0.,12.1),.PIECEWISE_BEZIER_KNOTS.);
#1177 = CARTESIAN_POINT('',(0.,0.));
#1178 = CARTESIAN_POINT('',(1.,0.));
#1179 = ( GEOMETRIC_REPRESENTATION_CONTEXT(2) 
PARAMETRIC_REPRESENTATION_CONTEXT() REPRESENTATION_CONTEXT('2D SPACE',''
  ) );
#1180 = ORIENTED_EDGE('',*,*,#1181,.T.);
#1181 = EDGE_CURVE('',#1162,#1182,#1184,.T.);
#1182 = VERTEX_POINT('',#1183);
#1183 = CARTESIAN_POINT('',(6.1,0.,-12.1));
#1184 = SURFACE_CURVE('',#1185,(#1189),.PCURVE_S1.);
#1185 = LINE('',#1186,#1187);
#1186 = CARTESIAN_POINT('',(1.1,0.,-12.1));
#1187 = VECTOR('',#1188,1.);
#1188 = DIRECTION('',(1.,0.,0.));
#1189 = PCURVE('',#1170,#1190);
#1190 = DEFINITIONAL_REPRESENTATION('',(#1191),#1194);
#1191 = B_SPLINE_CURVE_WITH_KNOTS('',1,(#1192,#1193),.UNSPECIFIED.,.F.,
  .F.,(2,2),(0.,5.),.PIECEWISE_BEZIER_KNOTS.);
#1192 = CARTESIAN_POINT('',(1.,0.));
#1193 = CARTESIAN_POINT('',(1.,1.));
#1194 = ( GEOMETRIC_REPRESENTATION_CONTEXT(2) 
PARAMETRIC_REPRESENTATION_CONTEXT() REPRESENTATION_CONTEXT('2D SPACE',''
  ) );
#1195 = ORIENTED_EDGE('',*,*,#1196,.T.);
#1196 = EDGE_CURVE('',#1182,#1197,#1199,.T.);
#1197 = VERTEX_POINT('',#1198);
#1198 = CARTESIAN_POINT('',(6.1,0.,0.));
#1199 = SURFACE_CURVE('',#1200,(#1204),.PCURVE_S1.);
#1200 = LINE('',#1201,#1202);
#1201 = CARTESIAN_POINT('',(6.1,0.,-12.1));
#1202 = VECTOR('',#1203,1.);
#1203 = DIRECTION('',(0.,0.,1.));
#1204 = PCURVE('',#1170,#1205);
#1205 = DEFINITIONAL_REPRESENTATION('',(#1206),#1209);
#1206 = B_SPLINE_CURVE_WITH_KNOTS('',1,(#1207,#1208),.UNSPECIFIED.,.F.,
  .F.,(2,2),(0.,12.1),.PIECEWISE_BEZIER_KNOTS.);
#1207 = CARTESIAN_POINT('',(1.,1.));
#1208 = CARTESIAN_POINT('',(0.,1.));
#1209 = ( GEOMETRIC_REPRESENTATION_CONTEXT(2) 
PARAMETRIC_REPRESENTATION_CONTEXT() REPRESENTATION_CONTEXT('2D SPACE',''
  ) );
#1210 = ORIENTED_EDGE('',*,*,#1211,.T.);
#1211 = EDGE_CURVE('',#1197,#1212,#1214,.T.);
#1212 = VERTEX_POINT('',#1213);
#1213 = CARTESIAN_POINT('',(4.368114575,0.,0.));
#1214 = SURFACE_CURVE('',#1215,(#1219),.PCURVE_S1.);
#1215 = LINE('',#1216,#1217);
#1216 = CARTESIAN_POINT('',(6.1,0.,0.));
#1217 = VECTOR('',#1218,1.);
#1218 = DIRECTION('',(-1.,0.,0.));
#1219 = PCURVE('',#1170,#1220);
#1220 = DEFINITIONAL_REPRESENTATION('',(#1221),#1224);
#1221 = B_SPLINE_CURVE_WITH_KNOTS('',1,(#1222,#1223),.UNSPECIFIED.,.F.,
  .F.,(2,2),(0.,1.731885425),.PIECEWISE_BEZIER_KNOTS.);
#1222 = CARTESIAN_POINT('',(0.,1.));
#1223 = CARTESIAN_POINT('',(0.,0.653622915));
#1224 = ( GEOMETRIC_REPRESENTATION_CONTEXT(2) 
PARAMETRIC_REPRESENTATION_CONTEXT() REPRESENTATION_CONTEXT('2D SPACE',''
  ) );
#1225 = ORIENTED_EDGE('',*,*,#1226,.T.);
#1226 = EDGE_CURVE('',#1212,#1227,#1229,.T.);
#1227 = VERTEX_POINT('',#1228);
#1228 = CARTESIAN_POINT('',(2.831885425,0.,0.));
#1229 = SURFACE_CURVE('',#1230,(#1234),.PCURVE_S1.);
#1230 = LINE('',#1231,#1232);
#1231 = CARTESIAN_POINT('',(4.368114575,0.,0.));
#1232 = VECTOR('',#1233,1.);
#1233 = DIRECTION('',(-1.,0.,0.));
#1234 = PCURVE('',#1170,#1235);
#1235 = DEFINITIONAL_REPRESENTATION('',(#1236),#1239);
#1236 = B_SPLINE_CURVE_WITH_KNOTS('',1,(#1237,#1238),.UNSPECIFIED.,.F.,
  .F.,(2,2),(0.,1.53622915),.PIECEWISE_BEZIER_KNOTS.);
#1237 = CARTESIAN_POINT('',(0.,0.653622915));
#1238 = CARTESIAN_POINT('',(0.,0.346377085));
#1239 = ( GEOMETRIC_REPRESENTATION_CONTEXT(2) 
PARAMETRIC_REPRESENTATION_CONTEXT() REPRESENTATION_CONTEXT('2D SPACE',''
  ) );
#1240 = ORIENTED_EDGE('',*,*,#1241,.T.);
#1241 = EDGE_CURVE('',#1227,#1160,#1242,.T.);
#1242 = SURFACE_CURVE('',#1243,(#1247),.PCURVE_S1.);
#1243 = LINE('',#1244,#1245);
#1244 = CARTESIAN_POINT('',(2.831885425,0.,0.));
#1245 = VECTOR('',#1246,1.);
#1246 = DIRECTION('',(-1.,0.,0.));
#1247 = PCURVE('',#1170,#1248);
#1248 = DEFINITIONAL_REPRESENTATION('',(#1249),#1252);
#1249 = B_SPLINE_CURVE_WITH_KNOTS('',1,(#1250,#1251),.UNSPECIFIED.,.F.,
  .F.,(2,2),(0.,1.731885425),.PIECEWISE_BEZIER_KNOTS.);
#1250 = CARTESIAN_POINT('',(0.,0.346377085));
#1251 = CARTESIAN_POINT('',(0.,0.));
#1252 = ( GEOMETRIC_REPRESENTATION_CONTEXT(2) 
PARAMETRIC_REPRESENTATION_CONTEXT() REPRESENTATION_CONTEXT('2D SPACE',''
  ) );
#1253 = FACE_BOUND('',#1254,.T.);
#1254 = EDGE_LOOP('',(#1255,#1273,#1289,#1305,#1321,#1337,#1353,#1369,
    #1385,#1401,#1417,#1433,#1449,#1465,#1481,#1497));
#1255 = ORIENTED_EDGE('',*,*,#1256,.T.);
#1256 = EDGE_CURVE('',#1257,#1259,#1261,.T.);
#1257 = VERTEX_POINT('',#1258);
#1258 = CARTESIAN_POINT('',(3.6,0.,-10.0000000001));
#1259 = VERTEX_POINT('',#1260);
#1260 = CARTESIAN_POINT('',(3.446926625,0.,-9.9695518142));
#1261 = SURFACE_CURVE('',#1262,(#1266),.PCURVE_S1.);
#1262 = B_SPLINE_CURVE_WITH_KNOTS('',2,(#1263,#1264,#1265),
  .UNSPECIFIED.,.F.,.F.,(3,3),(0.,0.125),.PIECEWISE_BEZIER_KNOTS.);
#1263 = CARTESIAN_POINT('',(3.6,0.,-10.0000000001));
#1264 = CARTESIAN_POINT('',(3.520435055,0.,-10.0000000001));
#1265 = CARTESIAN_POINT('',(3.446926625,0.,-9.9695518142));
#1266 = PCURVE('',#1170,#1267);
#1267 = DEFINITIONAL_REPRESENTATION('',(#1268),#1272);
#1268 = B_SPLINE_CURVE_WITH_KNOTS('',2,(#1269,#1270,#1271),
  .UNSPECIFIED.,.F.,.F.,(3,3),(0.,0.125),.PIECEWISE_BEZIER_KNOTS.);
#1269 = CARTESIAN_POINT('',(0.826446281,0.5));
#1270 = CARTESIAN_POINT('',(0.826446281,0.484087011));
#1271 = CARTESIAN_POINT('',(0.823929902,0.469385325));
#1272 = ( GEOMETRIC_REPRESENTATION_CONTEXT(2) 
PARAMETRIC_REPRESENTATION_CONTEXT() REPRESENTATION_CONTEXT('2D SPACE',''
  ) );
#1273 = ORIENTED_EDGE('',*,*,#1274,.T.);
#1274 = EDGE_CURVE('',#1259,#1275,#1277,.T.);
#1275 = VERTEX_POINT('',#1276);
#1276 = CARTESIAN_POINT('',(3.31715729,0.,-9.8828427181));
#1277 = SURFACE_CURVE('',#1278,(#1282),.PCURVE_S1.);
#1278 = B_SPLINE_CURVE_WITH_KNOTS('',2,(#1279,#1280,#1281),
  .UNSPECIFIED.,.F.,.F.,(3,3),(0.125,0.25),.PIECEWISE_BEZIER_KNOTS.);
#1279 = CARTESIAN_POINT('',(3.446926625,0.,-9.9695518142));
#1280 = CARTESIAN_POINT('',(3.3734182,0.,-9.9391036283));
#1281 = CARTESIAN_POINT('',(3.31715729,0.,-9.8828427181));
#1282 = PCURVE('',#1170,#1283);
#1283 = DEFINITIONAL_REPRESENTATION('',(#1284),#1288);
#1284 = B_SPLINE_CURVE_WITH_KNOTS('',2,(#1285,#1286,#1287),
  .UNSPECIFIED.,.F.,.F.,(3,3),(0.125,0.25),.PIECEWISE_BEZIER_KNOTS.);
#1285 = CARTESIAN_POINT('',(0.823929902,0.469385325));
#1286 = CARTESIAN_POINT('',(0.821413523,0.45468364));
#1287 = CARTESIAN_POINT('',(0.816763861,0.443431458));
#1288 = ( GEOMETRIC_REPRESENTATION_CONTEXT(2) 
PARAMETRIC_REPRESENTATION_CONTEXT() REPRESENTATION_CONTEXT('2D SPACE',''
  ) );
#1289 = ORIENTED_EDGE('',*,*,#1290,.T.);
#1290 = EDGE_CURVE('',#1275,#1291,#1293,.T.);
#1291 = VERTEX_POINT('',#1292);
#1292 = CARTESIAN_POINT('',(3.230448185,0.,-9.7530733762));
#1293 = SURFACE_CURVE('',#1294,(#1298),.PCURVE_S1.);
#1294 = B_SPLINE_CURVE_WITH_KNOTS('',2,(#1295,#1296,#1297),
  .UNSPECIFIED.,.F.,.F.,(3,3),(0.25,0.375),.PIECEWISE_BEZIER_KNOTS.);
#1295 = CARTESIAN_POINT('',(3.31715729,0.,-9.8828427181));
#1296 = CARTESIAN_POINT('',(3.260896375,0.,-9.8265817958));
#1297 = CARTESIAN_POINT('',(3.230448185,0.,-9.7530733762));
#1298 = PCURVE('',#1170,#1299);
#1299 = DEFINITIONAL_REPRESENTATION('',(#1300),#1304);
#1300 = B_SPLINE_CURVE_WITH_KNOTS('',2,(#1301,#1302,#1303),
  .UNSPECIFIED.,.F.,.F.,(3,3),(0.25,0.375),.PIECEWISE_BEZIER_KNOTS.);
#1301 = CARTESIAN_POINT('',(0.816763861,0.443431458));
#1302 = CARTESIAN_POINT('',(0.812114198,0.432179275));
#1303 = CARTESIAN_POINT('',(0.806039122,0.426089637));
#1304 = ( GEOMETRIC_REPRESENTATION_CONTEXT(2) 
PARAMETRIC_REPRESENTATION_CONTEXT() REPRESENTATION_CONTEXT('2D SPACE',''
  ) );
#1305 = ORIENTED_EDGE('',*,*,#1306,.T.);
#1306 = EDGE_CURVE('',#1291,#1307,#1309,.T.);
#1307 = VERTEX_POINT('',#1308);
#1308 = CARTESIAN_POINT('',(3.2,0.,-9.600000003));
#1309 = SURFACE_CURVE('',#1310,(#1314),.PCURVE_S1.);
#1310 = B_SPLINE_CURVE_WITH_KNOTS('',2,(#1311,#1312,#1313),
  .UNSPECIFIED.,.F.,.F.,(3,3),(0.375,0.5),.PIECEWISE_BEZIER_KNOTS.);
#1311 = CARTESIAN_POINT('',(3.230448185,0.,-9.7530733762));
#1312 = CARTESIAN_POINT('',(3.2,0.,-9.6795649445));
#1313 = CARTESIAN_POINT('',(3.2,0.,-9.600000003));
#1314 = PCURVE('',#1170,#1315);
#1315 = DEFINITIONAL_REPRESENTATION('',(#1316),#1320);
#1316 = B_SPLINE_CURVE_WITH_KNOTS('',2,(#1317,#1318,#1319),
  .UNSPECIFIED.,.F.,.F.,(3,3),(0.375,0.5),.PIECEWISE_BEZIER_KNOTS.);
#1317 = CARTESIAN_POINT('',(0.806039122,0.426089637));
#1318 = CARTESIAN_POINT('',(0.799964045,0.42));
#1319 = CARTESIAN_POINT('',(0.79338843,0.42));
#1320 = ( GEOMETRIC_REPRESENTATION_CONTEXT(2) 
PARAMETRIC_REPRESENTATION_CONTEXT() REPRESENTATION_CONTEXT('2D SPACE',''
  ) );
#1321 = ORIENTED_EDGE('',*,*,#1322,.T.);
#1322 = EDGE_CURVE('',#1307,#1323,#1325,.T.);
#1323 = VERTEX_POINT('',#1324);
#1324 = CARTESIAN_POINT('',(3.230448185,0.,-9.4469266298));
#1325 = SURFACE_CURVE('',#1326,(#1330),.PCURVE_S1.);
#1326 = B_SPLINE_CURVE_WITH_KNOTS('',2,(#1327,#1328,#1329),
  .UNSPECIFIED.,.F.,.F.,(3,3),(0.5,0.625),.PIECEWISE_BEZIER_KNOTS.);
#1327 = CARTESIAN_POINT('',(3.2,0.,-9.600000003));
#1328 = CARTESIAN_POINT('',(3.2,0.,-9.5204350494));
#1329 = CARTESIAN_POINT('',(3.230448185,0.,-9.4469266298));
#1330 = PCURVE('',#1170,#1331);
#1331 = DEFINITIONAL_REPRESENTATION('',(#1332),#1336);
#1332 = B_SPLINE_CURVE_WITH_KNOTS('',2,(#1333,#1334,#1335),
  .UNSPECIFIED.,.F.,.F.,(3,3),(0.5,0.625),.PIECEWISE_BEZIER_KNOTS.);
#1333 = CARTESIAN_POINT('',(0.79338843,0.42));
#1334 = CARTESIAN_POINT('',(0.786812814,0.42));
#1335 = CARTESIAN_POINT('',(0.780737738,0.426089637));
#1336 = ( GEOMETRIC_REPRESENTATION_CONTEXT(2) 
PARAMETRIC_REPRESENTATION_CONTEXT() REPRESENTATION_CONTEXT('2D SPACE',''
  ) );
#1337 = ORIENTED_EDGE('',*,*,#1338,.T.);
#1338 = EDGE_CURVE('',#1323,#1339,#1341,.T.);
#1339 = VERTEX_POINT('',#1340);
#1340 = CARTESIAN_POINT('',(3.31715729,0.,-9.3171572879));
#1341 = SURFACE_CURVE('',#1342,(#1346),.PCURVE_S1.);
#1342 = B_SPLINE_CURVE_WITH_KNOTS('',2,(#1343,#1344,#1345),
  .UNSPECIFIED.,.F.,.F.,(3,3),(0.625,0.75),.PIECEWISE_BEZIER_KNOTS.);
#1343 = CARTESIAN_POINT('',(3.230448185,0.,-9.4469266298));
#1344 = CARTESIAN_POINT('',(3.260896375,0.,-9.3734181981));
#1345 = CARTESIAN_POINT('',(3.31715729,0.,-9.3171572879));
#1346 = PCURVE('',#1170,#1347);
#1347 = DEFINITIONAL_REPRESENTATION('',(#1348),#1352);
#1348 = B_SPLINE_CURVE_WITH_KNOTS('',2,(#1349,#1350,#1351),
  .UNSPECIFIED.,.F.,.F.,(3,3),(0.625,0.75),.PIECEWISE_BEZIER_KNOTS.);
#1349 = CARTESIAN_POINT('',(0.780737738,0.426089637));
#1350 = CARTESIAN_POINT('',(0.774662661,0.432179275));
#1351 = CARTESIAN_POINT('',(0.770012999,0.443431458));
#1352 = ( GEOMETRIC_REPRESENTATION_CONTEXT(2) 
PARAMETRIC_REPRESENTATION_CONTEXT() REPRESENTATION_CONTEXT('2D SPACE',''
  ) );
#1353 = ORIENTED_EDGE('',*,*,#1354,.T.);
#1354 = EDGE_CURVE('',#1339,#1355,#1357,.T.);
#1355 = VERTEX_POINT('',#1356);
#1356 = CARTESIAN_POINT('',(3.446926625,0.,-9.2304481918));
#1357 = SURFACE_CURVE('',#1358,(#1362),.PCURVE_S1.);
#1358 = B_SPLINE_CURVE_WITH_KNOTS('',2,(#1359,#1360,#1361),
  .UNSPECIFIED.,.F.,.F.,(3,3),(0.75,0.875),.PIECEWISE_BEZIER_KNOTS.);
#1359 = CARTESIAN_POINT('',(3.31715729,0.,-9.3171572879));
#1360 = CARTESIAN_POINT('',(3.3734182,0.,-9.2608963777));
#1361 = CARTESIAN_POINT('',(3.446926625,0.,-9.2304481918));
#1362 = PCURVE('',#1170,#1363);
#1363 = DEFINITIONAL_REPRESENTATION('',(#1364),#1368);
#1364 = B_SPLINE_CURVE_WITH_KNOTS('',2,(#1365,#1366,#1367),
  .UNSPECIFIED.,.F.,.F.,(3,3),(0.75,0.875),.PIECEWISE_BEZIER_KNOTS.);
#1365 = CARTESIAN_POINT('',(0.770012999,0.443431458));
#1366 = CARTESIAN_POINT('',(0.765363337,0.45468364));
#1367 = CARTESIAN_POINT('',(0.762846958,0.469385325));
#1368 = ( GEOMETRIC_REPRESENTATION_CONTEXT(2) 
PARAMETRIC_REPRESENTATION_CONTEXT() REPRESENTATION_CONTEXT('2D SPACE',''
  ) );
#1369 = ORIENTED_EDGE('',*,*,#1370,.T.);
#1370 = EDGE_CURVE('',#1355,#1371,#1373,.T.);
#1371 = VERTEX_POINT('',#1372);
#1372 = CARTESIAN_POINT('',(3.6,0.,-9.2000000059));
#1373 = SURFACE_CURVE('',#1374,(#1378),.PCURVE_S1.);
#1374 = B_SPLINE_CURVE_WITH_KNOTS('',2,(#1375,#1376,#1377),
  .UNSPECIFIED.,.F.,.F.,(3,3),(0.875,1.),.PIECEWISE_BEZIER_KNOTS.);
#1375 = CARTESIAN_POINT('',(3.446926625,0.,-9.2304481918));
#1376 = CARTESIAN_POINT('',(3.520435055,0.,-9.2000000059));
#1377 = CARTESIAN_POINT('',(3.6,0.,-9.2000000059));
#1378 = PCURVE('',#1170,#1379);
#1379 = DEFINITIONAL_REPRESENTATION('',(#1380),#1384);
#1380 = B_SPLINE_CURVE_WITH_KNOTS('',2,(#1381,#1382,#1383),
  .UNSPECIFIED.,.F.,.F.,(3,3),(0.875,1.),.PIECEWISE_BEZIER_KNOTS.);
#1381 = CARTESIAN_POINT('',(0.762846958,0.469385325));
#1382 = CARTESIAN_POINT('',(0.760330579,0.484087011));
#1383 = CARTESIAN_POINT('',(0.760330579,0.5));
#1384 = ( GEOMETRIC_REPRESENTATION_CONTEXT(2) 
PARAMETRIC_REPRESENTATION_CONTEXT() REPRESENTATION_CONTEXT('2D SPACE',''
  ) );
#1385 = ORIENTED_EDGE('',*,*,#1386,.T.);
#1386 = EDGE_CURVE('',#1371,#1387,#1389,.T.);
#1387 = VERTEX_POINT('',#1388);
#1388 = CARTESIAN_POINT('',(3.753073375,0.,-9.2304481918));
#1389 = SURFACE_CURVE('',#1390,(#1394),.PCURVE_S1.);
#1390 = B_SPLINE_CURVE_WITH_KNOTS('',2,(#1391,#1392,#1393),
  .UNSPECIFIED.,.F.,.F.,(3,3),(0.,0.125),.PIECEWISE_BEZIER_KNOTS.);
#1391 = CARTESIAN_POINT('',(3.6,0.,-9.2000000059));
#1392 = CARTESIAN_POINT('',(3.679564945,0.,-9.2000000059));
#1393 = CARTESIAN_POINT('',(3.753073375,0.,-9.2304481918));
#1394 = PCURVE('',#1170,#1395);
#1395 = DEFINITIONAL_REPRESENTATION('',(#1396),#1400);
#1396 = B_SPLINE_CURVE_WITH_KNOTS('',2,(#1397,#1398,#1399),
  .UNSPECIFIED.,.F.,.F.,(3,3),(0.,0.125),.PIECEWISE_BEZIER_KNOTS.);
#1397 = CARTESIAN_POINT('',(0.760330579,0.5));
#1398 = CARTESIAN_POINT('',(0.760330579,0.515912989));
#1399 = CARTESIAN_POINT('',(0.762846958,0.530614675));
#1400 = ( GEOMETRIC_REPRESENTATION_CONTEXT(2) 
PARAMETRIC_REPRESENTATION_CONTEXT() REPRESENTATION_CONTEXT('2D SPACE',''
  ) );
#1401 = ORIENTED_EDGE('',*,*,#1402,.T.);
#1402 = EDGE_CURVE('',#1387,#1403,#1405,.T.);
#1403 = VERTEX_POINT('',#1404);
#1404 = CARTESIAN_POINT('',(3.88284271,0.,-9.3171572879));
#1405 = SURFACE_CURVE('',#1406,(#1410),.PCURVE_S1.);
#1406 = B_SPLINE_CURVE_WITH_KNOTS('',2,(#1407,#1408,#1409),
  .UNSPECIFIED.,.F.,.F.,(3,3),(0.125,0.25),.PIECEWISE_BEZIER_KNOTS.);
#1407 = CARTESIAN_POINT('',(3.753073375,0.,-9.2304481918));
#1408 = CARTESIAN_POINT('',(3.8265818,0.,-9.2608963777));
#1409 = CARTESIAN_POINT('',(3.88284271,0.,-9.3171572879));
#1410 = PCURVE('',#1170,#1411);
#1411 = DEFINITIONAL_REPRESENTATION('',(#1412),#1416);
#1412 = B_SPLINE_CURVE_WITH_KNOTS('',2,(#1413,#1414,#1415),
  .UNSPECIFIED.,.F.,.F.,(3,3),(0.125,0.25),.PIECEWISE_BEZIER_KNOTS.);
#1413 = CARTESIAN_POINT('',(0.762846958,0.530614675));
#1414 = CARTESIAN_POINT('',(0.765363337,0.54531636));
#1415 = CARTESIAN_POINT('',(0.770012999,0.556568542));
#1416 = ( GEOMETRIC_REPRESENTATION_CONTEXT(2) 
PARAMETRIC_REPRESENTATION_CONTEXT() REPRESENTATION_CONTEXT('2D SPACE',''
  ) );
#1417 = ORIENTED_EDGE('',*,*,#1418,.T.);
#1418 = EDGE_CURVE('',#1403,#1419,#1421,.T.);
#1419 = VERTEX_POINT('',#1420);
#1420 = CARTESIAN_POINT('',(3.969551815,0.,-9.4469266298));
#1421 = SURFACE_CURVE('',#1422,(#1426),.PCURVE_S1.);
#1422 = B_SPLINE_CURVE_WITH_KNOTS('',2,(#1423,#1424,#1425),
  .UNSPECIFIED.,.F.,.F.,(3,3),(0.25,0.375),.PIECEWISE_BEZIER_KNOTS.);
#1423 = CARTESIAN_POINT('',(3.88284271,0.,-9.3171572879));
#1424 = CARTESIAN_POINT('',(3.939103625,0.,-9.3734181981));
#1425 = CARTESIAN_POINT('',(3.969551815,0.,-9.4469266298));
#1426 = PCURVE('',#1170,#1427);
#1427 = DEFINITIONAL_REPRESENTATION('',(#1428),#1432);
#1428 = B_SPLINE_CURVE_WITH_KNOTS('',2,(#1429,#1430,#1431),
  .UNSPECIFIED.,.F.,.F.,(3,3),(0.25,0.375),.PIECEWISE_BEZIER_KNOTS.);
#1429 = CARTESIAN_POINT('',(0.770012999,0.556568542));
#1430 = CARTESIAN_POINT('',(0.774662661,0.567820725));
#1431 = CARTESIAN_POINT('',(0.780737738,0.573910363));
#1432 = ( GEOMETRIC_REPRESENTATION_CONTEXT(2) 
PARAMETRIC_REPRESENTATION_CONTEXT() REPRESENTATION_CONTEXT('2D SPACE',''
  ) );
#1433 = ORIENTED_EDGE('',*,*,#1434,.T.);
#1434 = EDGE_CURVE('',#1419,#1435,#1437,.T.);
#1435 = VERTEX_POINT('',#1436);
#1436 = CARTESIAN_POINT('',(4.,0.,-9.600000003));
#1437 = SURFACE_CURVE('',#1438,(#1442),.PCURVE_S1.);
#1438 = B_SPLINE_CURVE_WITH_KNOTS('',2,(#1439,#1440,#1441),
  .UNSPECIFIED.,.F.,.F.,(3,3),(0.375,0.5),.PIECEWISE_BEZIER_KNOTS.);
#1439 = CARTESIAN_POINT('',(3.969551815,0.,-9.4469266298));
#1440 = CARTESIAN_POINT('',(4.,0.,-9.5204350494));
#1441 = CARTESIAN_POINT('',(4.,0.,-9.600000003));
#1442 = PCURVE('',#1170,#1443);
#1443 = DEFINITIONAL_REPRESENTATION('',(#1444),#1448);
#1444 = B_SPLINE_CURVE_WITH_KNOTS('',2,(#1445,#1446,#1447),
  .UNSPECIFIED.,.F.,.F.,(3,3),(0.375,0.5),.PIECEWISE_BEZIER_KNOTS.);
#1445 = CARTESIAN_POINT('',(0.780737738,0.573910363));
#1446 = CARTESIAN_POINT('',(0.786812814,0.58));
#1447 = CARTESIAN_POINT('',(0.79338843,0.58));
#1448 = ( GEOMETRIC_REPRESENTATION_CONTEXT(2) 
PARAMETRIC_REPRESENTATION_CONTEXT() REPRESENTATION_CONTEXT('2D SPACE',''
  ) );
#1449 = ORIENTED_EDGE('',*,*,#1450,.T.);
#1450 = EDGE_CURVE('',#1435,#1451,#1453,.T.);
#1451 = VERTEX_POINT('',#1452);
#1452 = CARTESIAN_POINT('',(3.969551815,0.,-9.7530733762));
#1453 = SURFACE_CURVE('',#1454,(#1458),.PCURVE_S1.);
#1454 = B_SPLINE_CURVE_WITH_KNOTS('',2,(#1455,#1456,#1457),
  .UNSPECIFIED.,.F.,.F.,(3,3),(0.5,0.625),.PIECEWISE_BEZIER_KNOTS.);
#1455 = CARTESIAN_POINT('',(4.,0.,-9.600000003));
#1456 = CARTESIAN_POINT('',(4.,0.,-9.6795649445));
#1457 = CARTESIAN_POINT('',(3.969551815,0.,-9.7530733762));
#1458 = PCURVE('',#1170,#1459);
#1459 = DEFINITIONAL_REPRESENTATION('',(#1460),#1464);
#1460 = B_SPLINE_CURVE_WITH_KNOTS('',2,(#1461,#1462,#1463),
  .UNSPECIFIED.,.F.,.F.,(3,3),(0.5,0.625),.PIECEWISE_BEZIER_KNOTS.);
#1461 = CARTESIAN_POINT('',(0.79338843,0.58));
#1462 = CARTESIAN_POINT('',(0.799964045,0.58));
#1463 = CARTESIAN_POINT('',(0.806039122,0.573910363));
#1464 = ( GEOMETRIC_REPRESENTATION_CONTEXT(2) 
PARAMETRIC_REPRESENTATION_CONTEXT() REPRESENTATION_CONTEXT('2D SPACE',''
  ) );
#1465 = ORIENTED_EDGE('',*,*,#1466,.T.);
#1466 = EDGE_CURVE('',#1451,#1467,#1469,.T.);
#1467 = VERTEX_POINT('',#1468);
#1468 = CARTESIAN_POINT('',(3.88284271,0.,-9.8828427181));
#1469 = SURFACE_CURVE('',#1470,(#1474),.PCURVE_S1.);
#1470 = B_SPLINE_CURVE_WITH_KNOTS('',2,(#1471,#1472,#1473),
  .UNSPECIFIED.,.F.,.F.,(3,3),(0.625,0.75),.PIECEWISE_BEZIER_KNOTS.);
#1471 = CARTESIAN_POINT('',(3.969551815,0.,-9.7530733762));
#1472 = CARTESIAN_POINT('',(3.939103625,0.,-9.8265817958));
#1473 = CARTESIAN_POINT('',(3.88284271,0.,-9.8828427181));
#1474 = PCURVE('',#1170,#1475);
#1475 = DEFINITIONAL_REPRESENTATION('',(#1476),#1480);
#1476 = B_SPLINE_CURVE_WITH_KNOTS('',2,(#1477,#1478,#1479),
  .UNSPECIFIED.,.F.,.F.,(3,3),(0.625,0.75),.PIECEWISE_BEZIER_KNOTS.);
#1477 = CARTESIAN_POINT('',(0.806039122,0.573910363));
#1478 = CARTESIAN_POINT('',(0.812114198,0.567820725));
#1479 = CARTESIAN_POINT('',(0.816763861,0.556568542));
#1480 = ( GEOMETRIC_REPRESENTATION_CONTEXT(2) 
PARAMETRIC_REPRESENTATION_CONTEXT() REPRESENTATION_CONTEXT('2D SPACE',''
  ) );
#1481 = ORIENTED_EDGE('',*,*,#1482,.T.);
#1482 = EDGE_CURVE('',#1467,#1483,#1485,.T.);
#1483 = VERTEX_POINT('',#1484);
#1484 = CARTESIAN_POINT('',(3.753073375,0.,-9.9695518142));
#1485 = SURFACE_CURVE('',#1486,(#1490),.PCURVE_S1.);
#1486 = B_SPLINE_CURVE_WITH_KNOTS('',2,(#1487,#1488,#1489),
  .UNSPECIFIED.,.F.,.F.,(3,3),(0.75,0.875),.PIECEWISE_BEZIER_KNOTS.);
#1487 = CARTESIAN_POINT('',(3.88284271,0.,-9.8828427181));
#1488 = CARTESIAN_POINT('',(3.8265818,0.,-9.9391036283));
#1489 = CARTESIAN_POINT('',(3.753073375,0.,-9.9695518142));
#1490 = PCURVE('',#1170,#1491);
#1491 = DEFINITIONAL_REPRESENTATION('',(#1492),#1496);
#1492 = B_SPLINE_CURVE_WITH_KNOTS('',2,(#1493,#1494,#1495),
  .UNSPECIFIED.,.F.,.F.,(3,3),(0.75,0.875),.PIECEWISE_BEZIER_KNOTS.);
#1493 = CARTESIAN_POINT('',(0.816763861,0.556568542));
#1494 = CARTESIAN_POINT('',(0.821413523,0.54531636));
#1495 = CARTESIAN_POINT('',(0.823929902,0.530614675));
#1496 = ( GEOMETRIC_REPRESENTATION_CONTEXT(2) 
PARAMETRIC_REPRESENTATION_CONTEXT() REPRESENTATION_CONTEXT('2D SPACE',''
  ) );
#1497 = ORIENTED_EDGE('',*,*,#1498,.T.);
#1498 = EDGE_CURVE('',#1483,#1257,#1499,.T.);
#1499 = SURFACE_CURVE('',#1500,(#1504),.PCURVE_S1.);
#1500 = B_SPLINE_CURVE_WITH_KNOTS('',2,(#1501,#1502,#1503),
  .UNSPECIFIED.,.F.,.F.,(3,3),(0.875,1.),.PIECEWISE_BEZIER_KNOTS.);
#1501 = CARTESIAN_POINT('',(3.753073375,0.,-9.9695518142));
#1502 = CARTESIAN_POINT('',(3.679564945,0.,-10.0000000001));
#1503 = CARTESIAN_POINT('',(3.6,0.,-10.0000000001));
#1504 = PCURVE('',#1170,#1505);
#1505 = DEFINITIONAL_REPRESENTATION('',(#1506),#1510);
#1506 = B_SPLINE_CURVE_WITH_KNOTS('',2,(#1507,#1508,#1509),
  .UNSPECIFIED.,.F.,.F.,(3,3),(0.875,1.),.PIECEWISE_BEZIER_KNOTS.);
#1507 = CARTESIAN_POINT('',(0.823929902,0.530614675));
#1508 = CARTESIAN_POINT('',(0.826446281,0.515912989));
#1509 = CARTESIAN_POINT('',(0.826446281,0.5));
#1510 = ( GEOMETRIC_REPRESENTATION_CONTEXT(2) 
PARAMETRIC_REPRESENTATION_CONTEXT() REPRESENTATION_CONTEXT('2D SPACE',''
  ) );
#1511 = FACE_BOUND('',#1512,.T.);
#1512 = EDGE_LOOP('',(#1513,#1531,#1547,#1563,#1579,#1595,#1611,#1627,
    #1643,#1659,#1675,#1691,#1707,#1723,#1739,#1755));
#1513 = ORIENTED_EDGE('',*,*,#1514,.T.);
#1514 = EDGE_CURVE('',#1515,#1517,#1519,.T.);
#1515 = VERTEX_POINT('',#1516);
#1516 = CARTESIAN_POINT('',(3.6,0.,-2.499999997));
#1517 = VERTEX_POINT('',#1518);
#1518 = CARTESIAN_POINT('',(3.446926625,0.,-2.4695518111));
#1519 = SURFACE_CURVE('',#1520,(#1524),.PCURVE_S1.);
#1520 = B_SPLINE_CURVE_WITH_KNOTS('',2,(#1521,#1522,#1523),
  .UNSPECIFIED.,.F.,.F.,(3,3),(0.,0.125),.PIECEWISE_BEZIER_KNOTS.);
#1521 = CARTESIAN_POINT('',(3.6,0.,-2.499999997));
#1522 = CARTESIAN_POINT('',(3.520435055,0.,-2.499999997));
#1523 = CARTESIAN_POINT('',(3.446926625,0.,-2.4695518111));
#1524 = PCURVE('',#1170,#1525);
#1525 = DEFINITIONAL_REPRESENTATION('',(#1526),#1530);
#1526 = B_SPLINE_CURVE_WITH_KNOTS('',2,(#1527,#1528,#1529),
  .UNSPECIFIED.,.F.,.F.,(3,3),(0.,0.125),.PIECEWISE_BEZIER_KNOTS.);
#1527 = CARTESIAN_POINT('',(0.20661157,0.5));
#1528 = CARTESIAN_POINT('',(0.20661157,0.484087011));
#1529 = CARTESIAN_POINT('',(0.204095191,0.469385325));
#1530 = ( GEOMETRIC_REPRESENTATION_CONTEXT(2) 
PARAMETRIC_REPRESENTATION_CONTEXT() REPRESENTATION_CONTEXT('2D SPACE',''
  ) );
#1531 = ORIENTED_EDGE('',*,*,#1532,.T.);
#1532 = EDGE_CURVE('',#1517,#1533,#1535,.T.);
#1533 = VERTEX_POINT('',#1534);
#1534 = CARTESIAN_POINT('',(3.31715729,0.,-2.382842715));
#1535 = SURFACE_CURVE('',#1536,(#1540),.PCURVE_S1.);
#1536 = B_SPLINE_CURVE_WITH_KNOTS('',2,(#1537,#1538,#1539),
  .UNSPECIFIED.,.F.,.F.,(3,3),(0.125,0.25),.PIECEWISE_BEZIER_KNOTS.);
#1537 = CARTESIAN_POINT('',(3.446926625,0.,-2.4695518111));
#1538 = CARTESIAN_POINT('',(3.3734182,0.,-2.4391036252));
#1539 = CARTESIAN_POINT('',(3.31715729,0.,-2.382842715));
#1540 = PCURVE('',#1170,#1541);
#1541 = DEFINITIONAL_REPRESENTATION('',(#1542),#1546);
#1542 = B_SPLINE_CURVE_WITH_KNOTS('',2,(#1543,#1544,#1545),
  .UNSPECIFIED.,.F.,.F.,(3,3),(0.125,0.25),.PIECEWISE_BEZIER_KNOTS.);
#1543 = CARTESIAN_POINT('',(0.204095191,0.469385325));
#1544 = CARTESIAN_POINT('',(0.201578812,0.45468364));
#1545 = CARTESIAN_POINT('',(0.19692915,0.443431458));
#1546 = ( GEOMETRIC_REPRESENTATION_CONTEXT(2) 
PARAMETRIC_REPRESENTATION_CONTEXT() REPRESENTATION_CONTEXT('2D SPACE',''
  ) );
#1547 = ORIENTED_EDGE('',*,*,#1548,.T.);
#1548 = EDGE_CURVE('',#1533,#1549,#1551,.T.);
#1549 = VERTEX_POINT('',#1550);
#1550 = CARTESIAN_POINT('',(3.230448185,0.,-2.2530733731));
#1551 = SURFACE_CURVE('',#1552,(#1556),.PCURVE_S1.);
#1552 = B_SPLINE_CURVE_WITH_KNOTS('',2,(#1553,#1554,#1555),
  .UNSPECIFIED.,.F.,.F.,(3,3),(0.25,0.375),.PIECEWISE_BEZIER_KNOTS.);
#1553 = CARTESIAN_POINT('',(3.31715729,0.,-2.382842715));
#1554 = CARTESIAN_POINT('',(3.260896375,0.,-2.3265818048));
#1555 = CARTESIAN_POINT('',(3.230448185,0.,-2.2530733731));
#1556 = PCURVE('',#1170,#1557);
#1557 = DEFINITIONAL_REPRESENTATION('',(#1558),#1562);
#1558 = B_SPLINE_CURVE_WITH_KNOTS('',2,(#1559,#1560,#1561),
  .UNSPECIFIED.,.F.,.F.,(3,3),(0.25,0.375),.PIECEWISE_BEZIER_KNOTS.);
#1559 = CARTESIAN_POINT('',(0.19692915,0.443431458));
#1560 = CARTESIAN_POINT('',(0.192279488,0.432179275));
#1561 = CARTESIAN_POINT('',(0.186204411,0.426089637));
#1562 = ( GEOMETRIC_REPRESENTATION_CONTEXT(2) 
PARAMETRIC_REPRESENTATION_CONTEXT() REPRESENTATION_CONTEXT('2D SPACE',''
  ) );
#1563 = ORIENTED_EDGE('',*,*,#1564,.T.);
#1564 = EDGE_CURVE('',#1549,#1565,#1567,.T.);
#1565 = VERTEX_POINT('',#1566);
#1566 = CARTESIAN_POINT('',(3.2,0.,-2.0999999999));
#1567 = SURFACE_CURVE('',#1568,(#1572),.PCURVE_S1.);
#1568 = B_SPLINE_CURVE_WITH_KNOTS('',2,(#1569,#1570,#1571),
  .UNSPECIFIED.,.F.,.F.,(3,3),(0.375,0.5),.PIECEWISE_BEZIER_KNOTS.);
#1569 = CARTESIAN_POINT('',(3.230448185,0.,-2.2530733731));
#1570 = CARTESIAN_POINT('',(3.2,0.,-2.1795649414));
#1571 = CARTESIAN_POINT('',(3.2,0.,-2.0999999999));
#1572 = PCURVE('',#1170,#1573);
#1573 = DEFINITIONAL_REPRESENTATION('',(#1574),#1578);
#1574 = B_SPLINE_CURVE_WITH_KNOTS('',2,(#1575,#1576,#1577),
  .UNSPECIFIED.,.F.,.F.,(3,3),(0.375,0.5),.PIECEWISE_BEZIER_KNOTS.);
#1575 = CARTESIAN_POINT('',(0.186204411,0.426089637));
#1576 = CARTESIAN_POINT('',(0.180129334,0.42));
#1577 = CARTESIAN_POINT('',(0.173553719,0.42));
#1578 = ( GEOMETRIC_REPRESENTATION_CONTEXT(2) 
PARAMETRIC_REPRESENTATION_CONTEXT() REPRESENTATION_CONTEXT('2D SPACE',''
  ) );
#1579 = ORIENTED_EDGE('',*,*,#1580,.T.);
#1580 = EDGE_CURVE('',#1565,#1581,#1583,.T.);
#1581 = VERTEX_POINT('',#1582);
#1582 = CARTESIAN_POINT('',(3.230448185,0.,-1.9469266267));
#1583 = SURFACE_CURVE('',#1584,(#1588),.PCURVE_S1.);
#1584 = B_SPLINE_CURVE_WITH_KNOTS('',2,(#1585,#1586,#1587),
  .UNSPECIFIED.,.F.,.F.,(3,3),(0.5,0.625),.PIECEWISE_BEZIER_KNOTS.);
#1585 = CARTESIAN_POINT('',(3.2,0.,-2.0999999999));
#1586 = CARTESIAN_POINT('',(3.2,0.,-2.0204350584));
#1587 = CARTESIAN_POINT('',(3.230448185,0.,-1.9469266267));
#1588 = PCURVE('',#1170,#1589);
#1589 = DEFINITIONAL_REPRESENTATION('',(#1590),#1594);
#1590 = B_SPLINE_CURVE_WITH_KNOTS('',2,(#1591,#1592,#1593),
  .UNSPECIFIED.,.F.,.F.,(3,3),(0.5,0.625),.PIECEWISE_BEZIER_KNOTS.);
#1591 = CARTESIAN_POINT('',(0.173553719,0.42));
#1592 = CARTESIAN_POINT('',(0.166978104,0.42));
#1593 = CARTESIAN_POINT('',(0.160903027,0.426089637));
#1594 = ( GEOMETRIC_REPRESENTATION_CONTEXT(2) 
PARAMETRIC_REPRESENTATION_CONTEXT() REPRESENTATION_CONTEXT('2D SPACE',''
  ) );
#1595 = ORIENTED_EDGE('',*,*,#1596,.T.);
#1596 = EDGE_CURVE('',#1581,#1597,#1599,.T.);
#1597 = VERTEX_POINT('',#1598);
#1598 = CARTESIAN_POINT('',(3.31715729,0.,-1.8171572848));
#1599 = SURFACE_CURVE('',#1600,(#1604),.PCURVE_S1.);
#1600 = B_SPLINE_CURVE_WITH_KNOTS('',2,(#1601,#1602,#1603),
  .UNSPECIFIED.,.F.,.F.,(3,3),(0.625,0.75),.PIECEWISE_BEZIER_KNOTS.);
#1601 = CARTESIAN_POINT('',(3.230448185,0.,-1.9469266267));
#1602 = CARTESIAN_POINT('',(3.260896375,0.,-1.8734182071));
#1603 = CARTESIAN_POINT('',(3.31715729,0.,-1.8171572848));
#1604 = PCURVE('',#1170,#1605);
#1605 = DEFINITIONAL_REPRESENTATION('',(#1606),#1610);
#1606 = B_SPLINE_CURVE_WITH_KNOTS('',2,(#1607,#1608,#1609),
  .UNSPECIFIED.,.F.,.F.,(3,3),(0.625,0.75),.PIECEWISE_BEZIER_KNOTS.);
#1607 = CARTESIAN_POINT('',(0.160903027,0.426089637));
#1608 = CARTESIAN_POINT('',(0.154827951,0.432179275));
#1609 = CARTESIAN_POINT('',(0.150178288,0.443431458));
#1610 = ( GEOMETRIC_REPRESENTATION_CONTEXT(2) 
PARAMETRIC_REPRESENTATION_CONTEXT() REPRESENTATION_CONTEXT('2D SPACE',''
  ) );
#1611 = ORIENTED_EDGE('',*,*,#1612,.T.);
#1612 = EDGE_CURVE('',#1597,#1613,#1615,.T.);
#1613 = VERTEX_POINT('',#1614);
#1614 = CARTESIAN_POINT('',(3.446926625,0.,-1.7304481887));
#1615 = SURFACE_CURVE('',#1616,(#1620),.PCURVE_S1.);
#1616 = B_SPLINE_CURVE_WITH_KNOTS('',2,(#1617,#1618,#1619),
  .UNSPECIFIED.,.F.,.F.,(3,3),(0.75,0.875),.PIECEWISE_BEZIER_KNOTS.);
#1617 = CARTESIAN_POINT('',(3.31715729,0.,-1.8171572848));
#1618 = CARTESIAN_POINT('',(3.3734182,0.,-1.7608963746));
#1619 = CARTESIAN_POINT('',(3.446926625,0.,-1.7304481887));
#1620 = PCURVE('',#1170,#1621);
#1621 = DEFINITIONAL_REPRESENTATION('',(#1622),#1626);
#1622 = B_SPLINE_CURVE_WITH_KNOTS('',2,(#1623,#1624,#1625),
  .UNSPECIFIED.,.F.,.F.,(3,3),(0.75,0.875),.PIECEWISE_BEZIER_KNOTS.);
#1623 = CARTESIAN_POINT('',(0.150178288,0.443431458));
#1624 = CARTESIAN_POINT('',(0.145528626,0.45468364));
#1625 = CARTESIAN_POINT('',(0.143012247,0.469385325));
#1626 = ( GEOMETRIC_REPRESENTATION_CONTEXT(2) 
PARAMETRIC_REPRESENTATION_CONTEXT() REPRESENTATION_CONTEXT('2D SPACE',''
  ) );
#1627 = ORIENTED_EDGE('',*,*,#1628,.T.);
#1628 = EDGE_CURVE('',#1613,#1629,#1631,.T.);
#1629 = VERTEX_POINT('',#1630);
#1630 = CARTESIAN_POINT('',(3.6,0.,-1.7000000028));
#1631 = SURFACE_CURVE('',#1632,(#1636),.PCURVE_S1.);
#1632 = B_SPLINE_CURVE_WITH_KNOTS('',2,(#1633,#1634,#1635),
  .UNSPECIFIED.,.F.,.F.,(3,3),(0.875,1.),.PIECEWISE_BEZIER_KNOTS.);
#1633 = CARTESIAN_POINT('',(3.446926625,0.,-1.7304481887));
#1634 = CARTESIAN_POINT('',(3.520435055,0.,-1.7000000028));
#1635 = CARTESIAN_POINT('',(3.6,0.,-1.7000000028));
#1636 = PCURVE('',#1170,#1637);
#1637 = DEFINITIONAL_REPRESENTATION('',(#1638),#1642);
#1638 = B_SPLINE_CURVE_WITH_KNOTS('',2,(#1639,#1640,#1641),
  .UNSPECIFIED.,.F.,.F.,(3,3),(0.875,1.),.PIECEWISE_BEZIER_KNOTS.);
#1639 = CARTESIAN_POINT('',(0.143012247,0.469385325));
#1640 = CARTESIAN_POINT('',(0.140495868,0.484087011));
#1641 = CARTESIAN_POINT('',(0.140495868,0.5));
#1642 = ( GEOMETRIC_REPRESENTATION_CONTEXT(2) 
PARAMETRIC_REPRESENTATION_CONTEXT() REPRESENTATION_CONTEXT('2D SPACE',''
  ) );
#1643 = ORIENTED_EDGE('',*,*,#1644,.T.);
#1644 = EDGE_CURVE('',#1629,#1645,#1647,.T.);
#1645 = VERTEX_POINT('',#1646);
#1646 = CARTESIAN_POINT('',(3.753073375,0.,-1.7304481887));
#1647 = SURFACE_CURVE('',#1648,(#1652),.PCURVE_S1.);
#1648 = B_SPLINE_CURVE_WITH_KNOTS('',2,(#1649,#1650,#1651),
  .UNSPECIFIED.,.F.,.F.,(3,3),(0.,0.125),.PIECEWISE_BEZIER_KNOTS.);
#1649 = CARTESIAN_POINT('',(3.6,0.,-1.7000000028));
#1650 = CARTESIAN_POINT('',(3.679564945,0.,-1.7000000028));
#1651 = CARTESIAN_POINT('',(3.753073375,0.,-1.7304481887));
#1652 = PCURVE('',#1170,#1653);
#1653 = DEFINITIONAL_REPRESENTATION('',(#1654),#1658);
#1654 = B_SPLINE_CURVE_WITH_KNOTS('',2,(#1655,#1656,#1657),
  .UNSPECIFIED.,.F.,.F.,(3,3),(0.,0.125),.PIECEWISE_BEZIER_KNOTS.);
#1655 = CARTESIAN_POINT('',(0.140495868,0.5));
#1656 = CARTESIAN_POINT('',(0.140495868,0.515912989));
#1657 = CARTESIAN_POINT('',(0.143012247,0.530614675));
#1658 = ( GEOMETRIC_REPRESENTATION_CONTEXT(2) 
PARAMETRIC_REPRESENTATION_CONTEXT() REPRESENTATION_CONTEXT('2D SPACE',''
  ) );
#1659 = ORIENTED_EDGE('',*,*,#1660,.T.);
#1660 = EDGE_CURVE('',#1645,#1661,#1663,.T.);
#1661 = VERTEX_POINT('',#1662);
#1662 = CARTESIAN_POINT('',(3.88284271,0.,-1.8171572848));
#1663 = SURFACE_CURVE('',#1664,(#1668),.PCURVE_S1.);
#1664 = B_SPLINE_CURVE_WITH_KNOTS('',2,(#1665,#1666,#1667),
  .UNSPECIFIED.,.F.,.F.,(3,3),(0.125,0.25),.PIECEWISE_BEZIER_KNOTS.);
#1665 = CARTESIAN_POINT('',(3.753073375,0.,-1.7304481887));
#1666 = CARTESIAN_POINT('',(3.8265818,0.,-1.7608963746));
#1667 = CARTESIAN_POINT('',(3.88284271,0.,-1.8171572848));
#1668 = PCURVE('',#1170,#1669);
#1669 = DEFINITIONAL_REPRESENTATION('',(#1670),#1674);
#1670 = B_SPLINE_CURVE_WITH_KNOTS('',2,(#1671,#1672,#1673),
  .UNSPECIFIED.,.F.,.F.,(3,3),(0.125,0.25),.PIECEWISE_BEZIER_KNOTS.);
#1671 = CARTESIAN_POINT('',(0.143012247,0.530614675));
#1672 = CARTESIAN_POINT('',(0.145528626,0.54531636));
#1673 = CARTESIAN_POINT('',(0.150178288,0.556568542));
#1674 = ( GEOMETRIC_REPRESENTATION_CONTEXT(2) 
PARAMETRIC_REPRESENTATION_CONTEXT() REPRESENTATION_CONTEXT('2D SPACE',''
  ) );
#1675 = ORIENTED_EDGE('',*,*,#1676,.T.);
#1676 = EDGE_CURVE('',#1661,#1677,#1679,.T.);
#1677 = VERTEX_POINT('',#1678);
#1678 = CARTESIAN_POINT('',(3.969551815,0.,-1.9469266267));
#1679 = SURFACE_CURVE('',#1680,(#1684),.PCURVE_S1.);
#1680 = B_SPLINE_CURVE_WITH_KNOTS('',2,(#1681,#1682,#1683),
  .UNSPECIFIED.,.F.,.F.,(3,3),(0.25,0.375),.PIECEWISE_BEZIER_KNOTS.);
#1681 = CARTESIAN_POINT('',(3.88284271,0.,-1.8171572848));
#1682 = CARTESIAN_POINT('',(3.939103625,0.,-1.8734182071));
#1683 = CARTESIAN_POINT('',(3.969551815,0.,-1.9469266267));
#1684 = PCURVE('',#1170,#1685);
#1685 = DEFINITIONAL_REPRESENTATION('',(#1686),#1690);
#1686 = B_SPLINE_CURVE_WITH_KNOTS('',2,(#1687,#1688,#1689),
  .UNSPECIFIED.,.F.,.F.,(3,3),(0.25,0.375),.PIECEWISE_BEZIER_KNOTS.);
#1687 = CARTESIAN_POINT('',(0.150178288,0.556568542));
#1688 = CARTESIAN_POINT('',(0.154827951,0.567820725));
#1689 = CARTESIAN_POINT('',(0.160903027,0.573910363));
#1690 = ( GEOMETRIC_REPRESENTATION_CONTEXT(2) 
PARAMETRIC_REPRESENTATION_CONTEXT() REPRESENTATION_CONTEXT('2D SPACE',''
  ) );
#1691 = ORIENTED_EDGE('',*,*,#1692,.T.);
#1692 = EDGE_CURVE('',#1677,#1693,#1695,.T.);
#1693 = VERTEX_POINT('',#1694);
#1694 = CARTESIAN_POINT('',(4.,0.,-2.0999999999));
#1695 = SURFACE_CURVE('',#1696,(#1700),.PCURVE_S1.);
#1696 = B_SPLINE_CURVE_WITH_KNOTS('',2,(#1697,#1698,#1699),
  .UNSPECIFIED.,.F.,.F.,(3,3),(0.375,0.5),.PIECEWISE_BEZIER_KNOTS.);
#1697 = CARTESIAN_POINT('',(3.969551815,0.,-1.9469266267));
#1698 = CARTESIAN_POINT('',(4.,0.,-2.0204350584));
#1699 = CARTESIAN_POINT('',(4.,0.,-2.0999999999));
#1700 = PCURVE('',#1170,#1701);
#1701 = DEFINITIONAL_REPRESENTATION('',(#1702),#1706);
#1702 = B_SPLINE_CURVE_WITH_KNOTS('',2,(#1703,#1704,#1705),
  .UNSPECIFIED.,.F.,.F.,(3,3),(0.375,0.5),.PIECEWISE_BEZIER_KNOTS.);
#1703 = CARTESIAN_POINT('',(0.160903027,0.573910363));
#1704 = CARTESIAN_POINT('',(0.166978104,0.58));
#1705 = CARTESIAN_POINT('',(0.173553719,0.58));
#1706 = ( GEOMETRIC_REPRESENTATION_CONTEXT(2) 
PARAMETRIC_REPRESENTATION_CONTEXT() REPRESENTATION_CONTEXT('2D SPACE',''
  ) );
#1707 = ORIENTED_EDGE('',*,*,#1708,.T.);
#1708 = EDGE_CURVE('',#1693,#1709,#1711,.T.);
#1709 = VERTEX_POINT('',#1710);
#1710 = CARTESIAN_POINT('',(3.969551815,0.,-2.2530733731));
#1711 = SURFACE_CURVE('',#1712,(#1716),.PCURVE_S1.);
#1712 = B_SPLINE_CURVE_WITH_KNOTS('',2,(#1713,#1714,#1715),
  .UNSPECIFIED.,.F.,.F.,(3,3),(0.5,0.625),.PIECEWISE_BEZIER_KNOTS.);
#1713 = CARTESIAN_POINT('',(4.,0.,-2.0999999999));
#1714 = CARTESIAN_POINT('',(4.,0.,-2.1795649414));
#1715 = CARTESIAN_POINT('',(3.969551815,0.,-2.2530733731));
#1716 = PCURVE('',#1170,#1717);
#1717 = DEFINITIONAL_REPRESENTATION('',(#1718),#1722);
#1718 = B_SPLINE_CURVE_WITH_KNOTS('',2,(#1719,#1720,#1721),
  .UNSPECIFIED.,.F.,.F.,(3,3),(0.5,0.625),.PIECEWISE_BEZIER_KNOTS.);
#1719 = CARTESIAN_POINT('',(0.173553719,0.58));
#1720 = CARTESIAN_POINT('',(0.180129334,0.58));
#1721 = CARTESIAN_POINT('',(0.186204411,0.573910363));
#1722 = ( GEOMETRIC_REPRESENTATION_CONTEXT(2) 
PARAMETRIC_REPRESENTATION_CONTEXT() REPRESENTATION_CONTEXT('2D SPACE',''
  ) );
#1723 = ORIENTED_EDGE('',*,*,#1724,.T.);
#1724 = EDGE_CURVE('',#1709,#1725,#1727,.T.);
#1725 = VERTEX_POINT('',#1726);
#1726 = CARTESIAN_POINT('',(3.88284271,0.,-2.382842715));
#1727 = SURFACE_CURVE('',#1728,(#1732),.PCURVE_S1.);
#1728 = B_SPLINE_CURVE_WITH_KNOTS('',2,(#1729,#1730,#1731),
  .UNSPECIFIED.,.F.,.F.,(3,3),(0.625,0.75),.PIECEWISE_BEZIER_KNOTS.);
#1729 = CARTESIAN_POINT('',(3.969551815,0.,-2.2530733731));
#1730 = CARTESIAN_POINT('',(3.939103625,0.,-2.3265818048));
#1731 = CARTESIAN_POINT('',(3.88284271,0.,-2.382842715));
#1732 = PCURVE('',#1170,#1733);
#1733 = DEFINITIONAL_REPRESENTATION('',(#1734),#1738);
#1734 = B_SPLINE_CURVE_WITH_KNOTS('',2,(#1735,#1736,#1737),
  .UNSPECIFIED.,.F.,.F.,(3,3),(0.625,0.75),.PIECEWISE_BEZIER_KNOTS.);
#1735 = CARTESIAN_POINT('',(0.186204411,0.573910363));
#1736 = CARTESIAN_POINT('',(0.192279488,0.567820725));
#1737 = CARTESIAN_POINT('',(0.19692915,0.556568542));
#1738 = ( GEOMETRIC_REPRESENTATION_CONTEXT(2) 
PARAMETRIC_REPRESENTATION_CONTEXT() REPRESENTATION_CONTEXT('2D SPACE',''
  ) );
#1739 = ORIENTED_EDGE('',*,*,#1740,.T.);
#1740 = EDGE_CURVE('',#1725,#1741,#1743,.T.);
#1741 = VERTEX_POINT('',#1742);
#1742 = CARTESIAN_POINT('',(3.753073375,0.,-2.4695518111));
#1743 = SURFACE_CURVE('',#1744,(#1748),.PCURVE_S1.);
#1744 = B_SPLINE_CURVE_WITH_KNOTS('',2,(#1745,#1746,#1747),
  .UNSPECIFIED.,.F.,.F.,(3,3),(0.75,0.875),.PIECEWISE_BEZIER_KNOTS.);
#1745 = CARTESIAN_POINT('',(3.88284271,0.,-2.382842715));
#1746 = CARTESIAN_POINT('',(3.8265818,0.,-2.4391036252));
#1747 = CARTESIAN_POINT('',(3.753073375,0.,-2.4695518111));
#1748 = PCURVE('',#1170,#1749);
#1749 = DEFINITIONAL_REPRESENTATION('',(#1750),#1754);
#1750 = B_SPLINE_CURVE_WITH_KNOTS('',2,(#1751,#1752,#1753),
  .UNSPECIFIED.,.F.,.F.,(3,3),(0.75,0.875),.PIECEWISE_BEZIER_KNOTS.);
#1751 = CARTESIAN_POINT('',(0.19692915,0.556568542));
#1752 = CARTESIAN_POINT('',(0.201578812,0.54531636));
#1753 = CARTESIAN_POINT('',(0.204095191,0.530614675));
#1754 = ( GEOMETRIC_REPRESENTATION_CONTEXT(2) 
PARAMETRIC_REPRESENTATION_CONTEXT() REPRESENTATION_CONTEXT('2D SPACE',''
  ) );
#1755 = ORIENTED_EDGE('',*,*,#1756,.T.);
#1756 = EDGE_CURVE('',#1741,#1515,#1757,.T.);
#1757 = SURFACE_CURVE('',#1758,(#1762),.PCURVE_S1.);
#1758 = B_SPLINE_CURVE_WITH_KNOTS('',2,(#1759,#1760,#1761),
  .UNSPECIFIED.,.F.,.F.,(3,3),(0.875,1.),.PIECEWISE_BEZIER_KNOTS.);
#1759 = CARTESIAN_POINT('',(3.753073375,0.,-2.4695518111));
#1760 = CARTESIAN_POINT('',(3.679564945,0.,-2.499999997));
#1761 = CARTESIAN_POINT('',(3.6,0.,-2.499999997));
#1762 = PCURVE('',#1170,#1763);
#1763 = DEFINITIONAL_REPRESENTATION('',(#1764),#1768);
#1764 = B_SPLINE_CURVE_WITH_KNOTS('',2,(#1765,#1766,#1767),
  .UNSPECIFIED.,.F.,.F.,(3,3),(0.875,1.),.PIECEWISE_BEZIER_KNOTS.);
#1765 = CARTESIAN_POINT('',(0.204095191,0.530614675));
#1766 = CARTESIAN_POINT('',(0.20661157,0.515912989));
#1767 = CARTESIAN_POINT('',(0.20661157,0.5));
#1768 = ( GEOMETRIC_REPRESENTATION_CONTEXT(2) 
PARAMETRIC_REPRESENTATION_CONTEXT() REPRESENTATION_CONTEXT('2D SPACE',''
  ) );
#1769 = FACE_BOUND('',#1770,.T.);
#1770 = EDGE_LOOP('',(#1771,#1788,#1803,#1818));
#1771 = ORIENTED_EDGE('',*,*,#1772,.T.);
#1772 = EDGE_CURVE('',#1773,#1775,#1777,.T.);
#1773 = VERTEX_POINT('',#1774);
#1774 = CARTESIAN_POINT('',(4.95,0.,-6.7));
#1775 = VERTEX_POINT('',#1776);
#1776 = CARTESIAN_POINT('',(4.95,0.,-5.7));
#1777 = SURFACE_CURVE('',#1778,(#1782),.PCURVE_S1.);
#1778 = LINE('',#1779,#1780);
#1779 = CARTESIAN_POINT('',(4.95,0.,-6.7));
#1780 = VECTOR('',#1781,1.);
#1781 = DIRECTION('',(0.,0.,1.));
#1782 = PCURVE('',#1170,#1783);
#1783 = DEFINITIONAL_REPRESENTATION('',(#1784),#1787);
#1784 = B_SPLINE_CURVE_WITH_KNOTS('',1,(#1785,#1786),.UNSPECIFIED.,.F.,
  .F.,(2,2),(0.,1.),.PIECEWISE_BEZIER_KNOTS.);
#1785 = CARTESIAN_POINT('',(0.553719008,0.77));
#1786 = CARTESIAN_POINT('',(0.47107438,0.77));
#1787 = ( GEOMETRIC_REPRESENTATION_CONTEXT(2) 
PARAMETRIC_REPRESENTATION_CONTEXT() REPRESENTATION_CONTEXT('2D SPACE',''
  ) );
#1788 = ORIENTED_EDGE('',*,*,#1789,.T.);
#1789 = EDGE_CURVE('',#1775,#1790,#1792,.T.);
#1790 = VERTEX_POINT('',#1791);
#1791 = CARTESIAN_POINT('',(5.25,0.,-5.7));
#1792 = SURFACE_CURVE('',#1793,(#1797),.PCURVE_S1.);
#1793 = LINE('',#1794,#1795);
#1794 = CARTESIAN_POINT('',(4.95,0.,-5.7));
#1795 = VECTOR('',#1796,1.);
#1796 = DIRECTION('',(1.,0.,0.));
#1797 = PCURVE('',#1170,#1798);
#1798 = DEFINITIONAL_REPRESENTATION('',(#1799),#1802);
#1799 = B_SPLINE_CURVE_WITH_KNOTS('',1,(#1800,#1801),.UNSPECIFIED.,.F.,
  .F.,(2,2),(0.,0.3),.PIECEWISE_BEZIER_KNOTS.);
#1800 = CARTESIAN_POINT('',(0.47107438,0.77));
#1801 = CARTESIAN_POINT('',(0.47107438,0.83));
#1802 = ( GEOMETRIC_REPRESENTATION_CONTEXT(2) 
PARAMETRIC_REPRESENTATION_CONTEXT() REPRESENTATION_CONTEXT('2D SPACE',''
  ) );
#1803 = ORIENTED_EDGE('',*,*,#1804,.T.);
#1804 = EDGE_CURVE('',#1790,#1805,#1807,.T.);
#1805 = VERTEX_POINT('',#1806);
#1806 = CARTESIAN_POINT('',(5.25,0.,-6.7));
#1807 = SURFACE_CURVE('',#1808,(#1812),.PCURVE_S1.);
#1808 = LINE('',#1809,#1810);
#1809 = CARTESIAN_POINT('',(5.25,0.,-5.7));
#1810 = VECTOR('',#1811,1.);
#1811 = DIRECTION('',(0.,0.,-1.));
#1812 = PCURVE('',#1170,#1813);
#1813 = DEFINITIONAL_REPRESENTATION('',(#1814),#1817);
#1814 = B_SPLINE_CURVE_WITH_KNOTS('',1,(#1815,#1816),.UNSPECIFIED.,.F.,
  .F.,(2,2),(0.,1.),.PIECEWISE_BEZIER_KNOTS.);
#1815 = CARTESIAN_POINT('',(0.47107438,0.83));
#1816 = CARTESIAN_POINT('',(0.553719008,0.83));
#1817 = ( GEOMETRIC_REPRESENTATION_CONTEXT(2) 
PARAMETRIC_REPRESENTATION_CONTEXT() REPRESENTATION_CONTEXT('2D SPACE',''
  ) );
#1818 = ORIENTED_EDGE('',*,*,#1819,.T.);
#1819 = EDGE_CURVE('',#1805,#1773,#1820,.T.);
#1820 = SURFACE_CURVE('',#1821,(#1825),.PCURVE_S1.);
#1821 = LINE('',#1822,#1823);
#1822 = CARTESIAN_POINT('',(5.25,0.,-6.7));
#1823 = VECTOR('',#1824,1.);
#1824 = DIRECTION('',(-1.,0.,0.));
#1825 = PCURVE('',#1170,#1826);
#1826 = DEFINITIONAL_REPRESENTATION('',(#1827),#1830);
#1827 = B_SPLINE_CURVE_WITH_KNOTS('',1,(#1828,#1829),.UNSPECIFIED.,.F.,
  .F.,(2,2),(0.,0.3),.PIECEWISE_BEZIER_KNOTS.);
#1828 = CARTESIAN_POINT('',(0.553719008,0.83));
#1829 = CARTESIAN_POINT('',(0.553719008,0.77));
#1830 = ( GEOMETRIC_REPRESENTATION_CONTEXT(2) 
PARAMETRIC_REPRESENTATION_CONTEXT() REPRESENTATION_CONTEXT('2D SPACE',''
  ) );
#1831 = ( GEOMETRIC_REPRESENTATION_CONTEXT(3) 
GLOBAL_UNCERTAINTY_ASSIGNED_CONTEXT((#1835)) 
GLOBAL_UNIT_ASSIGNED_CONTEXT((#1832,#1833,#1834)) REPRESENTATION_CONTEXT
('Context #1','3D Context with UNIT and UNCERTAINTY') );
#1832 = ( LENGTH_UNIT() NAMED_UNIT(*) SI_UNIT(.MILLI.,.METRE.) );
#1833 = ( NAMED_UNIT(*) PLANE_ANGLE_UNIT() SI_UNIT($,.RADIAN.) );
#1834 = ( NAMED_UNIT(*) SI_UNIT($,.STERADIAN.) SOLID_ANGLE_UNIT() );
#1835 = UNCERTAINTY_MEASURE_WITH_UNIT(LENGTH_MEASURE(1.E-05),#1832,
  'distance_accuracy_value','confusion accuracy');
#1836 = SHAPE_DEFINITION_REPRESENTATION(#1837,#1152);
#1837 = PRODUCT_DEFINITION_SHAPE('','',#1838);
#1838 = PRODUCT_DEFINITION('design','',#1839,#1842);
#1839 = PRODUCT_DEFINITION_FORMATION('','',#1840);
#1840 = PRODUCT('eMachineShop.9',
  'eMachineShop.9','',(#1841));
#1841 = PRODUCT_CONTEXT('',#2,'mechanical');
#1842 = PRODUCT_DEFINITION_CONTEXT('part definition',#2,'design');
#1843 = CONTEXT_DEPENDENT_SHAPE_REPRESENTATION(#1844,#1846);
#1844 = ( REPRESENTATION_RELATIONSHIP('','',#1152,#10) 
REPRESENTATION_RELATIONSHIP_WITH_TRANSFORMATION(#1845) 
SHAPE_REPRESENTATION_RELATIONSHIP() );
#1845 = ITEM_DEFINED_TRANSFORMATION('','',#11,#47);
#1846 = PRODUCT_DEFINITION_SHAPE('Placement','Placement of an item',
  #1847);
#1847 = NEXT_ASSEMBLY_USAGE_OCCURRENCE('9','','',#5,#1838,$);
#1848 = PRODUCT_RELATED_PRODUCT_CATEGORY('part',$,(#1840));
#1849 = MANIFOLD_SURFACE_SHAPE_REPRESENTATION('',(#11,#1850),#1920);
#1850 = SHELL_BASED_SURFACE_MODEL('',(#1851));
#1851 = OPEN_SHELL('',(#1852));
#1852 = ADVANCED_FACE('',(#1853),#1867,.T.);
#1853 = FACE_BOUND('',#1854,.T.);
#1854 = EDGE_LOOP('',(#1855,#1877,#1892,#1907));
#1855 = ORIENTED_EDGE('',*,*,#1856,.T.);
#1856 = EDGE_CURVE('',#1857,#1859,#1861,.T.);
#1857 = VERTEX_POINT('',#1858);
#1858 = CARTESIAN_POINT('',(0.,5.4,-12.1));
#1859 = VERTEX_POINT('',#1860);
#1860 = CARTESIAN_POINT('',(0.,0.4,-12.1));
#1861 = SURFACE_CURVE('',#1862,(#1866),.PCURVE_S1.);
#1862 = LINE('',#1863,#1864);
#1863 = CARTESIAN_POINT('',(0.,5.4,-12.1));
#1864 = VECTOR('',#1865,1.);
#1865 = DIRECTION('',(0.,-1.,0.));
#1866 = PCURVE('',#1867,#1872);
#1867 = B_SPLINE_SURFACE_WITH_KNOTS('',1,1,(
    (#1868,#1869)
    ,(#1870,#1871
    )),.UNSPECIFIED.,.F.,.F.,.F.,(2,2),(2,2),(0.,1.),(0.,1.),
  .PIECEWISE_BEZIER_KNOTS.);
#1868 = CARTESIAN_POINT('',(0.,5.4,-12.1));
#1869 = CARTESIAN_POINT('',(0.,5.4,0.));
#1870 = CARTESIAN_POINT('',(0.,0.4,-12.1));
#1871 = CARTESIAN_POINT('',(0.,0.4,0.));
#1872 = DEFINITIONAL_REPRESENTATION('',(#1873),#1876);
#1873 = B_SPLINE_CURVE_WITH_KNOTS('',1,(#1874,#1875),.UNSPECIFIED.,.F.,
  .F.,(2,2),(0.,5.),.PIECEWISE_BEZIER_KNOTS.);
#1874 = CARTESIAN_POINT('',(0.,0.));
#1875 = CARTESIAN_POINT('',(1.,0.));
#1876 = ( GEOMETRIC_REPRESENTATION_CONTEXT(2) 
PARAMETRIC_REPRESENTATION_CONTEXT() REPRESENTATION_CONTEXT('2D SPACE',''
  ) );
#1877 = ORIENTED_EDGE('',*,*,#1878,.T.);
#1878 = EDGE_CURVE('',#1859,#1879,#1881,.T.);
#1879 = VERTEX_POINT('',#1880);
#1880 = CARTESIAN_POINT('',(0.,0.4,0.));
#1881 = SURFACE_CURVE('',#1882,(#1886),.PCURVE_S1.);
#1882 = LINE('',#1883,#1884);
#1883 = CARTESIAN_POINT('',(0.,0.4,-12.1));
#1884 = VECTOR('',#1885,1.);
#1885 = DIRECTION('',(0.,0.,1.));
#1886 = PCURVE('',#1867,#1887);
#1887 = DEFINITIONAL_REPRESENTATION('',(#1888),#1891);
#1888 = B_SPLINE_CURVE_WITH_KNOTS('',1,(#1889,#1890),.UNSPECIFIED.,.F.,
  .F.,(2,2),(0.,12.1),.PIECEWISE_BEZIER_KNOTS.);
#1889 = CARTESIAN_POINT('',(1.,0.));
#1890 = CARTESIAN_POINT('',(1.,1.));
#1891 = ( GEOMETRIC_REPRESENTATION_CONTEXT(2) 
PARAMETRIC_REPRESENTATION_CONTEXT() REPRESENTATION_CONTEXT('2D SPACE',''
  ) );
#1892 = ORIENTED_EDGE('',*,*,#1893,.T.);
#1893 = EDGE_CURVE('',#1879,#1894,#1896,.T.);
#1894 = VERTEX_POINT('',#1895);
#1895 = CARTESIAN_POINT('',(0.,5.4,0.));
#1896 = SURFACE_CURVE('',#1897,(#1901),.PCURVE_S1.);
#1897 = LINE('',#1898,#1899);
#1898 = CARTESIAN_POINT('',(0.,0.4,0.));
#1899 = VECTOR('',#1900,1.);
#1900 = DIRECTION('',(0.,1.,0.));
#1901 = PCURVE('',#1867,#1902);
#1902 = DEFINITIONAL_REPRESENTATION('',(#1903),#1906);
#1903 = B_SPLINE_CURVE_WITH_KNOTS('',1,(#1904,#1905),.UNSPECIFIED.,.F.,
  .F.,(2,2),(0.,5.),.PIECEWISE_BEZIER_KNOTS.);
#1904 = CARTESIAN_POINT('',(1.,1.));
#1905 = CARTESIAN_POINT('',(0.,1.));
#1906 = ( GEOMETRIC_REPRESENTATION_CONTEXT(2) 
PARAMETRIC_REPRESENTATION_CONTEXT() REPRESENTATION_CONTEXT('2D SPACE',''
  ) );
#1907 = ORIENTED_EDGE('',*,*,#1908,.T.);
#1908 = EDGE_CURVE('',#1894,#1857,#1909,.T.);
#1909 = SURFACE_CURVE('',#1910,(#1914),.PCURVE_S1.);
#1910 = LINE('',#1911,#1912);
#1911 = CARTESIAN_POINT('',(0.,5.4,0.));
#1912 = VECTOR('',#1913,1.);
#1913 = DIRECTION('',(0.,0.,-1.));
#1914 = PCURVE('',#1867,#1915);
#1915 = DEFINITIONAL_REPRESENTATION('',(#1916),#1919);
#1916 = B_SPLINE_CURVE_WITH_KNOTS('',1,(#1917,#1918),.UNSPECIFIED.,.F.,
  .F.,(2,2),(0.,12.1),.PIECEWISE_BEZIER_KNOTS.);
#1917 = CARTESIAN_POINT('',(0.,1.));
#1918 = CARTESIAN_POINT('',(0.,0.));
#1919 = ( GEOMETRIC_REPRESENTATION_CONTEXT(2) 
PARAMETRIC_REPRESENTATION_CONTEXT() REPRESENTATION_CONTEXT('2D SPACE',''
  ) );
#1920 = ( GEOMETRIC_REPRESENTATION_CONTEXT(3) 
GLOBAL_UNCERTAINTY_ASSIGNED_CONTEXT((#1924)) 
GLOBAL_UNIT_ASSIGNED_CONTEXT((#1921,#1922,#1923)) REPRESENTATION_CONTEXT
('Context #1','3D Context with UNIT and UNCERTAINTY') );
#1921 = ( LENGTH_UNIT() NAMED_UNIT(*) SI_UNIT(.MILLI.,.METRE.) );
#1922 = ( NAMED_UNIT(*) PLANE_ANGLE_UNIT() SI_UNIT($,.RADIAN.) );
#1923 = ( NAMED_UNIT(*) SI_UNIT($,.STERADIAN.) SOLID_ANGLE_UNIT() );
#1924 = UNCERTAINTY_MEASURE_WITH_UNIT(LENGTH_MEASURE(1.E-07),#1921,
  'distance_accuracy_value','confusion accuracy');
#1925 = SHAPE_DEFINITION_REPRESENTATION(#1926,#1849);
#1926 = PRODUCT_DEFINITION_SHAPE('','',#1927);
#1927 = PRODUCT_DEFINITION('design','',#1928,#1931);
#1928 = PRODUCT_DEFINITION_FORMATION('','',#1929);
#1929 = PRODUCT('eMachineShop.10',
  'eMachineShop.10','',(#1930));
#1930 = PRODUCT_CONTEXT('',#2,'mechanical');
#1931 = PRODUCT_DEFINITION_CONTEXT('part definition',#2,'design');
#1932 = CONTEXT_DEPENDENT_SHAPE_REPRESENTATION(#1933,#1935);
#1933 = ( REPRESENTATION_RELATIONSHIP('','',#1849,#10) 
REPRESENTATION_RELATIONSHIP_WITH_TRANSFORMATION(#1934) 
SHAPE_REPRESENTATION_RELATIONSHIP() );
#1934 = ITEM_DEFINED_TRANSFORMATION('','',#11,#51);
#1935 = PRODUCT_DEFINITION_SHAPE('Placement','Placement of an item',
  #1936);
#1936 = NEXT_ASSEMBLY_USAGE_OCCURRENCE('10','','',#5,#1927,$);
#1937 = PRODUCT_RELATED_PRODUCT_CATEGORY('part',$,(#1929));
#1938 = MANIFOLD_SURFACE_SHAPE_REPRESENTATION('',(#11,#1939),#2216);
#1939 = SHELL_BASED_SURFACE_MODEL('',(#1940));
#1940 = OPEN_SHELL('',(#1941));
#1941 = ADVANCED_FACE('',(#1942),#1956,.T.);
#1942 = FACE_BOUND('',#1943,.T.);
#1943 = EDGE_LOOP('',(#1944,#1966,#1981,#1997,#2013,#2029,#2045,#2061,
    #2077,#2093,#2109,#2125,#2141,#2157,#2173,#2188,#2203));
#1944 = ORIENTED_EDGE('',*,*,#1945,.T.);
#1945 = EDGE_CURVE('',#1946,#1948,#1950,.T.);
#1946 = VERTEX_POINT('',#1947);
#1947 = CARTESIAN_POINT('',(0.,0.4,0.));
#1948 = VERTEX_POINT('',#1949);
#1949 = CARTESIAN_POINT('',(0.,5.4,0.));
#1950 = SURFACE_CURVE('',#1951,(#1955),.PCURVE_S1.);
#1951 = LINE('',#1952,#1953);
#1952 = CARTESIAN_POINT('',(0.,0.4,0.));
#1953 = VECTOR('',#1954,1.);
#1954 = DIRECTION('',(0.,1.,0.));
#1955 = PCURVE('',#1956,#1961);
#1956 = B_SPLINE_SURFACE_WITH_KNOTS('',1,1,(
    (#1957,#1958)
    ,(#1959,#1960
    )),.UNSPECIFIED.,.F.,.F.,.F.,(2,2),(2,2),(0.,1.),(0.,1.),
  .PIECEWISE_BEZIER_KNOTS.);
#1957 = CARTESIAN_POINT('',(2.848876738,0.,0.));
#1958 = CARTESIAN_POINT('',(2.848876738,5.4,0.));
#1959 = CARTESIAN_POINT('',(0.,0.,0.));
#1960 = CARTESIAN_POINT('',(0.,5.4,0.));
#1961 = DEFINITIONAL_REPRESENTATION('',(#1962),#1965);
#1962 = B_SPLINE_CURVE_WITH_KNOTS('',1,(#1963,#1964),.UNSPECIFIED.,.F.,
  .F.,(2,2),(0.,5.),.PIECEWISE_BEZIER_KNOTS.);
#1963 = CARTESIAN_POINT('',(1.,7.4074074E-02));
#1964 = CARTESIAN_POINT('',(1.,1.));
#1965 = ( GEOMETRIC_REPRESENTATION_CONTEXT(2) 
PARAMETRIC_REPRESENTATION_CONTEXT() REPRESENTATION_CONTEXT('2D SPACE',''
  ) );
#1966 = ORIENTED_EDGE('',*,*,#1967,.T.);
#1967 = EDGE_CURVE('',#1948,#1968,#1970,.T.);
#1968 = VERTEX_POINT('',#1969);
#1969 = CARTESIAN_POINT('',(1.941687605436,5.4,0.));
#1970 = SURFACE_CURVE('',#1971,(#1975),.PCURVE_S1.);
#1971 = LINE('',#1972,#1973);
#1972 = CARTESIAN_POINT('',(0.,5.4,0.));
#1973 = VECTOR('',#1974,1.);
#1974 = DIRECTION('',(1.,0.,0.));
#1975 = PCURVE('',#1956,#1976);
#1976 = DEFINITIONAL_REPRESENTATION('',(#1977),#1980);
#1977 = B_SPLINE_CURVE_WITH_KNOTS('',1,(#1978,#1979),.UNSPECIFIED.,.F.,
  .F.,(2,2),(0.,1.941687605),.PIECEWISE_BEZIER_KNOTS.);
#1978 = CARTESIAN_POINT('',(1.,1.));
#1979 = CARTESIAN_POINT('',(0.318437481,1.));
#1980 = ( GEOMETRIC_REPRESENTATION_CONTEXT(2) 
PARAMETRIC_REPRESENTATION_CONTEXT() REPRESENTATION_CONTEXT('2D SPACE',''
  ) );
#1981 = ORIENTED_EDGE('',*,*,#1982,.T.);
#1982 = EDGE_CURVE('',#1968,#1983,#1985,.T.);
#1983 = VERTEX_POINT('',#1984);
#1984 = CARTESIAN_POINT('',(1.382235328367,4.920277176,0.));
#1985 = SURFACE_CURVE('',#1986,(#1990),.PCURVE_S1.);
#1986 = B_SPLINE_CURVE_WITH_KNOTS('',2,(#1987,#1988,#1989),
  .UNSPECIFIED.,.F.,.F.,(3,3),(0.,0.25),.PIECEWISE_BEZIER_KNOTS.);
#1987 = CARTESIAN_POINT('',(1.941687605872,5.4,0.));
#1988 = CARTESIAN_POINT('',(1.632275009168,5.1947589006,0.));
#1989 = CARTESIAN_POINT('',(1.382235328367,4.920277176,0.));
#1990 = PCURVE('',#1956,#1991);
#1991 = DEFINITIONAL_REPRESENTATION('',(#1992),#1996);
#1992 = B_SPLINE_CURVE_WITH_KNOTS('',2,(#1993,#1994,#1995),
  .UNSPECIFIED.,.F.,.F.,(3,3),(0.,0.25),.PIECEWISE_BEZIER_KNOTS.);
#1993 = CARTESIAN_POINT('',(0.318437481,1.));
#1994 = CARTESIAN_POINT('',(0.42704611,0.961992389));
#1995 = CARTESIAN_POINT('',(0.514813923,0.91116244));
#1996 = ( GEOMETRIC_REPRESENTATION_CONTEXT(2) 
PARAMETRIC_REPRESENTATION_CONTEXT() REPRESENTATION_CONTEXT('2D SPACE',''
  ) );
#1997 = ORIENTED_EDGE('',*,*,#1998,.T.);
#1998 = EDGE_CURVE('',#1983,#1999,#2001,.T.);
#1999 = VERTEX_POINT('',#2000);
#2000 = CARTESIAN_POINT('',(0.956617964009,4.3186371642,0.));
#2001 = SURFACE_CURVE('',#2002,(#2006),.PCURVE_S1.);
#2002 = B_SPLINE_CURVE_WITH_KNOTS('',2,(#2003,#2004,#2005),
  .UNSPECIFIED.,.F.,.F.,(3,3),(0.25,0.5),.PIECEWISE_BEZIER_KNOTS.);
#2003 = CARTESIAN_POINT('',(1.382235328367,4.920277176,0.));
#2004 = CARTESIAN_POINT('',(1.132195647566,4.645795446,0.));
#2005 = CARTESIAN_POINT('',(0.956617964009,4.3186371642,0.));
#2006 = PCURVE('',#1956,#2007);
#2007 = DEFINITIONAL_REPRESENTATION('',(#2008),#2012);
#2008 = B_SPLINE_CURVE_WITH_KNOTS('',2,(#2009,#2010,#2011),
  .UNSPECIFIED.,.F.,.F.,(3,3),(0.25,0.5),.PIECEWISE_BEZIER_KNOTS.);
#2009 = CARTESIAN_POINT('',(0.514813923,0.91116244));
#2010 = CARTESIAN_POINT('',(0.602581736,0.86033249));
#2011 = CARTESIAN_POINT('',(0.664212231,0.799747623));
#2012 = ( GEOMETRIC_REPRESENTATION_CONTEXT(2) 
PARAMETRIC_REPRESENTATION_CONTEXT() REPRESENTATION_CONTEXT('2D SPACE',''
  ) );
#2013 = ORIENTED_EDGE('',*,*,#2014,.T.);
#2014 = EDGE_CURVE('',#1999,#2015,#2017,.T.);
#2015 = VERTEX_POINT('',#2016);
#2016 = CARTESIAN_POINT('',(0.690520139352,3.6313869996,0.));
#2017 = SURFACE_CURVE('',#2018,(#2022),.PCURVE_S1.);
#2018 = B_SPLINE_CURVE_WITH_KNOTS('',2,(#2019,#2020,#2021),
  .UNSPECIFIED.,.F.,.F.,(3,3),(0.5,0.75),.PIECEWISE_BEZIER_KNOTS.);
#2019 = CARTESIAN_POINT('',(0.956617964009,4.3186371642,0.));
#2020 = CARTESIAN_POINT('',(0.781040280452,3.9914788878,0.));
#2021 = CARTESIAN_POINT('',(0.690520139352,3.6313869996,0.));
#2022 = PCURVE('',#1956,#2023);
#2023 = DEFINITIONAL_REPRESENTATION('',(#2024),#2028);
#2024 = B_SPLINE_CURVE_WITH_KNOTS('',2,(#2025,#2026,#2027),
  .UNSPECIFIED.,.F.,.F.,(3,3),(0.5,0.75),.PIECEWISE_BEZIER_KNOTS.);
#2025 = CARTESIAN_POINT('',(0.664212231,0.799747623));
#2026 = CARTESIAN_POINT('',(0.725842726,0.739162757));
#2027 = CARTESIAN_POINT('',(0.757616702,0.672479074));
#2028 = ( GEOMETRIC_REPRESENTATION_CONTEXT(2) 
PARAMETRIC_REPRESENTATION_CONTEXT() REPRESENTATION_CONTEXT('2D SPACE',''
  ) );
#2029 = ORIENTED_EDGE('',*,*,#2030,.T.);
#2030 = EDGE_CURVE('',#2015,#2031,#2033,.T.);
#2031 = VERTEX_POINT('',#2032);
#2032 = CARTESIAN_POINT('',(0.600000001101,2.8999999998,0.));
#2033 = SURFACE_CURVE('',#2034,(#2038),.PCURVE_S1.);
#2034 = B_SPLINE_CURVE_WITH_KNOTS('',2,(#2035,#2036,#2037),
  .UNSPECIFIED.,.F.,.F.,(3,3),(0.75,1.),.PIECEWISE_BEZIER_KNOTS.);
#2035 = CARTESIAN_POINT('',(0.690520139352,3.6313869996,0.));
#2036 = CARTESIAN_POINT('',(0.600000001101,3.2712951168,0.));
#2037 = CARTESIAN_POINT('',(0.600000001101,2.8999999998,0.));
#2038 = PCURVE('',#1956,#2039);
#2039 = DEFINITIONAL_REPRESENTATION('',(#2040),#2044);
#2040 = B_SPLINE_CURVE_WITH_KNOTS('',2,(#2041,#2042,#2043),
  .UNSPECIFIED.,.F.,.F.,(3,3),(0.75,1.),.PIECEWISE_BEZIER_KNOTS.);
#2041 = CARTESIAN_POINT('',(0.757616702,0.672479074));
#2042 = CARTESIAN_POINT('',(0.789390677,0.605795392));
#2043 = CARTESIAN_POINT('',(0.789390677,0.537037037));
#2044 = ( GEOMETRIC_REPRESENTATION_CONTEXT(2) 
PARAMETRIC_REPRESENTATION_CONTEXT() REPRESENTATION_CONTEXT('2D SPACE',''
  ) );
#2045 = ORIENTED_EDGE('',*,*,#2046,.T.);
#2046 = EDGE_CURVE('',#2031,#2047,#2049,.T.);
#2047 = VERTEX_POINT('',#2048);
#2048 = CARTESIAN_POINT('',(0.640245991614,2.4102488358,0.));
#2049 = SURFACE_CURVE('',#2050,(#2054),.PCURVE_S1.);
#2050 = B_SPLINE_CURVE_WITH_KNOTS('',2,(#2051,#2052,#2053),
  .UNSPECIFIED.,.F.,.F.,(3,3),(0.,0.125),.PIECEWISE_BEZIER_KNOTS.);
#2051 = CARTESIAN_POINT('',(0.600000001101,2.8999999998,0.));
#2052 = CARTESIAN_POINT('',(0.600000001101,2.6534707812,0.));
#2053 = CARTESIAN_POINT('',(0.640245991614,2.4102488358,0.));
#2054 = PCURVE('',#1956,#2055);
#2055 = DEFINITIONAL_REPRESENTATION('',(#2056),#2060);
#2056 = B_SPLINE_CURVE_WITH_KNOTS('',2,(#2057,#2058,#2059),
  .UNSPECIFIED.,.F.,.F.,(3,3),(0.,0.125),.PIECEWISE_BEZIER_KNOTS.);
#2057 = CARTESIAN_POINT('',(0.789390677,0.537037037));
#2058 = CARTESIAN_POINT('',(0.789390677,0.491383478));
#2059 = CARTESIAN_POINT('',(0.775263709,0.446342377));
#2060 = ( GEOMETRIC_REPRESENTATION_CONTEXT(2) 
PARAMETRIC_REPRESENTATION_CONTEXT() REPRESENTATION_CONTEXT('2D SPACE',''
  ) );
#2061 = ORIENTED_EDGE('',*,*,#2062,.T.);
#2062 = EDGE_CURVE('',#2047,#2063,#2065,.T.);
#2063 = VERTEX_POINT('',#2064);
#2064 = CARTESIAN_POINT('',(0.759904136312,1.9336380156,0.));
#2065 = SURFACE_CURVE('',#2066,(#2070),.PCURVE_S1.);
#2066 = B_SPLINE_CURVE_WITH_KNOTS('',2,(#2067,#2068,#2069),
  .UNSPECIFIED.,.F.,.F.,(3,3),(0.125,0.25),.PIECEWISE_BEZIER_KNOTS.);
#2067 = CARTESIAN_POINT('',(0.640245991614,2.4102488358,0.));
#2068 = CARTESIAN_POINT('',(0.680491982128,2.167026885,0.));
#2069 = CARTESIAN_POINT('',(0.759904136312,1.9336380156,0.));
#2070 = PCURVE('',#1956,#2071);
#2071 = DEFINITIONAL_REPRESENTATION('',(#2072),#2076);
#2072 = B_SPLINE_CURVE_WITH_KNOTS('',2,(#2073,#2074,#2075),
  .UNSPECIFIED.,.F.,.F.,(3,3),(0.125,0.25),.PIECEWISE_BEZIER_KNOTS.);
#2073 = CARTESIAN_POINT('',(0.775263709,0.446342377));
#2074 = CARTESIAN_POINT('',(0.761136741,0.401301275));
#2075 = CARTESIAN_POINT('',(0.733261841,0.358081114));
#2076 = ( GEOMETRIC_REPRESENTATION_CONTEXT(2) 
PARAMETRIC_REPRESENTATION_CONTEXT() REPRESENTATION_CONTEXT('2D SPACE',''
  ) );
#2077 = ORIENTED_EDGE('',*,*,#2078,.T.);
#2078 = EDGE_CURVE('',#2063,#2079,#2081,.T.);
#2079 = VERTEX_POINT('',#2080);
#2080 = CARTESIAN_POINT('',(0.955763930589,1.4829553278,0.));
#2081 = SURFACE_CURVE('',#2082,(#2086),.PCURVE_S1.);
#2082 = B_SPLINE_CURVE_WITH_KNOTS('',2,(#2083,#2084,#2085),
  .UNSPECIFIED.,.F.,.F.,(3,3),(0.25,0.375),.PIECEWISE_BEZIER_KNOTS.);
#2083 = CARTESIAN_POINT('',(0.759904136312,1.9336380156,0.));
#2084 = CARTESIAN_POINT('',(0.839316290496,1.7002491408,0.));
#2085 = CARTESIAN_POINT('',(0.955763930589,1.4829553278,0.));
#2086 = PCURVE('',#1956,#2087);
#2087 = DEFINITIONAL_REPRESENTATION('',(#2088),#2092);
#2088 = B_SPLINE_CURVE_WITH_KNOTS('',2,(#2089,#2090,#2091),
  .UNSPECIFIED.,.F.,.F.,(3,3),(0.25,0.375),.PIECEWISE_BEZIER_KNOTS.);
#2089 = CARTESIAN_POINT('',(0.733261841,0.358081114));
#2090 = CARTESIAN_POINT('',(0.705386941,0.314860952));
#2091 = CARTESIAN_POINT('',(0.66451201,0.274621357));
#2092 = ( GEOMETRIC_REPRESENTATION_CONTEXT(2) 
PARAMETRIC_REPRESENTATION_CONTEXT() REPRESENTATION_CONTEXT('2D SPACE',''
  ) );
#2093 = ORIENTED_EDGE('',*,*,#2094,.T.);
#2094 = EDGE_CURVE('',#2079,#2095,#2097,.T.);
#2095 = VERTEX_POINT('',#2096);
#2096 = CARTESIAN_POINT('',(1.22257032502,1.0702928844,0.));
#2097 = SURFACE_CURVE('',#2098,(#2102),.PCURVE_S1.);
#2098 = B_SPLINE_CURVE_WITH_KNOTS('',2,(#2099,#2100,#2101),
  .UNSPECIFIED.,.F.,.F.,(3,3),(0.375,0.5),.PIECEWISE_BEZIER_KNOTS.);
#2099 = CARTESIAN_POINT('',(0.955763930589,1.4829553278,0.));
#2100 = CARTESIAN_POINT('',(1.072211567834,1.2656615094,0.));
#2101 = CARTESIAN_POINT('',(1.22257032502,1.0702928844,0.));
#2102 = PCURVE('',#1956,#2103);
#2103 = DEFINITIONAL_REPRESENTATION('',(#2104),#2108);
#2104 = B_SPLINE_CURVE_WITH_KNOTS('',2,(#2105,#2106,#2107),
  .UNSPECIFIED.,.F.,.F.,(3,3),(0.375,0.5),.PIECEWISE_BEZIER_KNOTS.);
#2105 = CARTESIAN_POINT('',(0.66451201,0.274621357));
#2106 = CARTESIAN_POINT('',(0.62363708,0.234381761));
#2107 = CARTESIAN_POINT('',(0.57085882,0.198202386));
#2108 = ( GEOMETRIC_REPRESENTATION_CONTEXT(2) 
PARAMETRIC_REPRESENTATION_CONTEXT() REPRESENTATION_CONTEXT('2D SPACE',''
  ) );
#2109 = ORIENTED_EDGE('',*,*,#2110,.T.);
#2110 = EDGE_CURVE('',#2095,#2111,#2113,.T.);
#2111 = VERTEX_POINT('',#2112);
#2112 = CARTESIAN_POINT('',(1.55316472766,0.7067226888,0.));
#2113 = SURFACE_CURVE('',#2114,(#2118),.PCURVE_S1.);
#2114 = B_SPLINE_CURVE_WITH_KNOTS('',2,(#2115,#2116,#2117),
  .UNSPECIFIED.,.F.,.F.,(3,3),(0.5,0.625),.PIECEWISE_BEZIER_KNOTS.);
#2115 = CARTESIAN_POINT('',(1.22257032502,1.0702928844,0.));
#2116 = CARTESIAN_POINT('',(1.372929079357,0.874924254,0.));
#2117 = CARTESIAN_POINT('',(1.55316472766,0.7067226888,0.));
#2118 = PCURVE('',#1956,#2119);
#2119 = DEFINITIONAL_REPRESENTATION('',(#2120),#2124);
#2120 = B_SPLINE_CURVE_WITH_KNOTS('',2,(#2121,#2122,#2123),
  .UNSPECIFIED.,.F.,.F.,(3,3),(0.5,0.625),.PIECEWISE_BEZIER_KNOTS.);
#2121 = CARTESIAN_POINT('',(0.57085882,0.198202386));
#2122 = CARTESIAN_POINT('',(0.518080561,0.16202301));
#2123 = CARTESIAN_POINT('',(0.454815048,0.130874572));
#2124 = ( GEOMETRIC_REPRESENTATION_CONTEXT(2) 
PARAMETRIC_REPRESENTATION_CONTEXT() REPRESENTATION_CONTEXT('2D SPACE',''
  ) );
#2125 = ORIENTED_EDGE('',*,*,#2126,.T.);
#2126 = EDGE_CURVE('',#2111,#2127,#2129,.T.);
#2127 = VERTEX_POINT('',#2128);
#2128 = CARTESIAN_POINT('',(1.938677072472,0.4019995764,0.));
#2129 = SURFACE_CURVE('',#2130,(#2134),.PCURVE_S1.);
#2130 = B_SPLINE_CURVE_WITH_KNOTS('',2,(#2131,#2132,#2133),
  .UNSPECIFIED.,.F.,.F.,(3,3),(0.625,0.75),.PIECEWISE_BEZIER_KNOTS.);
#2131 = CARTESIAN_POINT('',(1.55316472766,0.7067226888,0.));
#2132 = CARTESIAN_POINT('',(1.733400373115,0.5385211236,0.));
#2133 = CARTESIAN_POINT('',(1.938677072472,0.4019995764,0.));
#2134 = PCURVE('',#1956,#2135);
#2135 = DEFINITIONAL_REPRESENTATION('',(#2136),#2140);
#2136 = B_SPLINE_CURVE_WITH_KNOTS('',2,(#2137,#2138,#2139),
  .UNSPECIFIED.,.F.,.F.,(3,3),(0.625,0.75),.PIECEWISE_BEZIER_KNOTS.);
#2137 = CARTESIAN_POINT('',(0.454815048,0.130874572));
#2138 = CARTESIAN_POINT('',(0.391549536,9.9726134E-02));
#2139 = CARTESIAN_POINT('',(0.319494225,7.4444366E-02));
#2140 = ( GEOMETRIC_REPRESENTATION_CONTEXT(2) 
PARAMETRIC_REPRESENTATION_CONTEXT() REPRESENTATION_CONTEXT('2D SPACE',''
  ) );
#2141 = ORIENTED_EDGE('',*,*,#2142,.T.);
#2142 = EDGE_CURVE('',#2127,#2143,#2145,.T.);
#2143 = VERTEX_POINT('',#2144);
#2144 = CARTESIAN_POINT('',(2.368763808785,0.1642994604,0.));
#2145 = SURFACE_CURVE('',#2146,(#2150),.PCURVE_S1.);
#2146 = B_SPLINE_CURVE_WITH_KNOTS('',2,(#2147,#2148,#2149),
  .UNSPECIFIED.,.F.,.F.,(3,3),(0.75,0.875),.PIECEWISE_BEZIER_KNOTS.);
#2147 = CARTESIAN_POINT('',(1.938677072472,0.4019995764,0.));
#2148 = CARTESIAN_POINT('',(2.143953768981,0.2654780238,0.));
#2149 = CARTESIAN_POINT('',(2.368763808785,0.1642994604,0.));
#2150 = PCURVE('',#1956,#2151);
#2151 = DEFINITIONAL_REPRESENTATION('',(#2152),#2156);
#2152 = B_SPLINE_CURVE_WITH_KNOTS('',2,(#2153,#2154,#2155),
  .UNSPECIFIED.,.F.,.F.,(3,3),(0.75,0.875),.PIECEWISE_BEZIER_KNOTS.);
#2153 = CARTESIAN_POINT('',(0.319494225,7.4444366E-02));
#2154 = CARTESIAN_POINT('',(0.247438915,4.9162597E-02));
#2155 = CARTESIAN_POINT('',(0.168527098,3.0425826E-02));
#2156 = ( GEOMETRIC_REPRESENTATION_CONTEXT(2) 
PARAMETRIC_REPRESENTATION_CONTEXT() REPRESENTATION_CONTEXT('2D SPACE',''
  ) );
#2157 = ORIENTED_EDGE('',*,*,#2158,.T.);
#2158 = EDGE_CURVE('',#2143,#2159,#2161,.T.);
#2159 = VERTEX_POINT('',#2160);
#2160 = CARTESIAN_POINT('',(2.831885424813,0.,0.));
#2161 = SURFACE_CURVE('',#2162,(#2166),.PCURVE_S1.);
#2162 = B_SPLINE_CURVE_WITH_KNOTS('',2,(#2163,#2164,#2165),
  .UNSPECIFIED.,.F.,.F.,(3,3),(0.875,1.),.PIECEWISE_BEZIER_KNOTS.);
#2163 = CARTESIAN_POINT('',(2.368763808785,0.1642994604,0.));
#2164 = CARTESIAN_POINT('',(2.59357384859,6.3120897E-02,0.));
#2165 = CARTESIAN_POINT('',(2.831885424626,-2.775557561563E-17,0.));
#2166 = PCURVE('',#1956,#2167);
#2167 = DEFINITIONAL_REPRESENTATION('',(#2168),#2172);
#2168 = B_SPLINE_CURVE_WITH_KNOTS('',2,(#2169,#2170,#2171),
  .UNSPECIFIED.,.F.,.F.,(3,3),(0.875,1.),.PIECEWISE_BEZIER_KNOTS.);
#2169 = CARTESIAN_POINT('',(0.168527098,3.0425826E-02));
#2170 = CARTESIAN_POINT('',(8.9615281E-02,1.1689055E-02));
#2171 = CARTESIAN_POINT('',(5.964215E-03,0.));
#2172 = ( GEOMETRIC_REPRESENTATION_CONTEXT(2) 
PARAMETRIC_REPRESENTATION_CONTEXT() REPRESENTATION_CONTEXT('2D SPACE',''
  ) );
#2173 = ORIENTED_EDGE('',*,*,#2174,.T.);
#2174 = EDGE_CURVE('',#2159,#2175,#2177,.T.);
#2175 = VERTEX_POINT('',#2176);
#2176 = CARTESIAN_POINT('',(1.1,0.,0.));
#2177 = SURFACE_CURVE('',#2178,(#2182),.PCURVE_S1.);
#2178 = LINE('',#2179,#2180);
#2179 = CARTESIAN_POINT('',(2.831885425,0.,0.));
#2180 = VECTOR('',#2181,1.);
#2181 = DIRECTION('',(-1.,0.,0.));
#2182 = PCURVE('',#1956,#2183);
#2183 = DEFINITIONAL_REPRESENTATION('',(#2184),#2187);
#2184 = B_SPLINE_CURVE_WITH_KNOTS('',1,(#2185,#2186),.UNSPECIFIED.,.F.,
  .F.,(2,2),(0.,1.731885425),.PIECEWISE_BEZIER_KNOTS.);
#2185 = CARTESIAN_POINT('',(5.964215E-03,0.));
#2186 = CARTESIAN_POINT('',(0.613882909,0.));
#2187 = ( GEOMETRIC_REPRESENTATION_CONTEXT(2) 
PARAMETRIC_REPRESENTATION_CONTEXT() REPRESENTATION_CONTEXT('2D SPACE',''
  ) );
#2188 = ORIENTED_EDGE('',*,*,#2189,.T.);
#2189 = EDGE_CURVE('',#2175,#2190,#2192,.T.);
#2190 = VERTEX_POINT('',#2191);
#2191 = CARTESIAN_POINT('',(1.1,0.4,0.));
#2192 = SURFACE_CURVE('',#2193,(#2197),.PCURVE_S1.);
#2193 = LINE('',#2194,#2195);
#2194 = CARTESIAN_POINT('',(1.1,0.,0.));
#2195 = VECTOR('',#2196,1.);
#2196 = DIRECTION('',(0.,1.,0.));
#2197 = PCURVE('',#1956,#2198);
#2198 = DEFINITIONAL_REPRESENTATION('',(#2199),#2202);
#2199 = B_SPLINE_CURVE_WITH_KNOTS('',1,(#2200,#2201),.UNSPECIFIED.,.F.,
  .F.,(2,2),(0.,0.4),.PIECEWISE_BEZIER_KNOTS.);
#2200 = CARTESIAN_POINT('',(0.613882909,0.));
#2201 = CARTESIAN_POINT('',(0.613882909,7.4074074E-02));
#2202 = ( GEOMETRIC_REPRESENTATION_CONTEXT(2) 
PARAMETRIC_REPRESENTATION_CONTEXT() REPRESENTATION_CONTEXT('2D SPACE',''
  ) );
#2203 = ORIENTED_EDGE('',*,*,#2204,.T.);
#2204 = EDGE_CURVE('',#2190,#1946,#2205,.T.);
#2205 = SURFACE_CURVE('',#2206,(#2210),.PCURVE_S1.);
#2206 = LINE('',#2207,#2208);
#2207 = CARTESIAN_POINT('',(1.1,0.4,0.));
#2208 = VECTOR('',#2209,1.);
#2209 = DIRECTION('',(-1.,0.,0.));
#2210 = PCURVE('',#1956,#2211);
#2211 = DEFINITIONAL_REPRESENTATION('',(#2212),#2215);
#2212 = B_SPLINE_CURVE_WITH_KNOTS('',1,(#2213,#2214),.UNSPECIFIED.,.F.,
  .F.,(2,2),(0.,1.1),.PIECEWISE_BEZIER_KNOTS.);
#2213 = CARTESIAN_POINT('',(0.613882909,7.4074074E-02));
#2214 = CARTESIAN_POINT('',(1.,7.4074074E-02));
#2215 = ( GEOMETRIC_REPRESENTATION_CONTEXT(2) 
PARAMETRIC_REPRESENTATION_CONTEXT() REPRESENTATION_CONTEXT('2D SPACE',''
  ) );
#2216 = ( GEOMETRIC_REPRESENTATION_CONTEXT(3) 
GLOBAL_UNCERTAINTY_ASSIGNED_CONTEXT((#2220)) 
GLOBAL_UNIT_ASSIGNED_CONTEXT((#2217,#2218,#2219)) REPRESENTATION_CONTEXT
('Context #1','3D Context with UNIT and UNCERTAINTY') );
#2217 = ( LENGTH_UNIT() NAMED_UNIT(*) SI_UNIT(.MILLI.,.METRE.) );
#2218 = ( NAMED_UNIT(*) PLANE_ANGLE_UNIT() SI_UNIT($,.RADIAN.) );
#2219 = ( NAMED_UNIT(*) SI_UNIT($,.STERADIAN.) SOLID_ANGLE_UNIT() );
#2220 = UNCERTAINTY_MEASURE_WITH_UNIT(LENGTH_MEASURE(1.E-05),#2217,
  'distance_accuracy_value','confusion accuracy');
#2221 = SHAPE_DEFINITION_REPRESENTATION(#2222,#1938);
#2222 = PRODUCT_DEFINITION_SHAPE('','',#2223);
#2223 = PRODUCT_DEFINITION('design','',#2224,#2227);
#2224 = PRODUCT_DEFINITION_FORMATION('','',#2225);
#2225 = PRODUCT('eMachineShop.11',
  'eMachineShop.11','',(#2226));
#2226 = PRODUCT_CONTEXT('',#2,'mechanical');
#2227 = PRODUCT_DEFINITION_CONTEXT('part definition',#2,'design');
#2228 = CONTEXT_DEPENDENT_SHAPE_REPRESENTATION(#2229,#2231);
#2229 = ( REPRESENTATION_RELATIONSHIP('','',#1938,#10) 
REPRESENTATION_RELATIONSHIP_WITH_TRANSFORMATION(#2230) 
SHAPE_REPRESENTATION_RELATIONSHIP() );
#2230 = ITEM_DEFINED_TRANSFORMATION('','',#11,#55);
#2231 = PRODUCT_DEFINITION_SHAPE('Placement','Placement of an item',
  #2232);
#2232 = NEXT_ASSEMBLY_USAGE_OCCURRENCE('11','','',#5,#2223,$);
#2233 = PRODUCT_RELATED_PRODUCT_CATEGORY('part',$,(#2225));
#2234 = MANIFOLD_SURFACE_SHAPE_REPRESENTATION('',(#11,#2235),#2512);
#2235 = SHELL_BASED_SURFACE_MODEL('',(#2236));
#2236 = OPEN_SHELL('',(#2237));
#2237 = ADVANCED_FACE('',(#2238),#2252,.T.);
#2238 = FACE_BOUND('',#2239,.T.);
#2239 = EDGE_LOOP('',(#2240,#2263,#2279,#2295,#2311,#2327,#2343,#2359,
    #2375,#2391,#2407,#2423,#2439,#2454,#2469,#2484,#2499));
#2240 = ORIENTED_EDGE('',*,*,#2241,.T.);
#2241 = EDGE_CURVE('',#2242,#2244,#2246,.T.);
#2242 = VERTEX_POINT('',#2243);
#2243 = CARTESIAN_POINT('',(4.368114575187,0.,0.));
#2244 = VERTEX_POINT('',#2245);
#2245 = CARTESIAN_POINT('',(4.831236191215,0.1642994604,0.));
#2246 = SURFACE_CURVE('',#2247,(#2251),.PCURVE_S1.);
#2247 = B_SPLINE_CURVE_WITH_KNOTS('',2,(#2248,#2249,#2250),
  .UNSPECIFIED.,.F.,.F.,(3,3),(0.,0.125),.PIECEWISE_BEZIER_KNOTS.);
#2248 = CARTESIAN_POINT('',(4.368114575374,-2.775557561563E-17,0.));
#2249 = CARTESIAN_POINT('',(4.60642615141,6.3120897E-02,0.));
#2250 = CARTESIAN_POINT('',(4.831236191215,0.1642994604,0.));
#2251 = PCURVE('',#2252,#2257);
#2252 = B_SPLINE_SURFACE_WITH_KNOTS('',1,1,(
    (#2253,#2254)
    ,(#2255,#2256
    )),.UNSPECIFIED.,.F.,.F.,.F.,(2,2),(2,2),(0.,1.),(0.,1.),
  .PIECEWISE_BEZIER_KNOTS.);
#2253 = CARTESIAN_POINT('',(7.2,0.,0.));
#2254 = CARTESIAN_POINT('',(7.2,5.4,0.));
#2255 = CARTESIAN_POINT('',(4.351123262,0.,0.));
#2256 = CARTESIAN_POINT('',(4.351123262,5.4,0.));
#2257 = DEFINITIONAL_REPRESENTATION('',(#2258),#2262);
#2258 = B_SPLINE_CURVE_WITH_KNOTS('',2,(#2259,#2260,#2261),
  .UNSPECIFIED.,.F.,.F.,(3,3),(0.,0.125),.PIECEWISE_BEZIER_KNOTS.);
#2259 = CARTESIAN_POINT('',(0.994035785,0.));
#2260 = CARTESIAN_POINT('',(0.910384719,1.1689055E-02));
#2261 = CARTESIAN_POINT('',(0.831472902,3.0425826E-02));
#2262 = ( GEOMETRIC_REPRESENTATION_CONTEXT(2) 
PARAMETRIC_REPRESENTATION_CONTEXT() REPRESENTATION_CONTEXT('2D SPACE',''
  ) );
#2263 = ORIENTED_EDGE('',*,*,#2264,.T.);
#2264 = EDGE_CURVE('',#2244,#2265,#2267,.T.);
#2265 = VERTEX_POINT('',#2266);
#2266 = CARTESIAN_POINT('',(5.261322927528,0.4019995764,0.));
#2267 = SURFACE_CURVE('',#2268,(#2272),.PCURVE_S1.);
#2268 = B_SPLINE_CURVE_WITH_KNOTS('',2,(#2269,#2270,#2271),
  .UNSPECIFIED.,.F.,.F.,(3,3),(0.125,0.25),.PIECEWISE_BEZIER_KNOTS.);
#2269 = CARTESIAN_POINT('',(4.831236191215,0.1642994604,0.));
#2270 = CARTESIAN_POINT('',(5.056046231019,0.2654780238,0.));
#2271 = CARTESIAN_POINT('',(5.261322927528,0.4019995764,0.));
#2272 = PCURVE('',#2252,#2273);
#2273 = DEFINITIONAL_REPRESENTATION('',(#2274),#2278);
#2274 = B_SPLINE_CURVE_WITH_KNOTS('',2,(#2275,#2276,#2277),
  .UNSPECIFIED.,.F.,.F.,(3,3),(0.125,0.25),.PIECEWISE_BEZIER_KNOTS.);
#2275 = CARTESIAN_POINT('',(0.831472902,3.0425826E-02));
#2276 = CARTESIAN_POINT('',(0.752561085,4.9162597E-02));
#2277 = CARTESIAN_POINT('',(0.680505775,7.4444366E-02));
#2278 = ( GEOMETRIC_REPRESENTATION_CONTEXT(2) 
PARAMETRIC_REPRESENTATION_CONTEXT() REPRESENTATION_CONTEXT('2D SPACE',''
  ) );
#2279 = ORIENTED_EDGE('',*,*,#2280,.T.);
#2280 = EDGE_CURVE('',#2265,#2281,#2283,.T.);
#2281 = VERTEX_POINT('',#2282);
#2282 = CARTESIAN_POINT('',(5.64683527234,0.7067226888,0.));
#2283 = SURFACE_CURVE('',#2284,(#2288),.PCURVE_S1.);
#2284 = B_SPLINE_CURVE_WITH_KNOTS('',2,(#2285,#2286,#2287),
  .UNSPECIFIED.,.F.,.F.,(3,3),(0.25,0.375),.PIECEWISE_BEZIER_KNOTS.);
#2285 = CARTESIAN_POINT('',(5.261322927528,0.4019995764,0.));
#2286 = CARTESIAN_POINT('',(5.466599626885,0.5385211236,0.));
#2287 = CARTESIAN_POINT('',(5.64683527234,0.7067226888,0.));
#2288 = PCURVE('',#2252,#2289);
#2289 = DEFINITIONAL_REPRESENTATION('',(#2290),#2294);
#2290 = B_SPLINE_CURVE_WITH_KNOTS('',2,(#2291,#2292,#2293),
  .UNSPECIFIED.,.F.,.F.,(3,3),(0.25,0.375),.PIECEWISE_BEZIER_KNOTS.);
#2291 = CARTESIAN_POINT('',(0.680505775,7.4444366E-02));
#2292 = CARTESIAN_POINT('',(0.608450464,9.9726134E-02));
#2293 = CARTESIAN_POINT('',(0.545184952,0.130874572));
#2294 = ( GEOMETRIC_REPRESENTATION_CONTEXT(2) 
PARAMETRIC_REPRESENTATION_CONTEXT() REPRESENTATION_CONTEXT('2D SPACE',''
  ) );
#2295 = ORIENTED_EDGE('',*,*,#2296,.T.);
#2296 = EDGE_CURVE('',#2281,#2297,#2299,.T.);
#2297 = VERTEX_POINT('',#2298);
#2298 = CARTESIAN_POINT('',(5.97742967498,1.0702928844,0.));
#2299 = SURFACE_CURVE('',#2300,(#2304),.PCURVE_S1.);
#2300 = B_SPLINE_CURVE_WITH_KNOTS('',2,(#2301,#2302,#2303),
  .UNSPECIFIED.,.F.,.F.,(3,3),(0.375,0.5),.PIECEWISE_BEZIER_KNOTS.);
#2301 = CARTESIAN_POINT('',(5.64683527234,0.7067226888,0.));
#2302 = CARTESIAN_POINT('',(5.827070920643,0.874924254,0.));
#2303 = CARTESIAN_POINT('',(5.97742967498,1.0702928844,0.));
#2304 = PCURVE('',#2252,#2305);
#2305 = DEFINITIONAL_REPRESENTATION('',(#2306),#2310);
#2306 = B_SPLINE_CURVE_WITH_KNOTS('',2,(#2307,#2308,#2309),
  .UNSPECIFIED.,.F.,.F.,(3,3),(0.375,0.5),.PIECEWISE_BEZIER_KNOTS.);
#2307 = CARTESIAN_POINT('',(0.545184952,0.130874572));
#2308 = CARTESIAN_POINT('',(0.481919439,0.16202301));
#2309 = CARTESIAN_POINT('',(0.42914118,0.198202386));
#2310 = ( GEOMETRIC_REPRESENTATION_CONTEXT(2) 
PARAMETRIC_REPRESENTATION_CONTEXT() REPRESENTATION_CONTEXT('2D SPACE',''
  ) );
#2311 = ORIENTED_EDGE('',*,*,#2312,.T.);
#2312 = EDGE_CURVE('',#2297,#2313,#2315,.T.);
#2313 = VERTEX_POINT('',#2314);
#2314 = CARTESIAN_POINT('',(6.244236069411,1.4829553278,0.));
#2315 = SURFACE_CURVE('',#2316,(#2320),.PCURVE_S1.);
#2316 = B_SPLINE_CURVE_WITH_KNOTS('',2,(#2317,#2318,#2319),
  .UNSPECIFIED.,.F.,.F.,(3,3),(0.5,0.625),.PIECEWISE_BEZIER_KNOTS.);
#2317 = CARTESIAN_POINT('',(5.97742967498,1.0702928844,0.));
#2318 = CARTESIAN_POINT('',(6.127788432166,1.2656615094,0.));
#2319 = CARTESIAN_POINT('',(6.244236069411,1.4829553278,0.));
#2320 = PCURVE('',#2252,#2321);
#2321 = DEFINITIONAL_REPRESENTATION('',(#2322),#2326);
#2322 = B_SPLINE_CURVE_WITH_KNOTS('',2,(#2323,#2324,#2325),
  .UNSPECIFIED.,.F.,.F.,(3,3),(0.5,0.625),.PIECEWISE_BEZIER_KNOTS.);
#2323 = CARTESIAN_POINT('',(0.42914118,0.198202386));
#2324 = CARTESIAN_POINT('',(0.37636292,0.234381761));
#2325 = CARTESIAN_POINT('',(0.33548799,0.274621357));
#2326 = ( GEOMETRIC_REPRESENTATION_CONTEXT(2) 
PARAMETRIC_REPRESENTATION_CONTEXT() REPRESENTATION_CONTEXT('2D SPACE',''
  ) );
#2327 = ORIENTED_EDGE('',*,*,#2328,.T.);
#2328 = EDGE_CURVE('',#2313,#2329,#2331,.T.);
#2329 = VERTEX_POINT('',#2330);
#2330 = CARTESIAN_POINT('',(6.440095863688,1.9336380156,0.));
#2331 = SURFACE_CURVE('',#2332,(#2336),.PCURVE_S1.);
#2332 = B_SPLINE_CURVE_WITH_KNOTS('',2,(#2333,#2334,#2335),
  .UNSPECIFIED.,.F.,.F.,(3,3),(0.625,0.75),.PIECEWISE_BEZIER_KNOTS.);
#2333 = CARTESIAN_POINT('',(6.244236069411,1.4829553278,0.));
#2334 = CARTESIAN_POINT('',(6.360683709504,1.7002491408,0.));
#2335 = CARTESIAN_POINT('',(6.440095863688,1.9336380156,0.));
#2336 = PCURVE('',#2252,#2337);
#2337 = DEFINITIONAL_REPRESENTATION('',(#2338),#2342);
#2338 = B_SPLINE_CURVE_WITH_KNOTS('',2,(#2339,#2340,#2341),
  .UNSPECIFIED.,.F.,.F.,(3,3),(0.625,0.75),.PIECEWISE_BEZIER_KNOTS.);
#2339 = CARTESIAN_POINT('',(0.33548799,0.274621357));
#2340 = CARTESIAN_POINT('',(0.294613059,0.314860952));
#2341 = CARTESIAN_POINT('',(0.266738159,0.358081114));
#2342 = ( GEOMETRIC_REPRESENTATION_CONTEXT(2) 
PARAMETRIC_REPRESENTATION_CONTEXT() REPRESENTATION_CONTEXT('2D SPACE',''
  ) );
#2343 = ORIENTED_EDGE('',*,*,#2344,.T.);
#2344 = EDGE_CURVE('',#2329,#2345,#2347,.T.);
#2345 = VERTEX_POINT('',#2346);
#2346 = CARTESIAN_POINT('',(6.559754008386,2.4102488358,0.));
#2347 = SURFACE_CURVE('',#2348,(#2352),.PCURVE_S1.);
#2348 = B_SPLINE_CURVE_WITH_KNOTS('',2,(#2349,#2350,#2351),
  .UNSPECIFIED.,.F.,.F.,(3,3),(0.75,0.875),.PIECEWISE_BEZIER_KNOTS.);
#2349 = CARTESIAN_POINT('',(6.440095863688,1.9336380156,0.));
#2350 = CARTESIAN_POINT('',(6.519508017872,2.167026885,0.));
#2351 = CARTESIAN_POINT('',(6.559754008386,2.4102488358,0.));
#2352 = PCURVE('',#2252,#2353);
#2353 = DEFINITIONAL_REPRESENTATION('',(#2354),#2358);
#2354 = B_SPLINE_CURVE_WITH_KNOTS('',2,(#2355,#2356,#2357),
  .UNSPECIFIED.,.F.,.F.,(3,3),(0.75,0.875),.PIECEWISE_BEZIER_KNOTS.);
#2355 = CARTESIAN_POINT('',(0.266738159,0.358081114));
#2356 = CARTESIAN_POINT('',(0.238863259,0.401301275));
#2357 = CARTESIAN_POINT('',(0.224736291,0.446342377));
#2358 = ( GEOMETRIC_REPRESENTATION_CONTEXT(2) 
PARAMETRIC_REPRESENTATION_CONTEXT() REPRESENTATION_CONTEXT('2D SPACE',''
  ) );
#2359 = ORIENTED_EDGE('',*,*,#2360,.T.);
#2360 = EDGE_CURVE('',#2345,#2361,#2363,.T.);
#2361 = VERTEX_POINT('',#2362);
#2362 = CARTESIAN_POINT('',(6.599999998899,2.8999999998,0.));
#2363 = SURFACE_CURVE('',#2364,(#2368),.PCURVE_S1.);
#2364 = B_SPLINE_CURVE_WITH_KNOTS('',2,(#2365,#2366,#2367),
  .UNSPECIFIED.,.F.,.F.,(3,3),(0.875,1.),.PIECEWISE_BEZIER_KNOTS.);
#2365 = CARTESIAN_POINT('',(6.559754008386,2.4102488358,0.));
#2366 = CARTESIAN_POINT('',(6.599999998899,2.6534707812,0.));
#2367 = CARTESIAN_POINT('',(6.599999998899,2.8999999998,0.));
#2368 = PCURVE('',#2252,#2369);
#2369 = DEFINITIONAL_REPRESENTATION('',(#2370),#2374);
#2370 = B_SPLINE_CURVE_WITH_KNOTS('',2,(#2371,#2372,#2373),
  .UNSPECIFIED.,.F.,.F.,(3,3),(0.875,1.),.PIECEWISE_BEZIER_KNOTS.);
#2371 = CARTESIAN_POINT('',(0.224736291,0.446342377));
#2372 = CARTESIAN_POINT('',(0.210609323,0.491383478));
#2373 = CARTESIAN_POINT('',(0.210609323,0.537037037));
#2374 = ( GEOMETRIC_REPRESENTATION_CONTEXT(2) 
PARAMETRIC_REPRESENTATION_CONTEXT() REPRESENTATION_CONTEXT('2D SPACE',''
  ) );
#2375 = ORIENTED_EDGE('',*,*,#2376,.T.);
#2376 = EDGE_CURVE('',#2361,#2377,#2379,.T.);
#2377 = VERTEX_POINT('',#2378);
#2378 = CARTESIAN_POINT('',(6.509479860648,3.6313869996,0.));
#2379 = SURFACE_CURVE('',#2380,(#2384),.PCURVE_S1.);
#2380 = B_SPLINE_CURVE_WITH_KNOTS('',2,(#2381,#2382,#2383),
  .UNSPECIFIED.,.F.,.F.,(3,3),(0.,0.25),.PIECEWISE_BEZIER_KNOTS.);
#2381 = CARTESIAN_POINT('',(6.599999998899,2.8999999998,0.));
#2382 = CARTESIAN_POINT('',(6.599999998899,3.2712951168,0.));
#2383 = CARTESIAN_POINT('',(6.509479860648,3.6313869996,0.));
#2384 = PCURVE('',#2252,#2385);
#2385 = DEFINITIONAL_REPRESENTATION('',(#2386),#2390);
#2386 = B_SPLINE_CURVE_WITH_KNOTS('',2,(#2387,#2388,#2389),
  .UNSPECIFIED.,.F.,.F.,(3,3),(0.,0.25),.PIECEWISE_BEZIER_KNOTS.);
#2387 = CARTESIAN_POINT('',(0.210609323,0.537037037));
#2388 = CARTESIAN_POINT('',(0.210609323,0.605795392));
#2389 = CARTESIAN_POINT('',(0.242383298,0.672479074));
#2390 = ( GEOMETRIC_REPRESENTATION_CONTEXT(2) 
PARAMETRIC_REPRESENTATION_CONTEXT() REPRESENTATION_CONTEXT('2D SPACE',''
  ) );
#2391 = ORIENTED_EDGE('',*,*,#2392,.T.);
#2392 = EDGE_CURVE('',#2377,#2393,#2395,.T.);
#2393 = VERTEX_POINT('',#2394);
#2394 = CARTESIAN_POINT('',(6.243382035991,4.3186371642,0.));
#2395 = SURFACE_CURVE('',#2396,(#2400),.PCURVE_S1.);
#2396 = B_SPLINE_CURVE_WITH_KNOTS('',2,(#2397,#2398,#2399),
  .UNSPECIFIED.,.F.,.F.,(3,3),(0.25,0.5),.PIECEWISE_BEZIER_KNOTS.);
#2397 = CARTESIAN_POINT('',(6.509479860648,3.6313869996,0.));
#2398 = CARTESIAN_POINT('',(6.418959719548,3.9914788878,0.));
#2399 = CARTESIAN_POINT('',(6.243382035991,4.3186371642,0.));
#2400 = PCURVE('',#2252,#2401);
#2401 = DEFINITIONAL_REPRESENTATION('',(#2402),#2406);
#2402 = B_SPLINE_CURVE_WITH_KNOTS('',2,(#2403,#2404,#2405),
  .UNSPECIFIED.,.F.,.F.,(3,3),(0.25,0.5),.PIECEWISE_BEZIER_KNOTS.);
#2403 = CARTESIAN_POINT('',(0.242383298,0.672479074));
#2404 = CARTESIAN_POINT('',(0.274157274,0.739162757));
#2405 = CARTESIAN_POINT('',(0.335787769,0.799747623));
#2406 = ( GEOMETRIC_REPRESENTATION_CONTEXT(2) 
PARAMETRIC_REPRESENTATION_CONTEXT() REPRESENTATION_CONTEXT('2D SPACE',''
  ) );
#2407 = ORIENTED_EDGE('',*,*,#2408,.T.);
#2408 = EDGE_CURVE('',#2393,#2409,#2411,.T.);
#2409 = VERTEX_POINT('',#2410);
#2410 = CARTESIAN_POINT('',(5.817764671633,4.920277176,0.));
#2411 = SURFACE_CURVE('',#2412,(#2416),.PCURVE_S1.);
#2412 = B_SPLINE_CURVE_WITH_KNOTS('',2,(#2413,#2414,#2415),
  .UNSPECIFIED.,.F.,.F.,(3,3),(0.5,0.75),.PIECEWISE_BEZIER_KNOTS.);
#2413 = CARTESIAN_POINT('',(6.243382035991,4.3186371642,0.));
#2414 = CARTESIAN_POINT('',(6.067804352434,4.645795446,0.));
#2415 = CARTESIAN_POINT('',(5.817764671633,4.920277176,0.));
#2416 = PCURVE('',#2252,#2417);
#2417 = DEFINITIONAL_REPRESENTATION('',(#2418),#2422);
#2418 = B_SPLINE_CURVE_WITH_KNOTS('',2,(#2419,#2420,#2421),
  .UNSPECIFIED.,.F.,.F.,(3,3),(0.5,0.75),.PIECEWISE_BEZIER_KNOTS.);
#2419 = CARTESIAN_POINT('',(0.335787769,0.799747623));
#2420 = CARTESIAN_POINT('',(0.397418264,0.86033249));
#2421 = CARTESIAN_POINT('',(0.485186077,0.91116244));
#2422 = ( GEOMETRIC_REPRESENTATION_CONTEXT(2) 
PARAMETRIC_REPRESENTATION_CONTEXT() REPRESENTATION_CONTEXT('2D SPACE',''
  ) );
#2423 = ORIENTED_EDGE('',*,*,#2424,.T.);
#2424 = EDGE_CURVE('',#2409,#2425,#2427,.T.);
#2425 = VERTEX_POINT('',#2426);
#2426 = CARTESIAN_POINT('',(5.258312394564,5.4,0.));
#2427 = SURFACE_CURVE('',#2428,(#2432),.PCURVE_S1.);
#2428 = B_SPLINE_CURVE_WITH_KNOTS('',2,(#2429,#2430,#2431),
  .UNSPECIFIED.,.F.,.F.,(3,3),(0.75,1.),.PIECEWISE_BEZIER_KNOTS.);
#2429 = CARTESIAN_POINT('',(5.817764671633,4.920277176,0.));
#2430 = CARTESIAN_POINT('',(5.567724990832,5.1947589006,0.));
#2431 = CARTESIAN_POINT('',(5.258312394128,5.4,0.));
#2432 = PCURVE('',#2252,#2433);
#2433 = DEFINITIONAL_REPRESENTATION('',(#2434),#2438);
#2434 = B_SPLINE_CURVE_WITH_KNOTS('',2,(#2435,#2436,#2437),
  .UNSPECIFIED.,.F.,.F.,(3,3),(0.75,1.),.PIECEWISE_BEZIER_KNOTS.);
#2435 = CARTESIAN_POINT('',(0.485186077,0.91116244));
#2436 = CARTESIAN_POINT('',(0.57295389,0.961992389));
#2437 = CARTESIAN_POINT('',(0.681562519,1.));
#2438 = ( GEOMETRIC_REPRESENTATION_CONTEXT(2) 
PARAMETRIC_REPRESENTATION_CONTEXT() REPRESENTATION_CONTEXT('2D SPACE',''
  ) );
#2439 = ORIENTED_EDGE('',*,*,#2440,.T.);
#2440 = EDGE_CURVE('',#2425,#2441,#2443,.T.);
#2441 = VERTEX_POINT('',#2442);
#2442 = CARTESIAN_POINT('',(7.2,5.4,0.));
#2443 = SURFACE_CURVE('',#2444,(#2448),.PCURVE_S1.);
#2444 = LINE('',#2445,#2446);
#2445 = CARTESIAN_POINT('',(5.258312395,5.4,0.));
#2446 = VECTOR('',#2447,1.);
#2447 = DIRECTION('',(1.,0.,0.));
#2448 = PCURVE('',#2252,#2449);
#2449 = DEFINITIONAL_REPRESENTATION('',(#2450),#2453);
#2450 = B_SPLINE_CURVE_WITH_KNOTS('',1,(#2451,#2452),.UNSPECIFIED.,.F.,
  .F.,(2,2),(0.,1.941687605),.PIECEWISE_BEZIER_KNOTS.);
#2451 = CARTESIAN_POINT('',(0.681562519,1.));
#2452 = CARTESIAN_POINT('',(0.,1.));
#2453 = ( GEOMETRIC_REPRESENTATION_CONTEXT(2) 
PARAMETRIC_REPRESENTATION_CONTEXT() REPRESENTATION_CONTEXT('2D SPACE',''
  ) );
#2454 = ORIENTED_EDGE('',*,*,#2455,.T.);
#2455 = EDGE_CURVE('',#2441,#2456,#2458,.T.);
#2456 = VERTEX_POINT('',#2457);
#2457 = CARTESIAN_POINT('',(7.2,0.4,0.));
#2458 = SURFACE_CURVE('',#2459,(#2463),.PCURVE_S1.);
#2459 = LINE('',#2460,#2461);
#2460 = CARTESIAN_POINT('',(7.2,5.4,0.));
#2461 = VECTOR('',#2462,1.);
#2462 = DIRECTION('',(0.,-1.,0.));
#2463 = PCURVE('',#2252,#2464);
#2464 = DEFINITIONAL_REPRESENTATION('',(#2465),#2468);
#2465 = B_SPLINE_CURVE_WITH_KNOTS('',1,(#2466,#2467),.UNSPECIFIED.,.F.,
  .F.,(2,2),(0.,5.),.PIECEWISE_BEZIER_KNOTS.);
#2466 = CARTESIAN_POINT('',(0.,1.));
#2467 = CARTESIAN_POINT('',(0.,7.4074074E-02));
#2468 = ( GEOMETRIC_REPRESENTATION_CONTEXT(2) 
PARAMETRIC_REPRESENTATION_CONTEXT() REPRESENTATION_CONTEXT('2D SPACE',''
  ) );
#2469 = ORIENTED_EDGE('',*,*,#2470,.T.);
#2470 = EDGE_CURVE('',#2456,#2471,#2473,.T.);
#2471 = VERTEX_POINT('',#2472);
#2472 = CARTESIAN_POINT('',(6.1,0.4,0.));
#2473 = SURFACE_CURVE('',#2474,(#2478),.PCURVE_S1.);
#2474 = LINE('',#2475,#2476);
#2475 = CARTESIAN_POINT('',(7.2,0.4,0.));
#2476 = VECTOR('',#2477,1.);
#2477 = DIRECTION('',(-1.,0.,0.));
#2478 = PCURVE('',#2252,#2479);
#2479 = DEFINITIONAL_REPRESENTATION('',(#2480),#2483);
#2480 = B_SPLINE_CURVE_WITH_KNOTS('',1,(#2481,#2482),.UNSPECIFIED.,.F.,
  .F.,(2,2),(0.,1.1),.PIECEWISE_BEZIER_KNOTS.);
#2481 = CARTESIAN_POINT('',(0.,7.4074074E-02));
#2482 = CARTESIAN_POINT('',(0.386117091,7.4074074E-02));
#2483 = ( GEOMETRIC_REPRESENTATION_CONTEXT(2) 
PARAMETRIC_REPRESENTATION_CONTEXT() REPRESENTATION_CONTEXT('2D SPACE',''
  ) );
#2484 = ORIENTED_EDGE('',*,*,#2485,.T.);
#2485 = EDGE_CURVE('',#2471,#2486,#2488,.T.);
#2486 = VERTEX_POINT('',#2487);
#2487 = CARTESIAN_POINT('',(6.1,0.,0.));
#2488 = SURFACE_CURVE('',#2489,(#2493),.PCURVE_S1.);
#2489 = LINE('',#2490,#2491);
#2490 = CARTESIAN_POINT('',(6.1,0.4,0.));
#2491 = VECTOR('',#2492,1.);
#2492 = DIRECTION('',(0.,-1.,0.));
#2493 = PCURVE('',#2252,#2494);
#2494 = DEFINITIONAL_REPRESENTATION('',(#2495),#2498);
#2495 = B_SPLINE_CURVE_WITH_KNOTS('',1,(#2496,#2497),.UNSPECIFIED.,.F.,
  .F.,(2,2),(0.,0.4),.PIECEWISE_BEZIER_KNOTS.);
#2496 = CARTESIAN_POINT('',(0.386117091,7.4074074E-02));
#2497 = CARTESIAN_POINT('',(0.386117091,0.));
#2498 = ( GEOMETRIC_REPRESENTATION_CONTEXT(2) 
PARAMETRIC_REPRESENTATION_CONTEXT() REPRESENTATION_CONTEXT('2D SPACE',''
  ) );
#2499 = ORIENTED_EDGE('',*,*,#2500,.T.);
#2500 = EDGE_CURVE('',#2486,#2242,#2501,.T.);
#2501 = SURFACE_CURVE('',#2502,(#2506),.PCURVE_S1.);
#2502 = LINE('',#2503,#2504);
#2503 = CARTESIAN_POINT('',(6.1,0.,0.));
#2504 = VECTOR('',#2505,1.);
#2505 = DIRECTION('',(-1.,0.,0.));
#2506 = PCURVE('',#2252,#2507);
#2507 = DEFINITIONAL_REPRESENTATION('',(#2508),#2511);
#2508 = B_SPLINE_CURVE_WITH_KNOTS('',1,(#2509,#2510),.UNSPECIFIED.,.F.,
  .F.,(2,2),(0.,1.731885425),.PIECEWISE_BEZIER_KNOTS.);
#2509 = CARTESIAN_POINT('',(0.386117091,0.));
#2510 = CARTESIAN_POINT('',(0.994035785,0.));
#2511 = ( GEOMETRIC_REPRESENTATION_CONTEXT(2) 
PARAMETRIC_REPRESENTATION_CONTEXT() REPRESENTATION_CONTEXT('2D SPACE',''
  ) );
#2512 = ( GEOMETRIC_REPRESENTATION_CONTEXT(3) 
GLOBAL_UNCERTAINTY_ASSIGNED_CONTEXT((#2516)) 
GLOBAL_UNIT_ASSIGNED_CONTEXT((#2513,#2514,#2515)) REPRESENTATION_CONTEXT
('Context #1','3D Context with UNIT and UNCERTAINTY') );
#2513 = ( LENGTH_UNIT() NAMED_UNIT(*) SI_UNIT(.MILLI.,.METRE.) );
#2514 = ( NAMED_UNIT(*) PLANE_ANGLE_UNIT() SI_UNIT($,.RADIAN.) );
#2515 = ( NAMED_UNIT(*) SI_UNIT($,.STERADIAN.) SOLID_ANGLE_UNIT() );
#2516 = UNCERTAINTY_MEASURE_WITH_UNIT(LENGTH_MEASURE(1.E-05),#2513,
  'distance_accuracy_value','confusion accuracy');
#2517 = SHAPE_DEFINITION_REPRESENTATION(#2518,#2234);
#2518 = PRODUCT_DEFINITION_SHAPE('','',#2519);
#2519 = PRODUCT_DEFINITION('design','',#2520,#2523);
#2520 = PRODUCT_DEFINITION_FORMATION('','',#2521);
#2521 = PRODUCT('eMachineShop.12',
  'eMachineShop.12','',(#2522));
#2522 = PRODUCT_CONTEXT('',#2,'mechanical');
#2523 = PRODUCT_DEFINITION_CONTEXT('part definition',#2,'design');
#2524 = CONTEXT_DEPENDENT_SHAPE_REPRESENTATION(#2525,#2527);
#2525 = ( REPRESENTATION_RELATIONSHIP('','',#2234,#10) 
REPRESENTATION_RELATIONSHIP_WITH_TRANSFORMATION(#2526) 
SHAPE_REPRESENTATION_RELATIONSHIP() );
#2526 = ITEM_DEFINED_TRANSFORMATION('','',#11,#59);
#2527 = PRODUCT_DEFINITION_SHAPE('Placement','Placement of an item',
  #2528);
#2528 = NEXT_ASSEMBLY_USAGE_OCCURRENCE('12','','',#5,#2519,$);
#2529 = PRODUCT_RELATED_PRODUCT_CATEGORY('part',$,(#2521));
#2530 = MANIFOLD_SURFACE_SHAPE_REPRESENTATION('',(#11,#2531),#2631);
#2531 = SHELL_BASED_SURFACE_MODEL('',(#2532));
#2532 = OPEN_SHELL('',(#2533));
#2533 = ADVANCED_FACE('',(#2534),#2548,.T.);
#2534 = FACE_BOUND('',#2535,.T.);
#2535 = EDGE_LOOP('',(#2536,#2558,#2573,#2588,#2603,#2618));
#2536 = ORIENTED_EDGE('',*,*,#2537,.T.);
#2537 = EDGE_CURVE('',#2538,#2540,#2542,.T.);
#2538 = VERTEX_POINT('',#2539);
#2539 = CARTESIAN_POINT('',(5.258312395,5.4,0.));
#2540 = VERTEX_POINT('',#2541);
#2541 = CARTESIAN_POINT('',(7.2,5.4,0.));
#2542 = SURFACE_CURVE('',#2543,(#2547),.PCURVE_S1.);
#2543 = LINE('',#2544,#2545);
#2544 = CARTESIAN_POINT('',(5.258312395,5.4,0.));
#2545 = VECTOR('',#2546,1.);
#2546 = DIRECTION('',(1.,0.,0.));
#2547 = PCURVE('',#2548,#2553);
#2548 = B_SPLINE_SURFACE_WITH_KNOTS('',1,1,(
    (#2549,#2550)
    ,(#2551,#2552
    )),.UNSPECIFIED.,.F.,.F.,.F.,(2,2),(2,2),(0.,1.),(0.,1.),
  .PIECEWISE_BEZIER_KNOTS.);
#2549 = CARTESIAN_POINT('',(0.,5.4,-12.1));
#2550 = CARTESIAN_POINT('',(7.2,5.4,-12.1));
#2551 = CARTESIAN_POINT('',(0.,5.4,0.));
#2552 = CARTESIAN_POINT('',(7.2,5.4,0.));
#2553 = DEFINITIONAL_REPRESENTATION('',(#2554),#2557);
#2554 = B_SPLINE_CURVE_WITH_KNOTS('',1,(#2555,#2556),.UNSPECIFIED.,.F.,
  .F.,(2,2),(0.,1.941687605),.PIECEWISE_BEZIER_KNOTS.);
#2555 = CARTESIAN_POINT('',(1.,0.730321166));
#2556 = CARTESIAN_POINT('',(1.,1.));
#2557 = ( GEOMETRIC_REPRESENTATION_CONTEXT(2) 
PARAMETRIC_REPRESENTATION_CONTEXT() REPRESENTATION_CONTEXT('2D SPACE',''
  ) );
#2558 = ORIENTED_EDGE('',*,*,#2559,.T.);
#2559 = EDGE_CURVE('',#2540,#2560,#2562,.T.);
#2560 = VERTEX_POINT('',#2561);
#2561 = CARTESIAN_POINT('',(7.2,5.4,-12.1));
#2562 = SURFACE_CURVE('',#2563,(#2567),.PCURVE_S1.);
#2563 = LINE('',#2564,#2565);
#2564 = CARTESIAN_POINT('',(7.2,5.4,0.));
#2565 = VECTOR('',#2566,1.);
#2566 = DIRECTION('',(0.,0.,-1.));
#2567 = PCURVE('',#2548,#2568);
#2568 = DEFINITIONAL_REPRESENTATION('',(#2569),#2572);
#2569 = B_SPLINE_CURVE_WITH_KNOTS('',1,(#2570,#2571),.UNSPECIFIED.,.F.,
  .F.,(2,2),(0.,12.1),.PIECEWISE_BEZIER_KNOTS.);
#2570 = CARTESIAN_POINT('',(1.,1.));
#2571 = CARTESIAN_POINT('',(0.,1.));
#2572 = ( GEOMETRIC_REPRESENTATION_CONTEXT(2) 
PARAMETRIC_REPRESENTATION_CONTEXT() REPRESENTATION_CONTEXT('2D SPACE',''
  ) );
#2573 = ORIENTED_EDGE('',*,*,#2574,.T.);
#2574 = EDGE_CURVE('',#2560,#2575,#2577,.T.);
#2575 = VERTEX_POINT('',#2576);
#2576 = CARTESIAN_POINT('',(0.,5.4,-12.1));
#2577 = SURFACE_CURVE('',#2578,(#2582),.PCURVE_S1.);
#2578 = LINE('',#2579,#2580);
#2579 = CARTESIAN_POINT('',(7.2,5.4,-12.1));
#2580 = VECTOR('',#2581,1.);
#2581 = DIRECTION('',(-1.,0.,0.));
#2582 = PCURVE('',#2548,#2583);
#2583 = DEFINITIONAL_REPRESENTATION('',(#2584),#2587);
#2584 = B_SPLINE_CURVE_WITH_KNOTS('',1,(#2585,#2586),.UNSPECIFIED.,.F.,
  .F.,(2,2),(0.,7.2),.PIECEWISE_BEZIER_KNOTS.);
#2585 = CARTESIAN_POINT('',(0.,1.));
#2586 = CARTESIAN_POINT('',(0.,0.));
#2587 = ( GEOMETRIC_REPRESENTATION_CONTEXT(2) 
PARAMETRIC_REPRESENTATION_CONTEXT() REPRESENTATION_CONTEXT('2D SPACE',''
  ) );
#2588 = ORIENTED_EDGE('',*,*,#2589,.T.);
#2589 = EDGE_CURVE('',#2575,#2590,#2592,.T.);
#2590 = VERTEX_POINT('',#2591);
#2591 = CARTESIAN_POINT('',(0.,5.4,0.));
#2592 = SURFACE_CURVE('',#2593,(#2597),.PCURVE_S1.);
#2593 = LINE('',#2594,#2595);
#2594 = CARTESIAN_POINT('',(0.,5.4,-12.1));
#2595 = VECTOR('',#2596,1.);
#2596 = DIRECTION('',(0.,0.,1.));
#2597 = PCURVE('',#2548,#2598);
#2598 = DEFINITIONAL_REPRESENTATION('',(#2599),#2602);
#2599 = B_SPLINE_CURVE_WITH_KNOTS('',1,(#2600,#2601),.UNSPECIFIED.,.F.,
  .F.,(2,2),(0.,12.1),.PIECEWISE_BEZIER_KNOTS.);
#2600 = CARTESIAN_POINT('',(0.,0.));
#2601 = CARTESIAN_POINT('',(1.,0.));
#2602 = ( GEOMETRIC_REPRESENTATION_CONTEXT(2) 
PARAMETRIC_REPRESENTATION_CONTEXT() REPRESENTATION_CONTEXT('2D SPACE',''
  ) );
#2603 = ORIENTED_EDGE('',*,*,#2604,.T.);
#2604 = EDGE_CURVE('',#2590,#2605,#2607,.T.);
#2605 = VERTEX_POINT('',#2606);
#2606 = CARTESIAN_POINT('',(1.941687605,5.4,0.));
#2607 = SURFACE_CURVE('',#2608,(#2612),.PCURVE_S1.);
#2608 = LINE('',#2609,#2610);
#2609 = CARTESIAN_POINT('',(0.,5.4,0.));
#2610 = VECTOR('',#2611,1.);
#2611 = DIRECTION('',(1.,0.,0.));
#2612 = PCURVE('',#2548,#2613);
#2613 = DEFINITIONAL_REPRESENTATION('',(#2614),#2617);
#2614 = B_SPLINE_CURVE_WITH_KNOTS('',1,(#2615,#2616),.UNSPECIFIED.,.F.,
  .F.,(2,2),(0.,1.941687605),.PIECEWISE_BEZIER_KNOTS.);
#2615 = CARTESIAN_POINT('',(1.,0.));
#2616 = CARTESIAN_POINT('',(1.,0.269678834));
#2617 = ( GEOMETRIC_REPRESENTATION_CONTEXT(2) 
PARAMETRIC_REPRESENTATION_CONTEXT() REPRESENTATION_CONTEXT('2D SPACE',''
  ) );
#2618 = ORIENTED_EDGE('',*,*,#2619,.T.);
#2619 = EDGE_CURVE('',#2605,#2538,#2620,.T.);
#2620 = SURFACE_CURVE('',#2621,(#2625),.PCURVE_S1.);
#2621 = LINE('',#2622,#2623);
#2622 = CARTESIAN_POINT('',(1.941687605,5.4,0.));
#2623 = VECTOR('',#2624,1.);
#2624 = DIRECTION('',(1.,0.,0.));
#2625 = PCURVE('',#2548,#2626);
#2626 = DEFINITIONAL_REPRESENTATION('',(#2627),#2630);
#2627 = B_SPLINE_CURVE_WITH_KNOTS('',1,(#2628,#2629),.UNSPECIFIED.,.F.,
  .F.,(2,2),(0.,3.31662479),.PIECEWISE_BEZIER_KNOTS.);
#2628 = CARTESIAN_POINT('',(1.,0.269678834));
#2629 = CARTESIAN_POINT('',(1.,0.730321166));
#2630 = ( GEOMETRIC_REPRESENTATION_CONTEXT(2) 
PARAMETRIC_REPRESENTATION_CONTEXT() REPRESENTATION_CONTEXT('2D SPACE',''
  ) );
#2631 = ( GEOMETRIC_REPRESENTATION_CONTEXT(3) 
GLOBAL_UNCERTAINTY_ASSIGNED_CONTEXT((#2635)) 
GLOBAL_UNIT_ASSIGNED_CONTEXT((#2632,#2633,#2634)) REPRESENTATION_CONTEXT
('Context #1','3D Context with UNIT and UNCERTAINTY') );
#2632 = ( LENGTH_UNIT() NAMED_UNIT(*) SI_UNIT(.MILLI.,.METRE.) );
#2633 = ( NAMED_UNIT(*) PLANE_ANGLE_UNIT() SI_UNIT($,.RADIAN.) );
#2634 = ( NAMED_UNIT(*) SI_UNIT($,.STERADIAN.) SOLID_ANGLE_UNIT() );
#2635 = UNCERTAINTY_MEASURE_WITH_UNIT(LENGTH_MEASURE(1.E-07),#2632,
  'distance_accuracy_value','confusion accuracy');
#2636 = SHAPE_DEFINITION_REPRESENTATION(#2637,#2530);
#2637 = PRODUCT_DEFINITION_SHAPE('','',#2638);
#2638 = PRODUCT_DEFINITION('design','',#2639,#2642);
#2639 = PRODUCT_DEFINITION_FORMATION('','',#2640);
#2640 = PRODUCT('eMachineShop.13',
  'eMachineShop.13','',(#2641));
#2641 = PRODUCT_CONTEXT('',#2,'mechanical');
#2642 = PRODUCT_DEFINITION_CONTEXT('part definition',#2,'design');
#2643 = CONTEXT_DEPENDENT_SHAPE_REPRESENTATION(#2644,#2646);
#2644 = ( REPRESENTATION_RELATIONSHIP('','',#2530,#10) 
REPRESENTATION_RELATIONSHIP_WITH_TRANSFORMATION(#2645) 
SHAPE_REPRESENTATION_RELATIONSHIP() );
#2645 = ITEM_DEFINED_TRANSFORMATION('','',#11,#63);
#2646 = PRODUCT_DEFINITION_SHAPE('Placement','Placement of an item',
  #2647);
#2647 = NEXT_ASSEMBLY_USAGE_OCCURRENCE('13','','',#5,#2638,$);
#2648 = PRODUCT_RELATED_PRODUCT_CATEGORY('part',$,(#2640));
#2649 = MANIFOLD_SURFACE_SHAPE_REPRESENTATION('',(#11,#2650),#2720);
#2650 = SHELL_BASED_SURFACE_MODEL('',(#2651));
#2651 = OPEN_SHELL('',(#2652));
#2652 = ADVANCED_FACE('',(#2653),#2667,.T.);
#2653 = FACE_BOUND('',#2654,.T.);
#2654 = EDGE_LOOP('',(#2655,#2677,#2692,#2707));
#2655 = ORIENTED_EDGE('',*,*,#2656,.T.);
#2656 = EDGE_CURVE('',#2657,#2659,#2661,.T.);
#2657 = VERTEX_POINT('',#2658);
#2658 = CARTESIAN_POINT('',(7.2,0.4,0.));
#2659 = VERTEX_POINT('',#2660);
#2660 = CARTESIAN_POINT('',(7.2,0.4,-12.1));
#2661 = SURFACE_CURVE('',#2662,(#2666),.PCURVE_S1.);
#2662 = LINE('',#2663,#2664);
#2663 = CARTESIAN_POINT('',(7.2,0.4,0.));
#2664 = VECTOR('',#2665,1.);
#2665 = DIRECTION('',(0.,0.,-1.));
#2666 = PCURVE('',#2667,#2672);
#2667 = B_SPLINE_SURFACE_WITH_KNOTS('',1,1,(
    (#2668,#2669)
    ,(#2670,#2671
    )),.UNSPECIFIED.,.F.,.F.,.F.,(2,2),(2,2),(0.,1.),(0.,1.),
  .PIECEWISE_BEZIER_KNOTS.);
#2668 = CARTESIAN_POINT('',(7.2,0.4,0.));
#2669 = CARTESIAN_POINT('',(7.2,5.4,0.));
#2670 = CARTESIAN_POINT('',(7.2,0.4,-12.1));
#2671 = CARTESIAN_POINT('',(7.2,5.4,-12.1));
#2672 = DEFINITIONAL_REPRESENTATION('',(#2673),#2676);
#2673 = B_SPLINE_CURVE_WITH_KNOTS('',1,(#2674,#2675),.UNSPECIFIED.,.F.,
  .F.,(2,2),(0.,12.1),.PIECEWISE_BEZIER_KNOTS.);
#2674 = CARTESIAN_POINT('',(0.,0.));
#2675 = CARTESIAN_POINT('',(1.,0.));
#2676 = ( GEOMETRIC_REPRESENTATION_CONTEXT(2) 
PARAMETRIC_REPRESENTATION_CONTEXT() REPRESENTATION_CONTEXT('2D SPACE',''
  ) );
#2677 = ORIENTED_EDGE('',*,*,#2678,.T.);
#2678 = EDGE_CURVE('',#2659,#2679,#2681,.T.);
#2679 = VERTEX_POINT('',#2680);
#2680 = CARTESIAN_POINT('',(7.2,5.4,-12.1));
#2681 = SURFACE_CURVE('',#2682,(#2686),.PCURVE_S1.);
#2682 = LINE('',#2683,#2684);
#2683 = CARTESIAN_POINT('',(7.2,0.4,-12.1));
#2684 = VECTOR('',#2685,1.);
#2685 = DIRECTION('',(0.,1.,0.));
#2686 = PCURVE('',#2667,#2687);
#2687 = DEFINITIONAL_REPRESENTATION('',(#2688),#2691);
#2688 = B_SPLINE_CURVE_WITH_KNOTS('',1,(#2689,#2690),.UNSPECIFIED.,.F.,
  .F.,(2,2),(0.,5.),.PIECEWISE_BEZIER_KNOTS.);
#2689 = CARTESIAN_POINT('',(1.,0.));
#2690 = CARTESIAN_POINT('',(1.,1.));
#2691 = ( GEOMETRIC_REPRESENTATION_CONTEXT(2) 
PARAMETRIC_REPRESENTATION_CONTEXT() REPRESENTATION_CONTEXT('2D SPACE',''
  ) );
#2692 = ORIENTED_EDGE('',*,*,#2693,.T.);
#2693 = EDGE_CURVE('',#2679,#2694,#2696,.T.);
#2694 = VERTEX_POINT('',#2695);
#2695 = CARTESIAN_POINT('',(7.2,5.4,0.));
#2696 = SURFACE_CURVE('',#2697,(#2701),.PCURVE_S1.);
#2697 = LINE('',#2698,#2699);
#2698 = CARTESIAN_POINT('',(7.2,5.4,-12.1));
#2699 = VECTOR('',#2700,1.);
#2700 = DIRECTION('',(0.,0.,1.));
#2701 = PCURVE('',#2667,#2702);
#2702 = DEFINITIONAL_REPRESENTATION('',(#2703),#2706);
#2703 = B_SPLINE_CURVE_WITH_KNOTS('',1,(#2704,#2705),.UNSPECIFIED.,.F.,
  .F.,(2,2),(0.,12.1),.PIECEWISE_BEZIER_KNOTS.);
#2704 = CARTESIAN_POINT('',(1.,1.));
#2705 = CARTESIAN_POINT('',(0.,1.));
#2706 = ( GEOMETRIC_REPRESENTATION_CONTEXT(2) 
PARAMETRIC_REPRESENTATION_CONTEXT() REPRESENTATION_CONTEXT('2D SPACE',''
  ) );
#2707 = ORIENTED_EDGE('',*,*,#2708,.T.);
#2708 = EDGE_CURVE('',#2694,#2657,#2709,.T.);
#2709 = SURFACE_CURVE('',#2710,(#2714),.PCURVE_S1.);
#2710 = LINE('',#2711,#2712);
#2711 = CARTESIAN_POINT('',(7.2,5.4,0.));
#2712 = VECTOR('',#2713,1.);
#2713 = DIRECTION('',(0.,-1.,0.));
#2714 = PCURVE('',#2667,#2715);
#2715 = DEFINITIONAL_REPRESENTATION('',(#2716),#2719);
#2716 = B_SPLINE_CURVE_WITH_KNOTS('',1,(#2717,#2718),.UNSPECIFIED.,.F.,
  .F.,(2,2),(0.,5.),.PIECEWISE_BEZIER_KNOTS.);
#2717 = CARTESIAN_POINT('',(0.,1.));
#2718 = CARTESIAN_POINT('',(0.,0.));
#2719 = ( GEOMETRIC_REPRESENTATION_CONTEXT(2) 
PARAMETRIC_REPRESENTATION_CONTEXT() REPRESENTATION_CONTEXT('2D SPACE',''
  ) );
#2720 = ( GEOMETRIC_REPRESENTATION_CONTEXT(3) 
GLOBAL_UNCERTAINTY_ASSIGNED_CONTEXT((#2724)) 
GLOBAL_UNIT_ASSIGNED_CONTEXT((#2721,#2722,#2723)) REPRESENTATION_CONTEXT
('Context #1','3D Context with UNIT and UNCERTAINTY') );
#2721 = ( LENGTH_UNIT() NAMED_UNIT(*) SI_UNIT(.MILLI.,.METRE.) );
#2722 = ( NAMED_UNIT(*) PLANE_ANGLE_UNIT() SI_UNIT($,.RADIAN.) );
#2723 = ( NAMED_UNIT(*) SI_UNIT($,.STERADIAN.) SOLID_ANGLE_UNIT() );
#2724 = UNCERTAINTY_MEASURE_WITH_UNIT(LENGTH_MEASURE(1.E-07),#2721,
  'distance_accuracy_value','confusion accuracy');
#2725 = SHAPE_DEFINITION_REPRESENTATION(#2726,#2649);
#2726 = PRODUCT_DEFINITION_SHAPE('','',#2727);
#2727 = PRODUCT_DEFINITION('design','',#2728,#2731);
#2728 = PRODUCT_DEFINITION_FORMATION('','',#2729);
#2729 = PRODUCT('eMachineShop.14',
  'eMachineShop.14','',(#2730));
#2730 = PRODUCT_CONTEXT('',#2,'mechanical');
#2731 = PRODUCT_DEFINITION_CONTEXT('part definition',#2,'design');
#2732 = CONTEXT_DEPENDENT_SHAPE_REPRESENTATION(#2733,#2735);
#2733 = ( REPRESENTATION_RELATIONSHIP('','',#2649,#10) 
REPRESENTATION_RELATIONSHIP_WITH_TRANSFORMATION(#2734) 
SHAPE_REPRESENTATION_RELATIONSHIP() );
#2734 = ITEM_DEFINED_TRANSFORMATION('','',#11,#67);
#2735 = PRODUCT_DEFINITION_SHAPE('Placement','Placement of an item',
  #2736);
#2736 = NEXT_ASSEMBLY_USAGE_OCCURRENCE('14','','',#5,#2727,$);
#2737 = PRODUCT_RELATED_PRODUCT_CATEGORY('part',$,(#2729));
#2738 = MANIFOLD_SURFACE_SHAPE_REPRESENTATION('',(#11,#2739),#3383);
#2739 = SHELL_BASED_SURFACE_MODEL('',(#2740));
#2740 = OPEN_SHELL('',(#2741));
#2741 = ADVANCED_FACE('',(#2742,#2869),#2756,.T.);
#2742 = FACE_BOUND('',#2743,.T.);
#2743 = EDGE_LOOP('',(#2744,#2766,#2781,#2796,#2811,#2826,#2841,#2856));
#2744 = ORIENTED_EDGE('',*,*,#2745,.T.);
#2745 = EDGE_CURVE('',#2746,#2748,#2750,.T.);
#2746 = VERTEX_POINT('',#2747);
#2747 = CARTESIAN_POINT('',(1.1,0.,-12.1));
#2748 = VERTEX_POINT('',#2749);
#2749 = CARTESIAN_POINT('',(1.1,0.4,-12.1));
#2750 = SURFACE_CURVE('',#2751,(#2755),.PCURVE_S1.);
#2751 = LINE('',#2752,#2753);
#2752 = CARTESIAN_POINT('',(1.1,0.,-12.1));
#2753 = VECTOR('',#2754,1.);
#2754 = DIRECTION('',(0.,1.,0.));
#2755 = PCURVE('',#2756,#2761);
#2756 = B_SPLINE_SURFACE_WITH_KNOTS('',1,1,(
    (#2757,#2758)
    ,(#2759,#2760
    )),.UNSPECIFIED.,.F.,.F.,.F.,(2,2),(2,2),(0.,1.),(0.,1.),
  .PIECEWISE_BEZIER_KNOTS.);
#2757 = CARTESIAN_POINT('',(7.2,0.,-12.1));
#2758 = CARTESIAN_POINT('',(7.2,5.4,-12.1));
#2759 = CARTESIAN_POINT('',(0.,0.,-12.1));
#2760 = CARTESIAN_POINT('',(0.,5.4,-12.1));
#2761 = DEFINITIONAL_REPRESENTATION('',(#2762),#2765);
#2762 = B_SPLINE_CURVE_WITH_KNOTS('',1,(#2763,#2764),.UNSPECIFIED.,.F.,
  .F.,(2,2),(0.,0.4),.PIECEWISE_BEZIER_KNOTS.);
#2763 = CARTESIAN_POINT('',(0.847222222,0.));
#2764 = CARTESIAN_POINT('',(0.847222222,7.4074074E-02));
#2765 = ( GEOMETRIC_REPRESENTATION_CONTEXT(2) 
PARAMETRIC_REPRESENTATION_CONTEXT() REPRESENTATION_CONTEXT('2D SPACE',''
  ) );
#2766 = ORIENTED_EDGE('',*,*,#2767,.T.);
#2767 = EDGE_CURVE('',#2748,#2768,#2770,.T.);
#2768 = VERTEX_POINT('',#2769);
#2769 = CARTESIAN_POINT('',(0.,0.4,-12.1));
#2770 = SURFACE_CURVE('',#2771,(#2775),.PCURVE_S1.);
#2771 = LINE('',#2772,#2773);
#2772 = CARTESIAN_POINT('',(1.1,0.4,-12.1));
#2773 = VECTOR('',#2774,1.);
#2774 = DIRECTION('',(-1.,0.,0.));
#2775 = PCURVE('',#2756,#2776);
#2776 = DEFINITIONAL_REPRESENTATION('',(#2777),#2780);
#2777 = B_SPLINE_CURVE_WITH_KNOTS('',1,(#2778,#2779),.UNSPECIFIED.,.F.,
  .F.,(2,2),(0.,1.1),.PIECEWISE_BEZIER_KNOTS.);
#2778 = CARTESIAN_POINT('',(0.847222222,7.4074074E-02));
#2779 = CARTESIAN_POINT('',(1.,7.4074074E-02));
#2780 = ( GEOMETRIC_REPRESENTATION_CONTEXT(2) 
PARAMETRIC_REPRESENTATION_CONTEXT() REPRESENTATION_CONTEXT('2D SPACE',''
  ) );
#2781 = ORIENTED_EDGE('',*,*,#2782,.T.);
#2782 = EDGE_CURVE('',#2768,#2783,#2785,.T.);
#2783 = VERTEX_POINT('',#2784);
#2784 = CARTESIAN_POINT('',(0.,5.4,-12.1));
#2785 = SURFACE_CURVE('',#2786,(#2790),.PCURVE_S1.);
#2786 = LINE('',#2787,#2788);
#2787 = CARTESIAN_POINT('',(0.,0.4,-12.1));
#2788 = VECTOR('',#2789,1.);
#2789 = DIRECTION('',(0.,1.,0.));
#2790 = PCURVE('',#2756,#2791);
#2791 = DEFINITIONAL_REPRESENTATION('',(#2792),#2795);
#2792 = B_SPLINE_CURVE_WITH_KNOTS('',1,(#2793,#2794),.UNSPECIFIED.,.F.,
  .F.,(2,2),(0.,5.),.PIECEWISE_BEZIER_KNOTS.);
#2793 = CARTESIAN_POINT('',(1.,7.4074074E-02));
#2794 = CARTESIAN_POINT('',(1.,1.));
#2795 = ( GEOMETRIC_REPRESENTATION_CONTEXT(2) 
PARAMETRIC_REPRESENTATION_CONTEXT() REPRESENTATION_CONTEXT('2D SPACE',''
  ) );
#2796 = ORIENTED_EDGE('',*,*,#2797,.T.);
#2797 = EDGE_CURVE('',#2783,#2798,#2800,.T.);
#2798 = VERTEX_POINT('',#2799);
#2799 = CARTESIAN_POINT('',(7.2,5.4,-12.1));
#2800 = SURFACE_CURVE('',#2801,(#2805),.PCURVE_S1.);
#2801 = LINE('',#2802,#2803);
#2802 = CARTESIAN_POINT('',(0.,5.4,-12.1));
#2803 = VECTOR('',#2804,1.);
#2804 = DIRECTION('',(1.,0.,0.));
#2805 = PCURVE('',#2756,#2806);
#2806 = DEFINITIONAL_REPRESENTATION('',(#2807),#2810);
#2807 = B_SPLINE_CURVE_WITH_KNOTS('',1,(#2808,#2809),.UNSPECIFIED.,.F.,
  .F.,(2,2),(0.,7.2),.PIECEWISE_BEZIER_KNOTS.);
#2808 = CARTESIAN_POINT('',(1.,1.));
#2809 = CARTESIAN_POINT('',(0.,1.));
#2810 = ( GEOMETRIC_REPRESENTATION_CONTEXT(2) 
PARAMETRIC_REPRESENTATION_CONTEXT() REPRESENTATION_CONTEXT('2D SPACE',''
  ) );
#2811 = ORIENTED_EDGE('',*,*,#2812,.T.);
#2812 = EDGE_CURVE('',#2798,#2813,#2815,.T.);
#2813 = VERTEX_POINT('',#2814);
#2814 = CARTESIAN_POINT('',(7.2,0.4,-12.1));
#2815 = SURFACE_CURVE('',#2816,(#2820),.PCURVE_S1.);
#2816 = LINE('',#2817,#2818);
#2817 = CARTESIAN_POINT('',(7.2,5.4,-12.1));
#2818 = VECTOR('',#2819,1.);
#2819 = DIRECTION('',(0.,-1.,0.));
#2820 = PCURVE('',#2756,#2821);
#2821 = DEFINITIONAL_REPRESENTATION('',(#2822),#2825);
#2822 = B_SPLINE_CURVE_WITH_KNOTS('',1,(#2823,#2824),.UNSPECIFIED.,.F.,
  .F.,(2,2),(0.,5.),.PIECEWISE_BEZIER_KNOTS.);
#2823 = CARTESIAN_POINT('',(0.,1.));
#2824 = CARTESIAN_POINT('',(0.,7.4074074E-02));
#2825 = ( GEOMETRIC_REPRESENTATION_CONTEXT(2) 
PARAMETRIC_REPRESENTATION_CONTEXT() REPRESENTATION_CONTEXT('2D SPACE',''
  ) );
#2826 = ORIENTED_EDGE('',*,*,#2827,.T.);
#2827 = EDGE_CURVE('',#2813,#2828,#2830,.T.);
#2828 = VERTEX_POINT('',#2829);
#2829 = CARTESIAN_POINT('',(6.1,0.4,-12.1));
#2830 = SURFACE_CURVE('',#2831,(#2835),.PCURVE_S1.);
#2831 = LINE('',#2832,#2833);
#2832 = CARTESIAN_POINT('',(7.2,0.4,-12.1));
#2833 = VECTOR('',#2834,1.);
#2834 = DIRECTION('',(-1.,0.,0.));
#2835 = PCURVE('',#2756,#2836);
#2836 = DEFINITIONAL_REPRESENTATION('',(#2837),#2840);
#2837 = B_SPLINE_CURVE_WITH_KNOTS('',1,(#2838,#2839),.UNSPECIFIED.,.F.,
  .F.,(2,2),(0.,1.1),.PIECEWISE_BEZIER_KNOTS.);
#2838 = CARTESIAN_POINT('',(0.,7.4074074E-02));
#2839 = CARTESIAN_POINT('',(0.152777778,7.4074074E-02));
#2840 = ( GEOMETRIC_REPRESENTATION_CONTEXT(2) 
PARAMETRIC_REPRESENTATION_CONTEXT() REPRESENTATION_CONTEXT('2D SPACE',''
  ) );
#2841 = ORIENTED_EDGE('',*,*,#2842,.T.);
#2842 = EDGE_CURVE('',#2828,#2843,#2845,.T.);
#2843 = VERTEX_POINT('',#2844);
#2844 = CARTESIAN_POINT('',(6.1,0.,-12.1));
#2845 = SURFACE_CURVE('',#2846,(#2850),.PCURVE_S1.);
#2846 = LINE('',#2847,#2848);
#2847 = CARTESIAN_POINT('',(6.1,0.4,-12.1));
#2848 = VECTOR('',#2849,1.);
#2849 = DIRECTION('',(0.,-1.,0.));
#2850 = PCURVE('',#2756,#2851);
#2851 = DEFINITIONAL_REPRESENTATION('',(#2852),#2855);
#2852 = B_SPLINE_CURVE_WITH_KNOTS('',1,(#2853,#2854),.UNSPECIFIED.,.F.,
  .F.,(2,2),(0.,0.4),.PIECEWISE_BEZIER_KNOTS.);
#2853 = CARTESIAN_POINT('',(0.152777778,7.4074074E-02));
#2854 = CARTESIAN_POINT('',(0.152777778,0.));
#2855 = ( GEOMETRIC_REPRESENTATION_CONTEXT(2) 
PARAMETRIC_REPRESENTATION_CONTEXT() REPRESENTATION_CONTEXT('2D SPACE',''
  ) );
#2856 = ORIENTED_EDGE('',*,*,#2857,.T.);
#2857 = EDGE_CURVE('',#2843,#2746,#2858,.T.);
#2858 = SURFACE_CURVE('',#2859,(#2863),.PCURVE_S1.);
#2859 = LINE('',#2860,#2861);
#2860 = CARTESIAN_POINT('',(6.1,0.,-12.1));
#2861 = VECTOR('',#2862,1.);
#2862 = DIRECTION('',(-1.,0.,0.));
#2863 = PCURVE('',#2756,#2864);
#2864 = DEFINITIONAL_REPRESENTATION('',(#2865),#2868);
#2865 = B_SPLINE_CURVE_WITH_KNOTS('',1,(#2866,#2867),.UNSPECIFIED.,.F.,
  .F.,(2,2),(0.,5.),.PIECEWISE_BEZIER_KNOTS.);
#2866 = CARTESIAN_POINT('',(0.152777778,0.));
#2867 = CARTESIAN_POINT('',(0.847222222,0.));
#2868 = ( GEOMETRIC_REPRESENTATION_CONTEXT(2) 
PARAMETRIC_REPRESENTATION_CONTEXT() REPRESENTATION_CONTEXT('2D SPACE',''
  ) );
#2869 = FACE_BOUND('',#2870,.T.);
#2870 = EDGE_LOOP('',(#2871,#2889,#2905,#2921,#2937,#2953,#2969,#2985,
    #3001,#3017,#3033,#3049,#3065,#3081,#3097,#3113,#3129,#3145,#3161,
    #3177,#3193,#3209,#3225,#3241,#3257,#3273,#3289,#3305,#3321,#3337,
    #3353,#3369));
#2871 = ORIENTED_EDGE('',*,*,#2872,.T.);
#2872 = EDGE_CURVE('',#2873,#2875,#2877,.T.);
#2873 = VERTEX_POINT('',#2874);
#2874 = CARTESIAN_POINT('',(5.4,2.8999999998,-12.1));
#2875 = VERTEX_POINT('',#2876);
#2876 = CARTESIAN_POINT('',(5.365413504,3.2511625776,-12.1));
#2877 = SURFACE_CURVE('',#2878,(#2882),.PCURVE_S1.);
#2878 = B_SPLINE_CURVE_WITH_KNOTS('',2,(#2879,#2880,#2881),
  .UNSPECIFIED.,.F.,.F.,(3,3),(0.,6.25E-02),.PIECEWISE_BEZIER_KNOTS.);
#2879 = CARTESIAN_POINT('',(5.4,2.8999999998,-12.1));
#2880 = CARTESIAN_POINT('',(5.4,3.077284527,-12.1));
#2881 = CARTESIAN_POINT('',(5.365413504,3.2511625776,-12.1));
#2882 = PCURVE('',#2756,#2883);
#2883 = DEFINITIONAL_REPRESENTATION('',(#2884),#2888);
#2884 = B_SPLINE_CURVE_WITH_KNOTS('',2,(#2885,#2886,#2887),
  .UNSPECIFIED.,.F.,.F.,(3,3),(0.,6.25E-02),.PIECEWISE_BEZIER_KNOTS.);
#2885 = CARTESIAN_POINT('',(0.25,0.537037037));
#2886 = CARTESIAN_POINT('',(0.25,0.569867505));
#2887 = CARTESIAN_POINT('',(0.25480368,0.602067144));
#2888 = ( GEOMETRIC_REPRESENTATION_CONTEXT(2) 
PARAMETRIC_REPRESENTATION_CONTEXT() REPRESENTATION_CONTEXT('2D SPACE',''
  ) );
#2889 = ORIENTED_EDGE('',*,*,#2890,.T.);
#2890 = EDGE_CURVE('',#2875,#2891,#2893,.T.);
#2891 = VERTEX_POINT('',#2892);
#2892 = CARTESIAN_POINT('',(5.2629831576,3.5888301774,-12.1));
#2893 = SURFACE_CURVE('',#2894,(#2898),.PCURVE_S1.);
#2894 = B_SPLINE_CURVE_WITH_KNOTS('',2,(#2895,#2896,#2897),
  .UNSPECIFIED.,.F.,.F.,(3,3),(6.25E-02,0.125),
  .PIECEWISE_BEZIER_KNOTS.);
#2895 = CARTESIAN_POINT('',(5.365413504,3.2511625776,-12.1));
#2896 = CARTESIAN_POINT('',(5.330827008,3.4250406336,-12.1));
#2897 = CARTESIAN_POINT('',(5.2629831576,3.5888301774,-12.1));
#2898 = PCURVE('',#2756,#2899);
#2899 = DEFINITIONAL_REPRESENTATION('',(#2900),#2904);
#2900 = B_SPLINE_CURVE_WITH_KNOTS('',2,(#2901,#2902,#2903),
  .UNSPECIFIED.,.F.,.F.,(3,3),(6.25E-02,0.125),
  .PIECEWISE_BEZIER_KNOTS.);
#2901 = CARTESIAN_POINT('',(0.25480368,0.602067144));
#2902 = CARTESIAN_POINT('',(0.25960736,0.634266784));
#2903 = CARTESIAN_POINT('',(0.269030117,0.664598181));
#2904 = ( GEOMETRIC_REPRESENTATION_CONTEXT(2) 
PARAMETRIC_REPRESENTATION_CONTEXT() REPRESENTATION_CONTEXT('2D SPACE',''
  ) );
#2905 = ORIENTED_EDGE('',*,*,#2906,.T.);
#2906 = EDGE_CURVE('',#2891,#2907,#2909,.T.);
#2907 = VERTEX_POINT('',#2908);
#2908 = CARTESIAN_POINT('',(5.0966453016,3.900026421,-12.1));
#2909 = SURFACE_CURVE('',#2910,(#2914),.PCURVE_S1.);
#2910 = B_SPLINE_CURVE_WITH_KNOTS('',2,(#2911,#2912,#2913),
  .UNSPECIFIED.,.F.,.F.,(3,3),(0.125,0.1875),.PIECEWISE_BEZIER_KNOTS.);
#2911 = CARTESIAN_POINT('',(5.2629831576,3.5888301774,-12.1));
#2912 = CARTESIAN_POINT('',(5.1951393072,3.7526197212,-12.1));
#2913 = CARTESIAN_POINT('',(5.0966453016,3.900026421,-12.1));
#2914 = PCURVE('',#2756,#2915);
#2915 = DEFINITIONAL_REPRESENTATION('',(#2916),#2920);
#2916 = B_SPLINE_CURVE_WITH_KNOTS('',2,(#2917,#2918,#2919),
  .UNSPECIFIED.,.F.,.F.,(3,3),(0.125,0.1875),.PIECEWISE_BEZIER_KNOTS.);
#2917 = CARTESIAN_POINT('',(0.269030117,0.664598181));
#2918 = CARTESIAN_POINT('',(0.278452874,0.694929578));
#2919 = CARTESIAN_POINT('',(0.292132597,0.722227115));
#2920 = ( GEOMETRIC_REPRESENTATION_CONTEXT(2) 
PARAMETRIC_REPRESENTATION_CONTEXT() REPRESENTATION_CONTEXT('2D SPACE',''
  ) );
#2921 = ORIENTED_EDGE('',*,*,#2922,.T.);
#2922 = EDGE_CURVE('',#2907,#2923,#2925,.T.);
#2923 = VERTEX_POINT('',#2924);
#2924 = CARTESIAN_POINT('',(4.872792204,4.1727922038,-12.1));
#2925 = SURFACE_CURVE('',#2926,(#2930),.PCURVE_S1.);
#2926 = B_SPLINE_CURVE_WITH_KNOTS('',2,(#2927,#2928,#2929),
  .UNSPECIFIED.,.F.,.F.,(3,3),(0.1875,0.25),.PIECEWISE_BEZIER_KNOTS.);
#2927 = CARTESIAN_POINT('',(5.0966453016,3.900026421,-12.1));
#2928 = CARTESIAN_POINT('',(4.998151296,4.0474331154,-12.1));
#2929 = CARTESIAN_POINT('',(4.872792204,4.1727922038,-12.1));
#2930 = PCURVE('',#2756,#2931);
#2931 = DEFINITIONAL_REPRESENTATION('',(#2932),#2936);
#2932 = B_SPLINE_CURVE_WITH_KNOTS('',2,(#2933,#2934,#2935),
  .UNSPECIFIED.,.F.,.F.,(3,3),(0.1875,0.25),.PIECEWISE_BEZIER_KNOTS.);
#2933 = CARTESIAN_POINT('',(0.292132597,0.722227115));
#2934 = CARTESIAN_POINT('',(0.30581232,0.749524651));
#2935 = CARTESIAN_POINT('',(0.323223305,0.772739297));
#2936 = ( GEOMETRIC_REPRESENTATION_CONTEXT(2) 
PARAMETRIC_REPRESENTATION_CONTEXT() REPRESENTATION_CONTEXT('2D SPACE',''
  ) );
#2937 = ORIENTED_EDGE('',*,*,#2938,.T.);
#2938 = EDGE_CURVE('',#2923,#2939,#2941,.T.);
#2939 = VERTEX_POINT('',#2940);
#2940 = CARTESIAN_POINT('',(4.6000264176,4.3966452996,-12.1));
#2941 = SURFACE_CURVE('',#2942,(#2946),.PCURVE_S1.);
#2942 = B_SPLINE_CURVE_WITH_KNOTS('',2,(#2943,#2944,#2945),
  .UNSPECIFIED.,.F.,.F.,(3,3),(0.25,0.3125),.PIECEWISE_BEZIER_KNOTS.);
#2943 = CARTESIAN_POINT('',(4.872792204,4.1727922038,-12.1));
#2944 = CARTESIAN_POINT('',(4.747433112,4.2981512976,-12.1));
#2945 = CARTESIAN_POINT('',(4.6000264176,4.3966452996,-12.1));
#2946 = PCURVE('',#2756,#2947);
#2947 = DEFINITIONAL_REPRESENTATION('',(#2948),#2952);
#2948 = B_SPLINE_CURVE_WITH_KNOTS('',2,(#2949,#2950,#2951),
  .UNSPECIFIED.,.F.,.F.,(3,3),(0.25,0.3125),.PIECEWISE_BEZIER_KNOTS.);
#2949 = CARTESIAN_POINT('',(0.323223305,0.772739297));
#2950 = CARTESIAN_POINT('',(0.34063429,0.795953944));
#2951 = CARTESIAN_POINT('',(0.361107442,0.814193574));
#2952 = ( GEOMETRIC_REPRESENTATION_CONTEXT(2) 
PARAMETRIC_REPRESENTATION_CONTEXT() REPRESENTATION_CONTEXT('2D SPACE',''
  ) );
#2953 = ORIENTED_EDGE('',*,*,#2954,.T.);
#2954 = EDGE_CURVE('',#2939,#2955,#2957,.T.);
#2955 = VERTEX_POINT('',#2956);
#2956 = CARTESIAN_POINT('',(4.2888301776,4.5629831574,-12.1));
#2957 = SURFACE_CURVE('',#2958,(#2962),.PCURVE_S1.);
#2958 = B_SPLINE_CURVE_WITH_KNOTS('',2,(#2959,#2960,#2961),
  .UNSPECIFIED.,.F.,.F.,(3,3),(0.3125,0.375),.PIECEWISE_BEZIER_KNOTS.);
#2959 = CARTESIAN_POINT('',(4.6000264176,4.3966452996,-12.1));
#2960 = CARTESIAN_POINT('',(4.4526197232,4.495139307,-12.1));
#2961 = CARTESIAN_POINT('',(4.2888301776,4.5629831574,-12.1));
#2962 = PCURVE('',#2756,#2963);
#2963 = DEFINITIONAL_REPRESENTATION('',(#2964),#2968);
#2964 = B_SPLINE_CURVE_WITH_KNOTS('',2,(#2965,#2966,#2967),
  .UNSPECIFIED.,.F.,.F.,(3,3),(0.3125,0.375),.PIECEWISE_BEZIER_KNOTS.);
#2965 = CARTESIAN_POINT('',(0.361107442,0.814193574));
#2966 = CARTESIAN_POINT('',(0.381580594,0.832433205));
#2967 = CARTESIAN_POINT('',(0.404329142,0.844996881));
#2968 = ( GEOMETRIC_REPRESENTATION_CONTEXT(2) 
PARAMETRIC_REPRESENTATION_CONTEXT() REPRESENTATION_CONTEXT('2D SPACE',''
  ) );
#2969 = ORIENTED_EDGE('',*,*,#2970,.T.);
#2970 = EDGE_CURVE('',#2955,#2971,#2973,.T.);
#2971 = VERTEX_POINT('',#2972);
#2972 = CARTESIAN_POINT('',(3.9511625832,4.6654135056,-12.1));
#2973 = SURFACE_CURVE('',#2974,(#2978),.PCURVE_S1.);
#2974 = B_SPLINE_CURVE_WITH_KNOTS('',2,(#2975,#2976,#2977),
  .UNSPECIFIED.,.F.,.F.,(3,3),(0.375,0.4375),.PIECEWISE_BEZIER_KNOTS.);
#2975 = CARTESIAN_POINT('',(4.2888301776,4.5629831574,-12.1));
#2976 = CARTESIAN_POINT('',(4.125040632,4.6308270078,-12.1));
#2977 = CARTESIAN_POINT('',(3.9511625832,4.6654135056,-12.1));
#2978 = PCURVE('',#2756,#2979);
#2979 = DEFINITIONAL_REPRESENTATION('',(#2980),#2984);
#2980 = B_SPLINE_CURVE_WITH_KNOTS('',2,(#2981,#2982,#2983),
  .UNSPECIFIED.,.F.,.F.,(3,3),(0.375,0.4375),.PIECEWISE_BEZIER_KNOTS.);
#2981 = CARTESIAN_POINT('',(0.404329142,0.844996881));
#2982 = CARTESIAN_POINT('',(0.42707769,0.857560557));
#2983 = CARTESIAN_POINT('',(0.451227419,0.863965464));
#2984 = ( GEOMETRIC_REPRESENTATION_CONTEXT(2) 
PARAMETRIC_REPRESENTATION_CONTEXT() REPRESENTATION_CONTEXT('2D SPACE',''
  ) );
#2985 = ORIENTED_EDGE('',*,*,#2986,.T.);
#2986 = EDGE_CURVE('',#2971,#2987,#2989,.T.);
#2987 = VERTEX_POINT('',#2988);
#2988 = CARTESIAN_POINT('',(3.6,4.699999998,-12.1));
#2989 = SURFACE_CURVE('',#2990,(#2994),.PCURVE_S1.);
#2990 = B_SPLINE_CURVE_WITH_KNOTS('',2,(#2991,#2992,#2993),
  .UNSPECIFIED.,.F.,.F.,(3,3),(0.4375,0.5),.PIECEWISE_BEZIER_KNOTS.);
#2991 = CARTESIAN_POINT('',(3.9511625832,4.6654135056,-12.1));
#2992 = CARTESIAN_POINT('',(3.7772845272,4.699999998,-12.1));
#2993 = CARTESIAN_POINT('',(3.6,4.699999998,-12.1));
#2994 = PCURVE('',#2756,#2995);
#2995 = DEFINITIONAL_REPRESENTATION('',(#2996),#3000);
#2996 = B_SPLINE_CURVE_WITH_KNOTS('',2,(#2997,#2998,#2999),
  .UNSPECIFIED.,.F.,.F.,(3,3),(0.4375,0.5),.PIECEWISE_BEZIER_KNOTS.);
#2997 = CARTESIAN_POINT('',(0.451227419,0.863965464));
#2998 = CARTESIAN_POINT('',(0.475377149,0.87037037));
#2999 = CARTESIAN_POINT('',(0.5,0.87037037));
#3000 = ( GEOMETRIC_REPRESENTATION_CONTEXT(2) 
PARAMETRIC_REPRESENTATION_CONTEXT() REPRESENTATION_CONTEXT('2D SPACE',''
  ) );
#3001 = ORIENTED_EDGE('',*,*,#3002,.T.);
#3002 = EDGE_CURVE('',#2987,#3003,#3005,.T.);
#3003 = VERTEX_POINT('',#3004);
#3004 = CARTESIAN_POINT('',(3.2488374168,4.6654135056,-12.1));
#3005 = SURFACE_CURVE('',#3006,(#3010),.PCURVE_S1.);
#3006 = B_SPLINE_CURVE_WITH_KNOTS('',2,(#3007,#3008,#3009),
  .UNSPECIFIED.,.F.,.F.,(3,3),(0.5,0.5625),.PIECEWISE_BEZIER_KNOTS.);
#3007 = CARTESIAN_POINT('',(3.6,4.699999998,-12.1));
#3008 = CARTESIAN_POINT('',(3.4227154728,4.699999998,-12.1));
#3009 = CARTESIAN_POINT('',(3.2488374168,4.6654135056,-12.1));
#3010 = PCURVE('',#2756,#3011);
#3011 = DEFINITIONAL_REPRESENTATION('',(#3012),#3016);
#3012 = B_SPLINE_CURVE_WITH_KNOTS('',2,(#3013,#3014,#3015),
  .UNSPECIFIED.,.F.,.F.,(3,3),(0.5,0.5625),.PIECEWISE_BEZIER_KNOTS.);
#3013 = CARTESIAN_POINT('',(0.5,0.87037037));
#3014 = CARTESIAN_POINT('',(0.524622851,0.87037037));
#3015 = CARTESIAN_POINT('',(0.548772581,0.863965464));
#3016 = ( GEOMETRIC_REPRESENTATION_CONTEXT(2) 
PARAMETRIC_REPRESENTATION_CONTEXT() REPRESENTATION_CONTEXT('2D SPACE',''
  ) );
#3017 = ORIENTED_EDGE('',*,*,#3018,.T.);
#3018 = EDGE_CURVE('',#3003,#3019,#3021,.T.);
#3019 = VERTEX_POINT('',#3020);
#3020 = CARTESIAN_POINT('',(2.9111698224,4.5629831574,-12.1));
#3021 = SURFACE_CURVE('',#3022,(#3026),.PCURVE_S1.);
#3022 = B_SPLINE_CURVE_WITH_KNOTS('',2,(#3023,#3024,#3025),
  .UNSPECIFIED.,.F.,.F.,(3,3),(0.5625,0.625),.PIECEWISE_BEZIER_KNOTS.);
#3023 = CARTESIAN_POINT('',(3.2488374168,4.6654135056,-12.1));
#3024 = CARTESIAN_POINT('',(3.074959368,4.6308270078,-12.1));
#3025 = CARTESIAN_POINT('',(2.9111698224,4.5629831574,-12.1));
#3026 = PCURVE('',#2756,#3027);
#3027 = DEFINITIONAL_REPRESENTATION('',(#3028),#3032);
#3028 = B_SPLINE_CURVE_WITH_KNOTS('',2,(#3029,#3030,#3031),
  .UNSPECIFIED.,.F.,.F.,(3,3),(0.5625,0.625),.PIECEWISE_BEZIER_KNOTS.);
#3029 = CARTESIAN_POINT('',(0.548772581,0.863965464));
#3030 = CARTESIAN_POINT('',(0.57292231,0.857560557));
#3031 = CARTESIAN_POINT('',(0.595670858,0.844996881));
#3032 = ( GEOMETRIC_REPRESENTATION_CONTEXT(2) 
PARAMETRIC_REPRESENTATION_CONTEXT() REPRESENTATION_CONTEXT('2D SPACE',''
  ) );
#3033 = ORIENTED_EDGE('',*,*,#3034,.T.);
#3034 = EDGE_CURVE('',#3019,#3035,#3037,.T.);
#3035 = VERTEX_POINT('',#3036);
#3036 = CARTESIAN_POINT('',(2.5999735824,4.3966452996,-12.1));
#3037 = SURFACE_CURVE('',#3038,(#3042),.PCURVE_S1.);
#3038 = B_SPLINE_CURVE_WITH_KNOTS('',2,(#3039,#3040,#3041),
  .UNSPECIFIED.,.F.,.F.,(3,3),(0.625,0.6875),.PIECEWISE_BEZIER_KNOTS.);
#3039 = CARTESIAN_POINT('',(2.9111698224,4.5629831574,-12.1));
#3040 = CARTESIAN_POINT('',(2.7473802768,4.495139307,-12.1));
#3041 = CARTESIAN_POINT('',(2.5999735824,4.3966452996,-12.1));
#3042 = PCURVE('',#2756,#3043);
#3043 = DEFINITIONAL_REPRESENTATION('',(#3044),#3048);
#3044 = B_SPLINE_CURVE_WITH_KNOTS('',2,(#3045,#3046,#3047),
  .UNSPECIFIED.,.F.,.F.,(3,3),(0.625,0.6875),.PIECEWISE_BEZIER_KNOTS.);
#3045 = CARTESIAN_POINT('',(0.595670858,0.844996881));
#3046 = CARTESIAN_POINT('',(0.618419406,0.832433205));
#3047 = CARTESIAN_POINT('',(0.638892558,0.814193574));
#3048 = ( GEOMETRIC_REPRESENTATION_CONTEXT(2) 
PARAMETRIC_REPRESENTATION_CONTEXT() REPRESENTATION_CONTEXT('2D SPACE',''
  ) );
#3049 = ORIENTED_EDGE('',*,*,#3050,.T.);
#3050 = EDGE_CURVE('',#3035,#3051,#3053,.T.);
#3051 = VERTEX_POINT('',#3052);
#3052 = CARTESIAN_POINT('',(2.327207796,4.1727922038,-12.1));
#3053 = SURFACE_CURVE('',#3054,(#3058),.PCURVE_S1.);
#3054 = B_SPLINE_CURVE_WITH_KNOTS('',2,(#3055,#3056,#3057),
  .UNSPECIFIED.,.F.,.F.,(3,3),(0.6875,0.75),.PIECEWISE_BEZIER_KNOTS.);
#3055 = CARTESIAN_POINT('',(2.5999735824,4.3966452996,-12.1));
#3056 = CARTESIAN_POINT('',(2.452566888,4.2981512976,-12.1));
#3057 = CARTESIAN_POINT('',(2.327207796,4.1727922038,-12.1));
#3058 = PCURVE('',#2756,#3059);
#3059 = DEFINITIONAL_REPRESENTATION('',(#3060),#3064);
#3060 = B_SPLINE_CURVE_WITH_KNOTS('',2,(#3061,#3062,#3063),
  .UNSPECIFIED.,.F.,.F.,(3,3),(0.6875,0.75),.PIECEWISE_BEZIER_KNOTS.);
#3061 = CARTESIAN_POINT('',(0.638892558,0.814193574));
#3062 = CARTESIAN_POINT('',(0.65936571,0.795953944));
#3063 = CARTESIAN_POINT('',(0.676776695,0.772739297));
#3064 = ( GEOMETRIC_REPRESENTATION_CONTEXT(2) 
PARAMETRIC_REPRESENTATION_CONTEXT() REPRESENTATION_CONTEXT('2D SPACE',''
  ) );
#3065 = ORIENTED_EDGE('',*,*,#3066,.T.);
#3066 = EDGE_CURVE('',#3051,#3067,#3069,.T.);
#3067 = VERTEX_POINT('',#3068);
#3068 = CARTESIAN_POINT('',(2.1033546984,3.900026421,-12.1));
#3069 = SURFACE_CURVE('',#3070,(#3074),.PCURVE_S1.);
#3070 = B_SPLINE_CURVE_WITH_KNOTS('',2,(#3071,#3072,#3073),
  .UNSPECIFIED.,.F.,.F.,(3,3),(0.75,0.8125),.PIECEWISE_BEZIER_KNOTS.);
#3071 = CARTESIAN_POINT('',(2.327207796,4.1727922038,-12.1));
#3072 = CARTESIAN_POINT('',(2.201848704,4.0474331154,-12.1));
#3073 = CARTESIAN_POINT('',(2.1033546984,3.900026421,-12.1));
#3074 = PCURVE('',#2756,#3075);
#3075 = DEFINITIONAL_REPRESENTATION('',(#3076),#3080);
#3076 = B_SPLINE_CURVE_WITH_KNOTS('',2,(#3077,#3078,#3079),
  .UNSPECIFIED.,.F.,.F.,(3,3),(0.75,0.8125),.PIECEWISE_BEZIER_KNOTS.);
#3077 = CARTESIAN_POINT('',(0.676776695,0.772739297));
#3078 = CARTESIAN_POINT('',(0.69418768,0.749524651));
#3079 = CARTESIAN_POINT('',(0.707867403,0.722227115));
#3080 = ( GEOMETRIC_REPRESENTATION_CONTEXT(2) 
PARAMETRIC_REPRESENTATION_CONTEXT() REPRESENTATION_CONTEXT('2D SPACE',''
  ) );
#3081 = ORIENTED_EDGE('',*,*,#3082,.T.);
#3082 = EDGE_CURVE('',#3067,#3083,#3085,.T.);
#3083 = VERTEX_POINT('',#3084);
#3084 = CARTESIAN_POINT('',(1.9370168424,3.5888301774,-12.1));
#3085 = SURFACE_CURVE('',#3086,(#3090),.PCURVE_S1.);
#3086 = B_SPLINE_CURVE_WITH_KNOTS('',2,(#3087,#3088,#3089),
  .UNSPECIFIED.,.F.,.F.,(3,3),(0.8125,0.875),.PIECEWISE_BEZIER_KNOTS.);
#3087 = CARTESIAN_POINT('',(2.1033546984,3.900026421,-12.1));
#3088 = CARTESIAN_POINT('',(2.0048606928,3.7526197212,-12.1));
#3089 = CARTESIAN_POINT('',(1.9370168424,3.5888301774,-12.1));
#3090 = PCURVE('',#2756,#3091);
#3091 = DEFINITIONAL_REPRESENTATION('',(#3092),#3096);
#3092 = B_SPLINE_CURVE_WITH_KNOTS('',2,(#3093,#3094,#3095),
  .UNSPECIFIED.,.F.,.F.,(3,3),(0.8125,0.875),.PIECEWISE_BEZIER_KNOTS.);
#3093 = CARTESIAN_POINT('',(0.707867403,0.722227115));
#3094 = CARTESIAN_POINT('',(0.721547126,0.694929578));
#3095 = CARTESIAN_POINT('',(0.730969883,0.664598181));
#3096 = ( GEOMETRIC_REPRESENTATION_CONTEXT(2) 
PARAMETRIC_REPRESENTATION_CONTEXT() REPRESENTATION_CONTEXT('2D SPACE',''
  ) );
#3097 = ORIENTED_EDGE('',*,*,#3098,.T.);
#3098 = EDGE_CURVE('',#3083,#3099,#3101,.T.);
#3099 = VERTEX_POINT('',#3100);
#3100 = CARTESIAN_POINT('',(1.834586496,3.2511625776,-12.1));
#3101 = SURFACE_CURVE('',#3102,(#3106),.PCURVE_S1.);
#3102 = B_SPLINE_CURVE_WITH_KNOTS('',2,(#3103,#3104,#3105),
  .UNSPECIFIED.,.F.,.F.,(3,3),(0.875,0.9375),.PIECEWISE_BEZIER_KNOTS.);
#3103 = CARTESIAN_POINT('',(1.9370168424,3.5888301774,-12.1));
#3104 = CARTESIAN_POINT('',(1.869172992,3.4250406336,-12.1));
#3105 = CARTESIAN_POINT('',(1.834586496,3.2511625776,-12.1));
#3106 = PCURVE('',#2756,#3107);
#3107 = DEFINITIONAL_REPRESENTATION('',(#3108),#3112);
#3108 = B_SPLINE_CURVE_WITH_KNOTS('',2,(#3109,#3110,#3111),
  .UNSPECIFIED.,.F.,.F.,(3,3),(0.875,0.9375),.PIECEWISE_BEZIER_KNOTS.);
#3109 = CARTESIAN_POINT('',(0.730969883,0.664598181));
#3110 = CARTESIAN_POINT('',(0.74039264,0.634266784));
#3111 = CARTESIAN_POINT('',(0.74519632,0.602067144));
#3112 = ( GEOMETRIC_REPRESENTATION_CONTEXT(2) 
PARAMETRIC_REPRESENTATION_CONTEXT() REPRESENTATION_CONTEXT('2D SPACE',''
  ) );
#3113 = ORIENTED_EDGE('',*,*,#3114,.T.);
#3114 = EDGE_CURVE('',#3099,#3115,#3117,.T.);
#3115 = VERTEX_POINT('',#3116);
#3116 = CARTESIAN_POINT('',(1.8,2.8999999998,-12.1));
#3117 = SURFACE_CURVE('',#3118,(#3122),.PCURVE_S1.);
#3118 = B_SPLINE_CURVE_WITH_KNOTS('',2,(#3119,#3120,#3121),
  .UNSPECIFIED.,.F.,.F.,(3,3),(0.9375,1.),.PIECEWISE_BEZIER_KNOTS.);
#3119 = CARTESIAN_POINT('',(1.834586496,3.2511625776,-12.1));
#3120 = CARTESIAN_POINT('',(1.8,3.077284527,-12.1));
#3121 = CARTESIAN_POINT('',(1.8,2.8999999998,-12.1));
#3122 = PCURVE('',#2756,#3123);
#3123 = DEFINITIONAL_REPRESENTATION('',(#3124),#3128);
#3124 = B_SPLINE_CURVE_WITH_KNOTS('',2,(#3125,#3126,#3127),
  .UNSPECIFIED.,.F.,.F.,(3,3),(0.9375,1.),.PIECEWISE_BEZIER_KNOTS.);
#3125 = CARTESIAN_POINT('',(0.74519632,0.602067144));
#3126 = CARTESIAN_POINT('',(0.75,0.569867505));
#3127 = CARTESIAN_POINT('',(0.75,0.537037037));
#3128 = ( GEOMETRIC_REPRESENTATION_CONTEXT(2) 
PARAMETRIC_REPRESENTATION_CONTEXT() REPRESENTATION_CONTEXT('2D SPACE',''
  ) );
#3129 = ORIENTED_EDGE('',*,*,#3130,.T.);
#3130 = EDGE_CURVE('',#3115,#3131,#3133,.T.);
#3131 = VERTEX_POINT('',#3132);
#3132 = CARTESIAN_POINT('',(1.834586496,2.548837422,-12.1));
#3133 = SURFACE_CURVE('',#3134,(#3138),.PCURVE_S1.);
#3134 = B_SPLINE_CURVE_WITH_KNOTS('',2,(#3135,#3136,#3137),
  .UNSPECIFIED.,.F.,.F.,(3,3),(0.,6.25E-02),.PIECEWISE_BEZIER_KNOTS.);
#3135 = CARTESIAN_POINT('',(1.8,2.8999999998,-12.1));
#3136 = CARTESIAN_POINT('',(1.8,2.7227154726,-12.1));
#3137 = CARTESIAN_POINT('',(1.834586496,2.548837422,-12.1));
#3138 = PCURVE('',#2756,#3139);
#3139 = DEFINITIONAL_REPRESENTATION('',(#3140),#3144);
#3140 = B_SPLINE_CURVE_WITH_KNOTS('',2,(#3141,#3142,#3143),
  .UNSPECIFIED.,.F.,.F.,(3,3),(0.,6.25E-02),.PIECEWISE_BEZIER_KNOTS.);
#3141 = CARTESIAN_POINT('',(0.75,0.537037037));
#3142 = CARTESIAN_POINT('',(0.75,0.504206569));
#3143 = CARTESIAN_POINT('',(0.74519632,0.47200693));
#3144 = ( GEOMETRIC_REPRESENTATION_CONTEXT(2) 
PARAMETRIC_REPRESENTATION_CONTEXT() REPRESENTATION_CONTEXT('2D SPACE',''
  ) );
#3145 = ORIENTED_EDGE('',*,*,#3146,.T.);
#3146 = EDGE_CURVE('',#3131,#3147,#3149,.T.);
#3147 = VERTEX_POINT('',#3148);
#3148 = CARTESIAN_POINT('',(1.9370168424,2.2111698222,-12.1));
#3149 = SURFACE_CURVE('',#3150,(#3154),.PCURVE_S1.);
#3150 = B_SPLINE_CURVE_WITH_KNOTS('',2,(#3151,#3152,#3153),
  .UNSPECIFIED.,.F.,.F.,(3,3),(6.25E-02,0.125),
  .PIECEWISE_BEZIER_KNOTS.);
#3151 = CARTESIAN_POINT('',(1.834586496,2.548837422,-12.1));
#3152 = CARTESIAN_POINT('',(1.869172992,2.374959366,-12.1));
#3153 = CARTESIAN_POINT('',(1.9370168424,2.2111698222,-12.1));
#3154 = PCURVE('',#2756,#3155);
#3155 = DEFINITIONAL_REPRESENTATION('',(#3156),#3160);
#3156 = B_SPLINE_CURVE_WITH_KNOTS('',2,(#3157,#3158,#3159),
  .UNSPECIFIED.,.F.,.F.,(3,3),(6.25E-02,0.125),
  .PIECEWISE_BEZIER_KNOTS.);
#3157 = CARTESIAN_POINT('',(0.74519632,0.47200693));
#3158 = CARTESIAN_POINT('',(0.74039264,0.43980729));
#3159 = CARTESIAN_POINT('',(0.730969883,0.409475893));
#3160 = ( GEOMETRIC_REPRESENTATION_CONTEXT(2) 
PARAMETRIC_REPRESENTATION_CONTEXT() REPRESENTATION_CONTEXT('2D SPACE',''
  ) );
#3161 = ORIENTED_EDGE('',*,*,#3162,.T.);
#3162 = EDGE_CURVE('',#3147,#3163,#3165,.T.);
#3163 = VERTEX_POINT('',#3164);
#3164 = CARTESIAN_POINT('',(2.1033546984,1.8999735786,-12.1));
#3165 = SURFACE_CURVE('',#3166,(#3170),.PCURVE_S1.);
#3166 = B_SPLINE_CURVE_WITH_KNOTS('',2,(#3167,#3168,#3169),
  .UNSPECIFIED.,.F.,.F.,(3,3),(0.125,0.1875),.PIECEWISE_BEZIER_KNOTS.);
#3167 = CARTESIAN_POINT('',(1.9370168424,2.2111698222,-12.1));
#3168 = CARTESIAN_POINT('',(2.0048606928,2.0473802784,-12.1));
#3169 = CARTESIAN_POINT('',(2.1033546984,1.8999735786,-12.1));
#3170 = PCURVE('',#2756,#3171);
#3171 = DEFINITIONAL_REPRESENTATION('',(#3172),#3176);
#3172 = B_SPLINE_CURVE_WITH_KNOTS('',2,(#3173,#3174,#3175),
  .UNSPECIFIED.,.F.,.F.,(3,3),(0.125,0.1875),.PIECEWISE_BEZIER_KNOTS.);
#3173 = CARTESIAN_POINT('',(0.730969883,0.409475893));
#3174 = CARTESIAN_POINT('',(0.721547126,0.379144496));
#3175 = CARTESIAN_POINT('',(0.707867403,0.351846959));
#3176 = ( GEOMETRIC_REPRESENTATION_CONTEXT(2) 
PARAMETRIC_REPRESENTATION_CONTEXT() REPRESENTATION_CONTEXT('2D SPACE',''
  ) );
#3177 = ORIENTED_EDGE('',*,*,#3178,.T.);
#3178 = EDGE_CURVE('',#3163,#3179,#3181,.T.);
#3179 = VERTEX_POINT('',#3180);
#3180 = CARTESIAN_POINT('',(2.327207796,1.6272077958,-12.1));
#3181 = SURFACE_CURVE('',#3182,(#3186),.PCURVE_S1.);
#3182 = B_SPLINE_CURVE_WITH_KNOTS('',2,(#3183,#3184,#3185),
  .UNSPECIFIED.,.F.,.F.,(3,3),(0.1875,0.25),.PIECEWISE_BEZIER_KNOTS.);
#3183 = CARTESIAN_POINT('',(2.1033546984,1.8999735786,-12.1));
#3184 = CARTESIAN_POINT('',(2.201848704,1.7525668842,-12.1));
#3185 = CARTESIAN_POINT('',(2.327207796,1.6272077958,-12.1));
#3186 = PCURVE('',#2756,#3187);
#3187 = DEFINITIONAL_REPRESENTATION('',(#3188),#3192);
#3188 = B_SPLINE_CURVE_WITH_KNOTS('',2,(#3189,#3190,#3191),
  .UNSPECIFIED.,.F.,.F.,(3,3),(0.1875,0.25),.PIECEWISE_BEZIER_KNOTS.);
#3189 = CARTESIAN_POINT('',(0.707867403,0.351846959));
#3190 = CARTESIAN_POINT('',(0.69418768,0.324549423));
#3191 = CARTESIAN_POINT('',(0.676776695,0.301334777));
#3192 = ( GEOMETRIC_REPRESENTATION_CONTEXT(2) 
PARAMETRIC_REPRESENTATION_CONTEXT() REPRESENTATION_CONTEXT('2D SPACE',''
  ) );
#3193 = ORIENTED_EDGE('',*,*,#3194,.T.);
#3194 = EDGE_CURVE('',#3179,#3195,#3197,.T.);
#3195 = VERTEX_POINT('',#3196);
#3196 = CARTESIAN_POINT('',(2.5999735824,1.4033547,-12.1));
#3197 = SURFACE_CURVE('',#3198,(#3202),.PCURVE_S1.);
#3198 = B_SPLINE_CURVE_WITH_KNOTS('',2,(#3199,#3200,#3201),
  .UNSPECIFIED.,.F.,.F.,(3,3),(0.25,0.3125),.PIECEWISE_BEZIER_KNOTS.);
#3199 = CARTESIAN_POINT('',(2.327207796,1.6272077958,-12.1));
#3200 = CARTESIAN_POINT('',(2.452566888,1.501848702,-12.1));
#3201 = CARTESIAN_POINT('',(2.5999735824,1.4033547,-12.1));
#3202 = PCURVE('',#2756,#3203);
#3203 = DEFINITIONAL_REPRESENTATION('',(#3204),#3208);
#3204 = B_SPLINE_CURVE_WITH_KNOTS('',2,(#3205,#3206,#3207),
  .UNSPECIFIED.,.F.,.F.,(3,3),(0.25,0.3125),.PIECEWISE_BEZIER_KNOTS.);
#3205 = CARTESIAN_POINT('',(0.676776695,0.301334777));
#3206 = CARTESIAN_POINT('',(0.65936571,0.27812013));
#3207 = CARTESIAN_POINT('',(0.638892558,0.2598805));
#3208 = ( GEOMETRIC_REPRESENTATION_CONTEXT(2) 
PARAMETRIC_REPRESENTATION_CONTEXT() REPRESENTATION_CONTEXT('2D SPACE',''
  ) );
#3209 = ORIENTED_EDGE('',*,*,#3210,.T.);
#3210 = EDGE_CURVE('',#3195,#3211,#3213,.T.);
#3211 = VERTEX_POINT('',#3212);
#3212 = CARTESIAN_POINT('',(2.9111698224,1.2370168422,-12.1));
#3213 = SURFACE_CURVE('',#3214,(#3218),.PCURVE_S1.);
#3214 = B_SPLINE_CURVE_WITH_KNOTS('',2,(#3215,#3216,#3217),
  .UNSPECIFIED.,.F.,.F.,(3,3),(0.3125,0.375),.PIECEWISE_BEZIER_KNOTS.);
#3215 = CARTESIAN_POINT('',(2.5999735824,1.4033547,-12.1));
#3216 = CARTESIAN_POINT('',(2.7473802768,1.3048606926,-12.1));
#3217 = CARTESIAN_POINT('',(2.9111698224,1.2370168422,-12.1));
#3218 = PCURVE('',#2756,#3219);
#3219 = DEFINITIONAL_REPRESENTATION('',(#3220),#3224);
#3220 = B_SPLINE_CURVE_WITH_KNOTS('',2,(#3221,#3222,#3223),
  .UNSPECIFIED.,.F.,.F.,(3,3),(0.3125,0.375),.PIECEWISE_BEZIER_KNOTS.);
#3221 = CARTESIAN_POINT('',(0.638892558,0.2598805));
#3222 = CARTESIAN_POINT('',(0.618419406,0.241640869));
#3223 = CARTESIAN_POINT('',(0.595670858,0.229077193));
#3224 = ( GEOMETRIC_REPRESENTATION_CONTEXT(2) 
PARAMETRIC_REPRESENTATION_CONTEXT() REPRESENTATION_CONTEXT('2D SPACE',''
  ) );
#3225 = ORIENTED_EDGE('',*,*,#3226,.T.);
#3226 = EDGE_CURVE('',#3211,#3227,#3229,.T.);
#3227 = VERTEX_POINT('',#3228);
#3228 = CARTESIAN_POINT('',(3.2488374168,1.134586494,-12.1));
#3229 = SURFACE_CURVE('',#3230,(#3234),.PCURVE_S1.);
#3230 = B_SPLINE_CURVE_WITH_KNOTS('',2,(#3231,#3232,#3233),
  .UNSPECIFIED.,.F.,.F.,(3,3),(0.375,0.4375),.PIECEWISE_BEZIER_KNOTS.);
#3231 = CARTESIAN_POINT('',(2.9111698224,1.2370168422,-12.1));
#3232 = CARTESIAN_POINT('',(3.074959368,1.1691729918,-12.1));
#3233 = CARTESIAN_POINT('',(3.2488374168,1.134586494,-12.1));
#3234 = PCURVE('',#2756,#3235);
#3235 = DEFINITIONAL_REPRESENTATION('',(#3236),#3240);
#3236 = B_SPLINE_CURVE_WITH_KNOTS('',2,(#3237,#3238,#3239),
  .UNSPECIFIED.,.F.,.F.,(3,3),(0.375,0.4375),.PIECEWISE_BEZIER_KNOTS.);
#3237 = CARTESIAN_POINT('',(0.595670858,0.229077193));
#3238 = CARTESIAN_POINT('',(0.57292231,0.216513517));
#3239 = CARTESIAN_POINT('',(0.548772581,0.21010861));
#3240 = ( GEOMETRIC_REPRESENTATION_CONTEXT(2) 
PARAMETRIC_REPRESENTATION_CONTEXT() REPRESENTATION_CONTEXT('2D SPACE',''
  ) );
#3241 = ORIENTED_EDGE('',*,*,#3242,.T.);
#3242 = EDGE_CURVE('',#3227,#3243,#3245,.T.);
#3243 = VERTEX_POINT('',#3244);
#3244 = CARTESIAN_POINT('',(3.6,1.1000000016,-12.1));
#3245 = SURFACE_CURVE('',#3246,(#3250),.PCURVE_S1.);
#3246 = B_SPLINE_CURVE_WITH_KNOTS('',2,(#3247,#3248,#3249),
  .UNSPECIFIED.,.F.,.F.,(3,3),(0.4375,0.5),.PIECEWISE_BEZIER_KNOTS.);
#3247 = CARTESIAN_POINT('',(3.2488374168,1.134586494,-12.1));
#3248 = CARTESIAN_POINT('',(3.4227154728,1.1000000016,-12.1));
#3249 = CARTESIAN_POINT('',(3.6,1.1000000016,-12.1));
#3250 = PCURVE('',#2756,#3251);
#3251 = DEFINITIONAL_REPRESENTATION('',(#3252),#3256);
#3252 = B_SPLINE_CURVE_WITH_KNOTS('',2,(#3253,#3254,#3255),
  .UNSPECIFIED.,.F.,.F.,(3,3),(0.4375,0.5),.PIECEWISE_BEZIER_KNOTS.);
#3253 = CARTESIAN_POINT('',(0.548772581,0.21010861));
#3254 = CARTESIAN_POINT('',(0.524622851,0.203703704));
#3255 = CARTESIAN_POINT('',(0.5,0.203703704));
#3256 = ( GEOMETRIC_REPRESENTATION_CONTEXT(2) 
PARAMETRIC_REPRESENTATION_CONTEXT() REPRESENTATION_CONTEXT('2D SPACE',''
  ) );
#3257 = ORIENTED_EDGE('',*,*,#3258,.T.);
#3258 = EDGE_CURVE('',#3243,#3259,#3261,.T.);
#3259 = VERTEX_POINT('',#3260);
#3260 = CARTESIAN_POINT('',(3.9511625832,1.134586494,-12.1));
#3261 = SURFACE_CURVE('',#3262,(#3266),.PCURVE_S1.);
#3262 = B_SPLINE_CURVE_WITH_KNOTS('',2,(#3263,#3264,#3265),
  .UNSPECIFIED.,.F.,.F.,(3,3),(0.5,0.5625),.PIECEWISE_BEZIER_KNOTS.);
#3263 = CARTESIAN_POINT('',(3.6,1.1000000016,-12.1));
#3264 = CARTESIAN_POINT('',(3.7772845272,1.1000000016,-12.1));
#3265 = CARTESIAN_POINT('',(3.9511625832,1.134586494,-12.1));
#3266 = PCURVE('',#2756,#3267);
#3267 = DEFINITIONAL_REPRESENTATION('',(#3268),#3272);
#3268 = B_SPLINE_CURVE_WITH_KNOTS('',2,(#3269,#3270,#3271),
  .UNSPECIFIED.,.F.,.F.,(3,3),(0.5,0.5625),.PIECEWISE_BEZIER_KNOTS.);
#3269 = CARTESIAN_POINT('',(0.5,0.203703704));
#3270 = CARTESIAN_POINT('',(0.475377149,0.203703704));
#3271 = CARTESIAN_POINT('',(0.451227419,0.21010861));
#3272 = ( GEOMETRIC_REPRESENTATION_CONTEXT(2) 
PARAMETRIC_REPRESENTATION_CONTEXT() REPRESENTATION_CONTEXT('2D SPACE',''
  ) );
#3273 = ORIENTED_EDGE('',*,*,#3274,.T.);
#3274 = EDGE_CURVE('',#3259,#3275,#3277,.T.);
#3275 = VERTEX_POINT('',#3276);
#3276 = CARTESIAN_POINT('',(4.2888301776,1.2370168422,-12.1));
#3277 = SURFACE_CURVE('',#3278,(#3282),.PCURVE_S1.);
#3278 = B_SPLINE_CURVE_WITH_KNOTS('',2,(#3279,#3280,#3281),
  .UNSPECIFIED.,.F.,.F.,(3,3),(0.5625,0.625),.PIECEWISE_BEZIER_KNOTS.);
#3279 = CARTESIAN_POINT('',(3.9511625832,1.134586494,-12.1));
#3280 = CARTESIAN_POINT('',(4.125040632,1.1691729918,-12.1));
#3281 = CARTESIAN_POINT('',(4.2888301776,1.2370168422,-12.1));
#3282 = PCURVE('',#2756,#3283);
#3283 = DEFINITIONAL_REPRESENTATION('',(#3284),#3288);
#3284 = B_SPLINE_CURVE_WITH_KNOTS('',2,(#3285,#3286,#3287),
  .UNSPECIFIED.,.F.,.F.,(3,3),(0.5625,0.625),.PIECEWISE_BEZIER_KNOTS.);
#3285 = CARTESIAN_POINT('',(0.451227419,0.21010861));
#3286 = CARTESIAN_POINT('',(0.42707769,0.216513517));
#3287 = CARTESIAN_POINT('',(0.404329142,0.229077193));
#3288 = ( GEOMETRIC_REPRESENTATION_CONTEXT(2) 
PARAMETRIC_REPRESENTATION_CONTEXT() REPRESENTATION_CONTEXT('2D SPACE',''
  ) );
#3289 = ORIENTED_EDGE('',*,*,#3290,.T.);
#3290 = EDGE_CURVE('',#3275,#3291,#3293,.T.);
#3291 = VERTEX_POINT('',#3292);
#3292 = CARTESIAN_POINT('',(4.6000264176,1.4033547,-12.1));
#3293 = SURFACE_CURVE('',#3294,(#3298),.PCURVE_S1.);
#3294 = B_SPLINE_CURVE_WITH_KNOTS('',2,(#3295,#3296,#3297),
  .UNSPECIFIED.,.F.,.F.,(3,3),(0.625,0.6875),.PIECEWISE_BEZIER_KNOTS.);
#3295 = CARTESIAN_POINT('',(4.2888301776,1.2370168422,-12.1));
#3296 = CARTESIAN_POINT('',(4.4526197232,1.3048606926,-12.1));
#3297 = CARTESIAN_POINT('',(4.6000264176,1.4033547,-12.1));
#3298 = PCURVE('',#2756,#3299);
#3299 = DEFINITIONAL_REPRESENTATION('',(#3300),#3304);
#3300 = B_SPLINE_CURVE_WITH_KNOTS('',2,(#3301,#3302,#3303),
  .UNSPECIFIED.,.F.,.F.,(3,3),(0.625,0.6875),.PIECEWISE_BEZIER_KNOTS.);
#3301 = CARTESIAN_POINT('',(0.404329142,0.229077193));
#3302 = CARTESIAN_POINT('',(0.381580594,0.241640869));
#3303 = CARTESIAN_POINT('',(0.361107442,0.2598805));
#3304 = ( GEOMETRIC_REPRESENTATION_CONTEXT(2) 
PARAMETRIC_REPRESENTATION_CONTEXT() REPRESENTATION_CONTEXT('2D SPACE',''
  ) );
#3305 = ORIENTED_EDGE('',*,*,#3306,.T.);
#3306 = EDGE_CURVE('',#3291,#3307,#3309,.T.);
#3307 = VERTEX_POINT('',#3308);
#3308 = CARTESIAN_POINT('',(4.872792204,1.6272077958,-12.1));
#3309 = SURFACE_CURVE('',#3310,(#3314),.PCURVE_S1.);
#3310 = B_SPLINE_CURVE_WITH_KNOTS('',2,(#3311,#3312,#3313),
  .UNSPECIFIED.,.F.,.F.,(3,3),(0.6875,0.75),.PIECEWISE_BEZIER_KNOTS.);
#3311 = CARTESIAN_POINT('',(4.6000264176,1.4033547,-12.1));
#3312 = CARTESIAN_POINT('',(4.747433112,1.501848702,-12.1));
#3313 = CARTESIAN_POINT('',(4.872792204,1.6272077958,-12.1));
#3314 = PCURVE('',#2756,#3315);
#3315 = DEFINITIONAL_REPRESENTATION('',(#3316),#3320);
#3316 = B_SPLINE_CURVE_WITH_KNOTS('',2,(#3317,#3318,#3319),
  .UNSPECIFIED.,.F.,.F.,(3,3),(0.6875,0.75),.PIECEWISE_BEZIER_KNOTS.);
#3317 = CARTESIAN_POINT('',(0.361107442,0.2598805));
#3318 = CARTESIAN_POINT('',(0.34063429,0.27812013));
#3319 = CARTESIAN_POINT('',(0.323223305,0.301334777));
#3320 = ( GEOMETRIC_REPRESENTATION_CONTEXT(2) 
PARAMETRIC_REPRESENTATION_CONTEXT() REPRESENTATION_CONTEXT('2D SPACE',''
  ) );
#3321 = ORIENTED_EDGE('',*,*,#3322,.T.);
#3322 = EDGE_CURVE('',#3307,#3323,#3325,.T.);
#3323 = VERTEX_POINT('',#3324);
#3324 = CARTESIAN_POINT('',(5.0966453016,1.8999735786,-12.1));
#3325 = SURFACE_CURVE('',#3326,(#3330),.PCURVE_S1.);
#3326 = B_SPLINE_CURVE_WITH_KNOTS('',2,(#3327,#3328,#3329),
  .UNSPECIFIED.,.F.,.F.,(3,3),(0.75,0.8125),.PIECEWISE_BEZIER_KNOTS.);
#3327 = CARTESIAN_POINT('',(4.872792204,1.6272077958,-12.1));
#3328 = CARTESIAN_POINT('',(4.998151296,1.7525668842,-12.1));
#3329 = CARTESIAN_POINT('',(5.0966453016,1.8999735786,-12.1));
#3330 = PCURVE('',#2756,#3331);
#3331 = DEFINITIONAL_REPRESENTATION('',(#3332),#3336);
#3332 = B_SPLINE_CURVE_WITH_KNOTS('',2,(#3333,#3334,#3335),
  .UNSPECIFIED.,.F.,.F.,(3,3),(0.75,0.8125),.PIECEWISE_BEZIER_KNOTS.);
#3333 = CARTESIAN_POINT('',(0.323223305,0.301334777));
#3334 = CARTESIAN_POINT('',(0.30581232,0.324549423));
#3335 = CARTESIAN_POINT('',(0.292132597,0.351846959));
#3336 = ( GEOMETRIC_REPRESENTATION_CONTEXT(2) 
PARAMETRIC_REPRESENTATION_CONTEXT() REPRESENTATION_CONTEXT('2D SPACE',''
  ) );
#3337 = ORIENTED_EDGE('',*,*,#3338,.T.);
#3338 = EDGE_CURVE('',#3323,#3339,#3341,.T.);
#3339 = VERTEX_POINT('',#3340);
#3340 = CARTESIAN_POINT('',(5.2629831576,2.2111698222,-12.1));
#3341 = SURFACE_CURVE('',#3342,(#3346),.PCURVE_S1.);
#3342 = B_SPLINE_CURVE_WITH_KNOTS('',2,(#3343,#3344,#3345),
  .UNSPECIFIED.,.F.,.F.,(3,3),(0.8125,0.875),.PIECEWISE_BEZIER_KNOTS.);
#3343 = CARTESIAN_POINT('',(5.0966453016,1.8999735786,-12.1));
#3344 = CARTESIAN_POINT('',(5.1951393072,2.0473802784,-12.1));
#3345 = CARTESIAN_POINT('',(5.2629831576,2.2111698222,-12.1));
#3346 = PCURVE('',#2756,#3347);
#3347 = DEFINITIONAL_REPRESENTATION('',(#3348),#3352);
#3348 = B_SPLINE_CURVE_WITH_KNOTS('',2,(#3349,#3350,#3351),
  .UNSPECIFIED.,.F.,.F.,(3,3),(0.8125,0.875),.PIECEWISE_BEZIER_KNOTS.);
#3349 = CARTESIAN_POINT('',(0.292132597,0.351846959));
#3350 = CARTESIAN_POINT('',(0.278452874,0.379144496));
#3351 = CARTESIAN_POINT('',(0.269030117,0.409475893));
#3352 = ( GEOMETRIC_REPRESENTATION_CONTEXT(2) 
PARAMETRIC_REPRESENTATION_CONTEXT() REPRESENTATION_CONTEXT('2D SPACE',''
  ) );
#3353 = ORIENTED_EDGE('',*,*,#3354,.T.);
#3354 = EDGE_CURVE('',#3339,#3355,#3357,.T.);
#3355 = VERTEX_POINT('',#3356);
#3356 = CARTESIAN_POINT('',(5.365413504,2.548837422,-12.1));
#3357 = SURFACE_CURVE('',#3358,(#3362),.PCURVE_S1.);
#3358 = B_SPLINE_CURVE_WITH_KNOTS('',2,(#3359,#3360,#3361),
  .UNSPECIFIED.,.F.,.F.,(3,3),(0.875,0.9375),.PIECEWISE_BEZIER_KNOTS.);
#3359 = CARTESIAN_POINT('',(5.2629831576,2.2111698222,-12.1));
#3360 = CARTESIAN_POINT('',(5.330827008,2.374959366,-12.1));
#3361 = CARTESIAN_POINT('',(5.365413504,2.548837422,-12.1));
#3362 = PCURVE('',#2756,#3363);
#3363 = DEFINITIONAL_REPRESENTATION('',(#3364),#3368);
#3364 = B_SPLINE_CURVE_WITH_KNOTS('',2,(#3365,#3366,#3367),
  .UNSPECIFIED.,.F.,.F.,(3,3),(0.875,0.9375),.PIECEWISE_BEZIER_KNOTS.);
#3365 = CARTESIAN_POINT('',(0.269030117,0.409475893));
#3366 = CARTESIAN_POINT('',(0.25960736,0.43980729));
#3367 = CARTESIAN_POINT('',(0.25480368,0.47200693));
#3368 = ( GEOMETRIC_REPRESENTATION_CONTEXT(2) 
PARAMETRIC_REPRESENTATION_CONTEXT() REPRESENTATION_CONTEXT('2D SPACE',''
  ) );
#3369 = ORIENTED_EDGE('',*,*,#3370,.T.);
#3370 = EDGE_CURVE('',#3355,#2873,#3371,.T.);
#3371 = SURFACE_CURVE('',#3372,(#3376),.PCURVE_S1.);
#3372 = B_SPLINE_CURVE_WITH_KNOTS('',2,(#3373,#3374,#3375),
  .UNSPECIFIED.,.F.,.F.,(3,3),(0.9375,1.),.PIECEWISE_BEZIER_KNOTS.);
#3373 = CARTESIAN_POINT('',(5.365413504,2.548837422,-12.1));
#3374 = CARTESIAN_POINT('',(5.4,2.7227154726,-12.1));
#3375 = CARTESIAN_POINT('',(5.4,2.8999999998,-12.1));
#3376 = PCURVE('',#2756,#3377);
#3377 = DEFINITIONAL_REPRESENTATION('',(#3378),#3382);
#3378 = B_SPLINE_CURVE_WITH_KNOTS('',2,(#3379,#3380,#3381),
  .UNSPECIFIED.,.F.,.F.,(3,3),(0.9375,1.),.PIECEWISE_BEZIER_KNOTS.);
#3379 = CARTESIAN_POINT('',(0.25480368,0.47200693));
#3380 = CARTESIAN_POINT('',(0.25,0.504206569));
#3381 = CARTESIAN_POINT('',(0.25,0.537037037));
#3382 = ( GEOMETRIC_REPRESENTATION_CONTEXT(2) 
PARAMETRIC_REPRESENTATION_CONTEXT() REPRESENTATION_CONTEXT('2D SPACE',''
  ) );
#3383 = ( GEOMETRIC_REPRESENTATION_CONTEXT(3) 
GLOBAL_UNCERTAINTY_ASSIGNED_CONTEXT((#3387)) 
GLOBAL_UNIT_ASSIGNED_CONTEXT((#3384,#3385,#3386)) REPRESENTATION_CONTEXT
('Context #1','3D Context with UNIT and UNCERTAINTY') );
#3384 = ( LENGTH_UNIT() NAMED_UNIT(*) SI_UNIT(.MILLI.,.METRE.) );
#3385 = ( NAMED_UNIT(*) PLANE_ANGLE_UNIT() SI_UNIT($,.RADIAN.) );
#3386 = ( NAMED_UNIT(*) SI_UNIT($,.STERADIAN.) SOLID_ANGLE_UNIT() );
#3387 = UNCERTAINTY_MEASURE_WITH_UNIT(LENGTH_MEASURE(1.E-05),#3384,
  'distance_accuracy_value','confusion accuracy');
#3388 = SHAPE_DEFINITION_REPRESENTATION(#3389,#2738);
#3389 = PRODUCT_DEFINITION_SHAPE('','',#3390);
#3390 = PRODUCT_DEFINITION('design','',#3391,#3394);
#3391 = PRODUCT_DEFINITION_FORMATION('','',#3392);
#3392 = PRODUCT('eMachineShop.15',
  'eMachineShop.15','',(#3393));
#3393 = PRODUCT_CONTEXT('',#2,'mechanical');
#3394 = PRODUCT_DEFINITION_CONTEXT('part definition',#2,'design');
#3395 = CONTEXT_DEPENDENT_SHAPE_REPRESENTATION(#3396,#3398);
#3396 = ( REPRESENTATION_RELATIONSHIP('','',#2738,#10) 
REPRESENTATION_RELATIONSHIP_WITH_TRANSFORMATION(#3397) 
SHAPE_REPRESENTATION_RELATIONSHIP() );
#3397 = ITEM_DEFINED_TRANSFORMATION('','',#11,#71);
#3398 = PRODUCT_DEFINITION_SHAPE('Placement','Placement of an item',
  #3399);
#3399 = NEXT_ASSEMBLY_USAGE_OCCURRENCE('15','','',#5,#3390,$);
#3400 = PRODUCT_RELATED_PRODUCT_CATEGORY('part',$,(#3392));
#3401 = MANIFOLD_SURFACE_SHAPE_REPRESENTATION('',(#11,#3402),#3459);
#3402 = SHELL_BASED_SURFACE_MODEL('',(#3403));
#3403 = OPEN_SHELL('',(#3404));
#3404 = ADVANCED_FACE('',(#3405),#3419,.T.);
#3405 = FACE_BOUND('',#3406,.T.);
#3406 = EDGE_LOOP('',(#3407,#3429,#3445));
#3407 = ORIENTED_EDGE('',*,*,#3408,.T.);
#3408 = EDGE_CURVE('',#3409,#3411,#3413,.T.);
#3409 = VERTEX_POINT('',#3410);
#3410 = CARTESIAN_POINT('',(4.368114574859,0.,0.));
#3411 = VERTEX_POINT('',#3412);
#3412 = CARTESIAN_POINT('',(2.831885425141,0.,0.));
#3413 = SURFACE_CURVE('',#3414,(#3418),.PCURVE_S1.);
#3414 = LINE('',#3415,#3416);
#3415 = CARTESIAN_POINT('',(4.368114575,0.,0.));
#3416 = VECTOR('',#3417,1.);
#3417 = DIRECTION('',(-1.,0.,0.));
#3418 = PCURVE('',#3419,#3424);
#3419 = B_SPLINE_SURFACE_WITH_KNOTS('',1,1,(
    (#3420,#3421)
    ,(#3422,#3423
    )),.UNSPECIFIED.,.F.,.F.,.F.,(2,2),(2,2),(0.,1.),(0.,1.),
  .PIECEWISE_BEZIER_KNOTS.);
#3420 = CARTESIAN_POINT('',(2.82266805,-0.1006,0.));
#3421 = CARTESIAN_POINT('',(2.82266805,0.,0.));
#3422 = CARTESIAN_POINT('',(4.37733195,-0.1006,0.));
#3423 = CARTESIAN_POINT('',(4.37733195,0.,0.));
#3424 = DEFINITIONAL_REPRESENTATION('',(#3425),#3428);
#3425 = B_SPLINE_CURVE_WITH_KNOTS('',1,(#3426,#3427),.UNSPECIFIED.,.F.,
  .F.,(2,2),(0.,1.53622915),.PIECEWISE_BEZIER_KNOTS.);
#3426 = CARTESIAN_POINT('',(0.994071146,1.));
#3427 = CARTESIAN_POINT('',(5.928854E-03,1.));
#3428 = ( GEOMETRIC_REPRESENTATION_CONTEXT(2) 
PARAMETRIC_REPRESENTATION_CONTEXT() REPRESENTATION_CONTEXT('2D SPACE',''
  ) );
#3429 = ORIENTED_EDGE('',*,*,#3430,.T.);
#3430 = EDGE_CURVE('',#3411,#3431,#3433,.T.);
#3431 = VERTEX_POINT('',#3432);
#3432 = CARTESIAN_POINT('',(3.6,-9.9999999971E-02,0.));
#3433 = SURFACE_CURVE('',#3434,(#3438),.PCURVE_S1.);
#3434 = B_SPLINE_CURVE_WITH_KNOTS('',2,(#3435,#3436,#3437),
  .UNSPECIFIED.,.F.,.F.,(3,3),(0.,0.5),.PIECEWISE_BEZIER_KNOTS.);
#3435 = CARTESIAN_POINT('',(2.831885425282,0.,0.));
#3436 = CARTESIAN_POINT('',(3.209433266487,-9.9999999971E-02,0.));
#3437 = CARTESIAN_POINT('',(3.6,-9.9999999971E-02,0.));
#3438 = PCURVE('',#3419,#3439);
#3439 = DEFINITIONAL_REPRESENTATION('',(#3440),#3444);
#3440 = B_SPLINE_CURVE_WITH_KNOTS('',2,(#3441,#3442,#3443),
  .UNSPECIFIED.,.F.,.F.,(3,3),(0.,0.5),.PIECEWISE_BEZIER_KNOTS.);
#3441 = CARTESIAN_POINT('',(5.928854E-03,1.));
#3442 = CARTESIAN_POINT('',(0.248777383,5.964215E-03));
#3443 = CARTESIAN_POINT('',(0.5,5.964215E-03));
#3444 = ( GEOMETRIC_REPRESENTATION_CONTEXT(2) 
PARAMETRIC_REPRESENTATION_CONTEXT() REPRESENTATION_CONTEXT('2D SPACE',''
  ) );
#3445 = ORIENTED_EDGE('',*,*,#3446,.T.);
#3446 = EDGE_CURVE('',#3431,#3409,#3447,.T.);
#3447 = SURFACE_CURVE('',#3448,(#3452),.PCURVE_S1.);
#3448 = B_SPLINE_CURVE_WITH_KNOTS('',2,(#3449,#3450,#3451),
  .UNSPECIFIED.,.F.,.F.,(3,3),(0.5,1.),.PIECEWISE_BEZIER_KNOTS.);
#3449 = CARTESIAN_POINT('',(3.6,-9.9999999971E-02,0.));
#3450 = CARTESIAN_POINT('',(3.990566733513,-9.9999999971E-02,0.));
#3451 = CARTESIAN_POINT('',(4.368114574718,0.,0.));
#3452 = PCURVE('',#3419,#3453);
#3453 = DEFINITIONAL_REPRESENTATION('',(#3454),#3458);
#3454 = B_SPLINE_CURVE_WITH_KNOTS('',2,(#3455,#3456,#3457),
  .UNSPECIFIED.,.F.,.F.,(3,3),(0.5,1.),.PIECEWISE_BEZIER_KNOTS.);
#3455 = CARTESIAN_POINT('',(0.5,5.964215E-03));
#3456 = CARTESIAN_POINT('',(0.751222617,5.964215E-03));
#3457 = CARTESIAN_POINT('',(0.994071146,1.));
#3458 = ( GEOMETRIC_REPRESENTATION_CONTEXT(2) 
PARAMETRIC_REPRESENTATION_CONTEXT() REPRESENTATION_CONTEXT('2D SPACE',''
  ) );
#3459 = ( GEOMETRIC_REPRESENTATION_CONTEXT(3) 
GLOBAL_UNCERTAINTY_ASSIGNED_CONTEXT((#3463)) 
GLOBAL_UNIT_ASSIGNED_CONTEXT((#3460,#3461,#3462)) REPRESENTATION_CONTEXT
('Context #1','3D Context with UNIT and UNCERTAINTY') );
#3460 = ( LENGTH_UNIT() NAMED_UNIT(*) SI_UNIT(.MILLI.,.METRE.) );
#3461 = ( NAMED_UNIT(*) PLANE_ANGLE_UNIT() SI_UNIT($,.RADIAN.) );
#3462 = ( NAMED_UNIT(*) SI_UNIT($,.STERADIAN.) SOLID_ANGLE_UNIT() );
#3463 = UNCERTAINTY_MEASURE_WITH_UNIT(LENGTH_MEASURE(1.E-05),#3460,
  'distance_accuracy_value','confusion accuracy');
#3464 = SHAPE_DEFINITION_REPRESENTATION(#3465,#3401);
#3465 = PRODUCT_DEFINITION_SHAPE('','',#3466);
#3466 = PRODUCT_DEFINITION('design','',#3467,#3470);
#3467 = PRODUCT_DEFINITION_FORMATION('','',#3468);
#3468 = PRODUCT('eMachineShop.16',
  'eMachineShop.16','',(#3469));
#3469 = PRODUCT_CONTEXT('',#2,'mechanical');
#3470 = PRODUCT_DEFINITION_CONTEXT('part definition',#2,'design');
#3471 = CONTEXT_DEPENDENT_SHAPE_REPRESENTATION(#3472,#3474);
#3472 = ( REPRESENTATION_RELATIONSHIP('','',#3401,#10) 
REPRESENTATION_RELATIONSHIP_WITH_TRANSFORMATION(#3473) 
SHAPE_REPRESENTATION_RELATIONSHIP() );
#3473 = ITEM_DEFINED_TRANSFORMATION('','',#11,#75);
#3474 = PRODUCT_DEFINITION_SHAPE('Placement','Placement of an item',
  #3475);
#3475 = NEXT_ASSEMBLY_USAGE_OCCURRENCE('16','','',#5,#3466,$);
#3476 = PRODUCT_RELATED_PRODUCT_CATEGORY('part',$,(#3468));
#3477 = MANIFOLD_SURFACE_SHAPE_REPRESENTATION('',(#11,#3478),#3631);
#3478 = SHELL_BASED_SURFACE_MODEL('',(#3479));
#3479 = OPEN_SHELL('',(#3480));
#3480 = ADVANCED_FACE('',(#3481),#3495,.T.);
#3481 = FACE_BOUND('',#3482,.T.);
#3482 = EDGE_LOOP('',(#3483,#3505,#3521,#3537,#3553,#3569,#3585,#3601,
    #3617));
#3483 = ORIENTED_EDGE('',*,*,#3484,.T.);
#3484 = EDGE_CURVE('',#3485,#3487,#3489,.T.);
#3485 = VERTEX_POINT('',#3486);
#3486 = CARTESIAN_POINT('',(1.941687605283,5.4,0.));
#3487 = VERTEX_POINT('',#3488);
#3488 = CARTESIAN_POINT('',(5.258312394717,5.4,0.));
#3489 = SURFACE_CURVE('',#3490,(#3494),.PCURVE_S1.);
#3490 = LINE('',#3491,#3492);
#3491 = CARTESIAN_POINT('',(1.941687605,5.4,0.));
#3492 = VECTOR('',#3493,1.);
#3493 = DIRECTION('',(1.,0.,0.));
#3494 = PCURVE('',#3495,#3500);
#3495 = B_SPLINE_SURFACE_WITH_KNOTS('',1,1,(
    (#3496,#3497)
    ,(#3498,#3499
    )),.UNSPECIFIED.,.F.,.F.,.F.,(2,2),(2,2),(0.,1.),(0.,1.),
  .PIECEWISE_BEZIER_KNOTS.);
#3496 = CARTESIAN_POINT('',(1.921787856,5.4,0.));
#3497 = CARTESIAN_POINT('',(1.921787856,5.903,0.));
#3498 = CARTESIAN_POINT('',(5.278212144,5.4,0.));
#3499 = CARTESIAN_POINT('',(5.278212144,5.903,0.));
#3500 = DEFINITIONAL_REPRESENTATION('',(#3501),#3504);
#3501 = B_SPLINE_CURVE_WITH_KNOTS('',1,(#3502,#3503),.UNSPECIFIED.,.F.,
  .F.,(2,2),(0.,3.31662479),.PIECEWISE_BEZIER_KNOTS.);
#3502 = CARTESIAN_POINT('',(5.928854E-03,0.));
#3503 = CARTESIAN_POINT('',(0.994071146,0.));
#3504 = ( GEOMETRIC_REPRESENTATION_CONTEXT(2) 
PARAMETRIC_REPRESENTATION_CONTEXT() REPRESENTATION_CONTEXT('2D SPACE',''
  ) );
#3505 = ORIENTED_EDGE('',*,*,#3506,.T.);
#3506 = EDGE_CURVE('',#3487,#3507,#3509,.T.);
#3507 = VERTEX_POINT('',#3508);
#3508 = CARTESIAN_POINT('',(4.875820783968,5.615194527869,0.));
#3509 = SURFACE_CURVE('',#3510,(#3514),.PCURVE_S1.);
#3510 = B_SPLINE_CURVE_WITH_KNOTS('',2,(#3511,#3512,#3513),
  .UNSPECIFIED.,.F.,.F.,(3,3),(0.,0.125),.PIECEWISE_BEZIER_KNOTS.);
#3511 = CARTESIAN_POINT('',(5.258312394434,5.4,0.));
#3512 = CARTESIAN_POINT('',(5.074957963933,5.521623570086,0.));
#3513 = CARTESIAN_POINT('',(4.875820783968,5.615194527869,0.));
#3514 = PCURVE('',#3495,#3515);
#3515 = DEFINITIONAL_REPRESENTATION('',(#3516),#3520);
#3516 = B_SPLINE_CURVE_WITH_KNOTS('',2,(#3517,#3518,#3519),
  .UNSPECIFIED.,.F.,.F.,(3,3),(0.,0.125),.PIECEWISE_BEZIER_KNOTS.);
#3517 = CARTESIAN_POINT('',(0.994071146,0.));
#3518 = CARTESIAN_POINT('',(0.93944324,0.241796362));
#3519 = CARTESIAN_POINT('',(0.880113083,0.427822123));
#3520 = ( GEOMETRIC_REPRESENTATION_CONTEXT(2) 
PARAMETRIC_REPRESENTATION_CONTEXT() REPRESENTATION_CONTEXT('2D SPACE',''
  ) );
#3521 = ORIENTED_EDGE('',*,*,#3522,.T.);
#3522 = EDGE_CURVE('',#3507,#3523,#3525,.T.);
#3523 = VERTEX_POINT('',#3524);
#3524 = CARTESIAN_POINT('',(4.466025403688,5.772281323245,0.));
#3525 = SURFACE_CURVE('',#3526,(#3530),.PCURVE_S1.);
#3526 = B_SPLINE_CURVE_WITH_KNOTS('',2,(#3527,#3528,#3529),
  .UNSPECIFIED.,.F.,.F.,(3,3),(0.125,0.25),.PIECEWISE_BEZIER_KNOTS.);
#3527 = CARTESIAN_POINT('',(4.875820783968,5.615194527869,0.));
#3528 = CARTESIAN_POINT('',(4.676683607359,5.708765485149,0.));
#3529 = CARTESIAN_POINT('',(4.466025403688,5.772281323245,0.));
#3530 = PCURVE('',#3495,#3531);
#3531 = DEFINITIONAL_REPRESENTATION('',(#3532),#3536);
#3532 = B_SPLINE_CURVE_WITH_KNOTS('',2,(#3533,#3534,#3535),
  .UNSPECIFIED.,.F.,.F.,(3,3),(0.125,0.25),.PIECEWISE_BEZIER_KNOTS.);
#3533 = CARTESIAN_POINT('',(0.880113083,0.427822123));
#3534 = CARTESIAN_POINT('',(0.820782927,0.613847883));
#3535 = CARTESIAN_POINT('',(0.758020241,0.740121915));
#3536 = ( GEOMETRIC_REPRESENTATION_CONTEXT(2) 
PARAMETRIC_REPRESENTATION_CONTEXT() REPRESENTATION_CONTEXT('2D SPACE',''
  ) );
#3537 = ORIENTED_EDGE('',*,*,#3538,.T.);
#3538 = EDGE_CURVE('',#3523,#3539,#3541,.T.);
#3539 = VERTEX_POINT('',#3540);
#3540 = CARTESIAN_POINT('',(4.037696257974,5.867898580598,0.));
#3541 = SURFACE_CURVE('',#3542,(#3546),.PCURVE_S1.);
#3542 = B_SPLINE_CURVE_WITH_KNOTS('',2,(#3543,#3544,#3545),
  .UNSPECIFIED.,.F.,.F.,(3,3),(0.25,0.375),.PIECEWISE_BEZIER_KNOTS.);
#3543 = CARTESIAN_POINT('',(4.466025403688,5.772281323245,0.));
#3544 = CARTESIAN_POINT('',(4.255367200017,5.835797161341,0.));
#3545 = CARTESIAN_POINT('',(4.037696257974,5.867898580598,0.));
#3546 = PCURVE('',#3495,#3547);
#3547 = DEFINITIONAL_REPRESENTATION('',(#3548),#3552);
#3548 = B_SPLINE_CURVE_WITH_KNOTS('',2,(#3549,#3550,#3551),
  .UNSPECIFIED.,.F.,.F.,(3,3),(0.25,0.375),.PIECEWISE_BEZIER_KNOTS.);
#3549 = CARTESIAN_POINT('',(0.758020241,0.740121915));
#3550 = CARTESIAN_POINT('',(0.695257555,0.866395947));
#3551 = CARTESIAN_POINT('',(0.630405521,0.930215866));
#3552 = ( GEOMETRIC_REPRESENTATION_CONTEXT(2) 
PARAMETRIC_REPRESENTATION_CONTEXT() REPRESENTATION_CONTEXT('2D SPACE',''
  ) );
#3553 = ORIENTED_EDGE('',*,*,#3554,.T.);
#3554 = EDGE_CURVE('',#3539,#3555,#3557,.T.);
#3555 = VERTEX_POINT('',#3556);
#3556 = CARTESIAN_POINT('',(3.6,5.899999999855,0.));
#3557 = SURFACE_CURVE('',#3558,(#3562),.PCURVE_S1.);
#3558 = B_SPLINE_CURVE_WITH_KNOTS('',2,(#3559,#3560,#3561),
  .UNSPECIFIED.,.F.,.F.,(3,3),(0.375,0.5),.PIECEWISE_BEZIER_KNOTS.);
#3559 = CARTESIAN_POINT('',(4.037696257974,5.867898580598,0.));
#3560 = CARTESIAN_POINT('',(3.82002531593,5.899999999855,0.));
#3561 = CARTESIAN_POINT('',(3.6,5.899999999855,0.));
#3562 = PCURVE('',#3495,#3563);
#3563 = DEFINITIONAL_REPRESENTATION('',(#3564),#3568);
#3564 = B_SPLINE_CURVE_WITH_KNOTS('',2,(#3565,#3566,#3567),
  .UNSPECIFIED.,.F.,.F.,(3,3),(0.375,0.5),.PIECEWISE_BEZIER_KNOTS.);
#3565 = CARTESIAN_POINT('',(0.630405521,0.930215866));
#3566 = CARTESIAN_POINT('',(0.565553487,0.994035785));
#3567 = CARTESIAN_POINT('',(0.5,0.994035785));
#3568 = ( GEOMETRIC_REPRESENTATION_CONTEXT(2) 
PARAMETRIC_REPRESENTATION_CONTEXT() REPRESENTATION_CONTEXT('2D SPACE',''
  ) );
#3569 = ORIENTED_EDGE('',*,*,#3570,.T.);
#3570 = EDGE_CURVE('',#3555,#3571,#3573,.T.);
#3571 = VERTEX_POINT('',#3572);
#3572 = CARTESIAN_POINT('',(3.162303742026,5.867898580598,0.));
#3573 = SURFACE_CURVE('',#3574,(#3578),.PCURVE_S1.);
#3574 = B_SPLINE_CURVE_WITH_KNOTS('',2,(#3575,#3576,#3577),
  .UNSPECIFIED.,.F.,.F.,(3,3),(0.5,0.625),.PIECEWISE_BEZIER_KNOTS.);
#3575 = CARTESIAN_POINT('',(3.6,5.899999999855,0.));
#3576 = CARTESIAN_POINT('',(3.37997468407,5.899999999855,0.));
#3577 = CARTESIAN_POINT('',(3.162303742026,5.867898580598,0.));
#3578 = PCURVE('',#3495,#3579);
#3579 = DEFINITIONAL_REPRESENTATION('',(#3580),#3584);
#3580 = B_SPLINE_CURVE_WITH_KNOTS('',2,(#3581,#3582,#3583),
  .UNSPECIFIED.,.F.,.F.,(3,3),(0.5,0.625),.PIECEWISE_BEZIER_KNOTS.);
#3581 = CARTESIAN_POINT('',(0.5,0.994035785));
#3582 = CARTESIAN_POINT('',(0.434446513,0.994035785));
#3583 = CARTESIAN_POINT('',(0.369594479,0.930215866));
#3584 = ( GEOMETRIC_REPRESENTATION_CONTEXT(2) 
PARAMETRIC_REPRESENTATION_CONTEXT() REPRESENTATION_CONTEXT('2D SPACE',''
  ) );
#3585 = ORIENTED_EDGE('',*,*,#3586,.T.);
#3586 = EDGE_CURVE('',#3571,#3587,#3589,.T.);
#3587 = VERTEX_POINT('',#3588);
#3588 = CARTESIAN_POINT('',(2.733974596312,5.772281323245,0.));
#3589 = SURFACE_CURVE('',#3590,(#3594),.PCURVE_S1.);
#3590 = B_SPLINE_CURVE_WITH_KNOTS('',2,(#3591,#3592,#3593),
  .UNSPECIFIED.,.F.,.F.,(3,3),(0.625,0.75),.PIECEWISE_BEZIER_KNOTS.);
#3591 = CARTESIAN_POINT('',(3.162303742026,5.867898580598,0.));
#3592 = CARTESIAN_POINT('',(2.944632799983,5.835797161341,0.));
#3593 = CARTESIAN_POINT('',(2.733974596312,5.772281323245,0.));
#3594 = PCURVE('',#3495,#3595);
#3595 = DEFINITIONAL_REPRESENTATION('',(#3596),#3600);
#3596 = B_SPLINE_CURVE_WITH_KNOTS('',2,(#3597,#3598,#3599),
  .UNSPECIFIED.,.F.,.F.,(3,3),(0.625,0.75),.PIECEWISE_BEZIER_KNOTS.);
#3597 = CARTESIAN_POINT('',(0.369594479,0.930215866));
#3598 = CARTESIAN_POINT('',(0.304742445,0.866395947));
#3599 = CARTESIAN_POINT('',(0.241979759,0.740121915));
#3600 = ( GEOMETRIC_REPRESENTATION_CONTEXT(2) 
PARAMETRIC_REPRESENTATION_CONTEXT() REPRESENTATION_CONTEXT('2D SPACE',''
  ) );
#3601 = ORIENTED_EDGE('',*,*,#3602,.T.);
#3602 = EDGE_CURVE('',#3587,#3603,#3605,.T.);
#3603 = VERTEX_POINT('',#3604);
#3604 = CARTESIAN_POINT('',(2.324179216032,5.615194527869,0.));
#3605 = SURFACE_CURVE('',#3606,(#3610),.PCURVE_S1.);
#3606 = B_SPLINE_CURVE_WITH_KNOTS('',2,(#3607,#3608,#3609),
  .UNSPECIFIED.,.F.,.F.,(3,3),(0.75,0.875),.PIECEWISE_BEZIER_KNOTS.);
#3607 = CARTESIAN_POINT('',(2.733974596312,5.772281323245,0.));
#3608 = CARTESIAN_POINT('',(2.523316392641,5.708765485149,0.));
#3609 = CARTESIAN_POINT('',(2.324179216032,5.615194527869,0.));
#3610 = PCURVE('',#3495,#3611);
#3611 = DEFINITIONAL_REPRESENTATION('',(#3612),#3616);
#3612 = B_SPLINE_CURVE_WITH_KNOTS('',2,(#3613,#3614,#3615),
  .UNSPECIFIED.,.F.,.F.,(3,3),(0.75,0.875),.PIECEWISE_BEZIER_KNOTS.);
#3613 = CARTESIAN_POINT('',(0.241979759,0.740121915));
#3614 = CARTESIAN_POINT('',(0.179217073,0.613847883));
#3615 = CARTESIAN_POINT('',(0.119886917,0.427822123));
#3616 = ( GEOMETRIC_REPRESENTATION_CONTEXT(2) 
PARAMETRIC_REPRESENTATION_CONTEXT() REPRESENTATION_CONTEXT('2D SPACE',''
  ) );
#3617 = ORIENTED_EDGE('',*,*,#3618,.T.);
#3618 = EDGE_CURVE('',#3603,#3485,#3619,.T.);
#3619 = SURFACE_CURVE('',#3620,(#3624),.PCURVE_S1.);
#3620 = B_SPLINE_CURVE_WITH_KNOTS('',2,(#3621,#3622,#3623),
  .UNSPECIFIED.,.F.,.F.,(3,3),(0.875,1.),.PIECEWISE_BEZIER_KNOTS.);
#3621 = CARTESIAN_POINT('',(2.324179216032,5.615194527869,0.));
#3622 = CARTESIAN_POINT('',(2.125042036067,5.521623570086,0.));
#3623 = CARTESIAN_POINT('',(1.941687605566,5.4,0.));
#3624 = PCURVE('',#3495,#3625);
#3625 = DEFINITIONAL_REPRESENTATION('',(#3626),#3630);
#3626 = B_SPLINE_CURVE_WITH_KNOTS('',2,(#3627,#3628,#3629),
  .UNSPECIFIED.,.F.,.F.,(3,3),(0.875,1.),.PIECEWISE_BEZIER_KNOTS.);
#3627 = CARTESIAN_POINT('',(0.119886917,0.427822123));
#3628 = CARTESIAN_POINT('',(6.055676E-02,0.241796362));
#3629 = CARTESIAN_POINT('',(5.928854E-03,0.));
#3630 = ( GEOMETRIC_REPRESENTATION_CONTEXT(2) 
PARAMETRIC_REPRESENTATION_CONTEXT() REPRESENTATION_CONTEXT('2D SPACE',''
  ) );
#3631 = ( GEOMETRIC_REPRESENTATION_CONTEXT(3) 
GLOBAL_UNCERTAINTY_ASSIGNED_CONTEXT((#3635)) 
GLOBAL_UNIT_ASSIGNED_CONTEXT((#3632,#3633,#3634)) REPRESENTATION_CONTEXT
('Context #1','3D Context with UNIT and UNCERTAINTY') );
#3632 = ( LENGTH_UNIT() NAMED_UNIT(*) SI_UNIT(.MILLI.,.METRE.) );
#3633 = ( NAMED_UNIT(*) PLANE_ANGLE_UNIT() SI_UNIT($,.RADIAN.) );
#3634 = ( NAMED_UNIT(*) SI_UNIT($,.STERADIAN.) SOLID_ANGLE_UNIT() );
#3635 = UNCERTAINTY_MEASURE_WITH_UNIT(LENGTH_MEASURE(1.E-05),#3632,
  'distance_accuracy_value','confusion accuracy');
#3636 = SHAPE_DEFINITION_REPRESENTATION(#3637,#3477);
#3637 = PRODUCT_DEFINITION_SHAPE('','',#3638);
#3638 = PRODUCT_DEFINITION('design','',#3639,#3642);
#3639 = PRODUCT_DEFINITION_FORMATION('','',#3640);
#3640 = PRODUCT('eMachineShop.17',
  'eMachineShop.17','',(#3641));
#3641 = PRODUCT_CONTEXT('',#2,'mechanical');
#3642 = PRODUCT_DEFINITION_CONTEXT('part definition',#2,'design');
#3643 = CONTEXT_DEPENDENT_SHAPE_REPRESENTATION(#3644,#3646);
#3644 = ( REPRESENTATION_RELATIONSHIP('','',#3477,#10) 
REPRESENTATION_RELATIONSHIP_WITH_TRANSFORMATION(#3645) 
SHAPE_REPRESENTATION_RELATIONSHIP() );
#3645 = ITEM_DEFINED_TRANSFORMATION('','',#11,#79);
#3646 = PRODUCT_DEFINITION_SHAPE('Placement','Placement of an item',
  #3647);
#3647 = NEXT_ASSEMBLY_USAGE_OCCURRENCE('17','','',#5,#3638,$);
#3648 = PRODUCT_RELATED_PRODUCT_CATEGORY('part',$,(#3640));
#3649 = MANIFOLD_SURFACE_SHAPE_REPRESENTATION('',(#11,#3650),#3757);
#3650 = SHELL_BASED_SURFACE_MODEL('',(#3651));
#3651 = OPEN_SHELL('',(#3652));
#3652 = ADVANCED_FACE('',(#3653),#3668,.T.);
#3653 = FACE_BOUND('',#3654,.T.);
#3654 = EDGE_LOOP('',(#3655,#3681,#3697,#3713,#3728,#3744));
#3655 = ORIENTED_EDGE('',*,*,#3656,.F.);
#3656 = EDGE_CURVE('',#3657,#3659,#3661,.T.);
#3657 = VERTEX_POINT('',#3658);
#3658 = CARTESIAN_POINT('',(4.368114575,0.,0.));
#3659 = VERTEX_POINT('',#3660);
#3660 = CARTESIAN_POINT('',(6.600000000027,2.9,0.));
#3661 = SURFACE_CURVE('',#3662,(#3667),.PCURVE_S1.);
#3662 = CIRCLE('',#3663,3.000000000055);
#3663 = AXIS2_PLACEMENT_3D('',#3664,#3665,#3666);
#3664 = CARTESIAN_POINT('',(3.6,2.9,0.));
#3665 = DIRECTION('',(0.,0.,1.));
#3666 = DIRECTION('',(1.,0.,-0.));
#3667 = PCURVE('',#3668,#3676);
#3668 = SURFACE_OF_REVOLUTION('',#3669,#3673);
#3669 = LINE('',#3670,#3671);
#3670 = CARTESIAN_POINT('',(0.6,2.9,1.7));
#3671 = VECTOR('',#3672,1.);
#3672 = DIRECTION('',(0.,0.,-1.));
#3673 = AXIS1_PLACEMENT('',#3674,#3675);
#3674 = CARTESIAN_POINT('',(3.6,2.9,1.9));
#3675 = DIRECTION('',(0.,0.,1.));
#3676 = DEFINITIONAL_REPRESENTATION('',(#3677),#3680);
#3677 = B_SPLINE_CURVE_WITH_KNOTS('',1,(#3678,#3679),.UNSPECIFIED.,.F.,
  .F.,(2,2),(4.97131052246,6.28318530718),.PIECEWISE_BEZIER_KNOTS.);
#3678 = CARTESIAN_POINT('',(1.82971786918,1.7));
#3679 = CARTESIAN_POINT('',(3.14159265318,1.7));
#3680 = ( GEOMETRIC_REPRESENTATION_CONTEXT(2) 
PARAMETRIC_REPRESENTATION_CONTEXT() REPRESENTATION_CONTEXT('2D SPACE',''
  ) );
#3681 = ORIENTED_EDGE('',*,*,#3682,.F.);
#3682 = EDGE_CURVE('',#3683,#3657,#3685,.T.);
#3683 = VERTEX_POINT('',#3684);
#3684 = CARTESIAN_POINT('',(2.831885425007,2.637645657444E-11,0.));
#3685 = SURFACE_CURVE('',#3686,(#3691),.PCURVE_S1.);
#3686 = CIRCLE('',#3687,3.000000000055);
#3687 = AXIS2_PLACEMENT_3D('',#3688,#3689,#3690);
#3688 = CARTESIAN_POINT('',(3.6,2.9,0.));
#3689 = DIRECTION('',(0.,0.,1.));
#3690 = DIRECTION('',(1.,0.,-0.));
#3691 = PCURVE('',#3668,#3692);
#3692 = DEFINITIONAL_REPRESENTATION('',(#3693),#3696);
#3693 = B_SPLINE_CURVE_WITH_KNOTS('',1,(#3694,#3695),.UNSPECIFIED.,.F.,
  .F.,(2,2),(4.45346743831,4.97131052246),.PIECEWISE_BEZIER_KNOTS.);
#3694 = CARTESIAN_POINT('',(1.31187478518,1.7));
#3695 = CARTESIAN_POINT('',(1.82971786918,1.7));
#3696 = ( GEOMETRIC_REPRESENTATION_CONTEXT(2) 
PARAMETRIC_REPRESENTATION_CONTEXT() REPRESENTATION_CONTEXT('2D SPACE',''
  ) );
#3697 = ORIENTED_EDGE('',*,*,#3698,.F.);
#3698 = EDGE_CURVE('',#3699,#3683,#3701,.T.);
#3699 = VERTEX_POINT('',#3700);
#3700 = CARTESIAN_POINT('',(0.6,2.9,0.));
#3701 = SURFACE_CURVE('',#3702,(#3707),.PCURVE_S1.);
#3702 = CIRCLE('',#3703,3.);
#3703 = AXIS2_PLACEMENT_3D('',#3704,#3705,#3706);
#3704 = CARTESIAN_POINT('',(3.6,2.9,0.));
#3705 = DIRECTION('',(0.,0.,1.));
#3706 = DIRECTION('',(1.,0.,-0.));
#3707 = PCURVE('',#3668,#3708);
#3708 = DEFINITIONAL_REPRESENTATION('',(#3709),#3712);
#3709 = B_SPLINE_CURVE_WITH_KNOTS('',1,(#3710,#3711),.UNSPECIFIED.,.F.,
  .F.,(2,2),(3.14159265359,4.45346743831),.PIECEWISE_BEZIER_KNOTS.);
#3710 = CARTESIAN_POINT('',(1.795896764634E-10,1.7));
#3711 = CARTESIAN_POINT('',(1.31187478518,1.7));
#3712 = ( GEOMETRIC_REPRESENTATION_CONTEXT(2) 
PARAMETRIC_REPRESENTATION_CONTEXT() REPRESENTATION_CONTEXT('2D SPACE',''
  ) );
#3713 = ORIENTED_EDGE('',*,*,#3714,.F.);
#3714 = EDGE_CURVE('',#3715,#3699,#3717,.T.);
#3715 = VERTEX_POINT('',#3716);
#3716 = CARTESIAN_POINT('',(0.6,2.9,1.7));
#3717 = SURFACE_CURVE('',#3718,(#3722),.PCURVE_S1.);
#3718 = LINE('',#3719,#3720);
#3719 = CARTESIAN_POINT('',(0.6,2.9,1.7));
#3720 = VECTOR('',#3721,1.);
#3721 = DIRECTION('',(0.,0.,-1.));
#3722 = PCURVE('',#3668,#3723);
#3723 = DEFINITIONAL_REPRESENTATION('',(#3724),#3727);
#3724 = B_SPLINE_CURVE_WITH_KNOTS('',1,(#3725,#3726),.UNSPECIFIED.,.F.,
  .F.,(2,2),(0.,1.7),.PIECEWISE_BEZIER_KNOTS.);
#3725 = CARTESIAN_POINT('',(1.795896764634E-10,-6.778957859881E-26));
#3726 = CARTESIAN_POINT('',(1.795896764634E-10,1.7));
#3727 = ( GEOMETRIC_REPRESENTATION_CONTEXT(2) 
PARAMETRIC_REPRESENTATION_CONTEXT() REPRESENTATION_CONTEXT('2D SPACE',''
  ) );
#3728 = ORIENTED_EDGE('',*,*,#3729,.F.);
#3729 = EDGE_CURVE('',#3730,#3715,#3732,.T.);
#3730 = VERTEX_POINT('',#3731);
#3731 = CARTESIAN_POINT('',(6.6,2.9,1.7));
#3732 = SURFACE_CURVE('',#3733,(#3738),.PCURVE_S1.);
#3733 = CIRCLE('',#3734,3.);
#3734 = AXIS2_PLACEMENT_3D('',#3735,#3736,#3737);
#3735 = CARTESIAN_POINT('',(3.6,2.9,1.7));
#3736 = DIRECTION('',(0.,6.982962677686E-15,-1.));
#3737 = DIRECTION('',(1.,-7.105427357601E-15,-4.961693404714E-29));
#3738 = PCURVE('',#3668,#3739);
#3739 = DEFINITIONAL_REPRESENTATION('',(#3740),#3743);
#3740 = B_SPLINE_CURVE_WITH_KNOTS('',1,(#3741,#3742),.UNSPECIFIED.,.F.,
  .F.,(2,2),(3.155443620884E-30,3.14159265359),
  .PIECEWISE_BEZIER_KNOTS.);
#3741 = CARTESIAN_POINT('',(3.14159265318,-1.185875289168E-15));
#3742 = CARTESIAN_POINT('',(1.795896764634E-10,-6.778957859881E-26));
#3743 = ( GEOMETRIC_REPRESENTATION_CONTEXT(2) 
PARAMETRIC_REPRESENTATION_CONTEXT() REPRESENTATION_CONTEXT('2D SPACE',''
  ) );
#3744 = ORIENTED_EDGE('',*,*,#3745,.F.);
#3745 = EDGE_CURVE('',#3659,#3730,#3746,.T.);
#3746 = SURFACE_CURVE('',#3747,(#3751),.PCURVE_S1.);
#3747 = LINE('',#3748,#3749);
#3748 = CARTESIAN_POINT('',(6.6,2.9,0.));
#3749 = VECTOR('',#3750,1.);
#3750 = DIRECTION('',(0.,0.,1.));
#3751 = PCURVE('',#3668,#3752);
#3752 = DEFINITIONAL_REPRESENTATION('',(#3753),#3756);
#3753 = B_SPLINE_CURVE_WITH_KNOTS('',1,(#3754,#3755),.UNSPECIFIED.,.F.,
  .F.,(2,2),(0.,1.7),.PIECEWISE_BEZIER_KNOTS.);
#3754 = CARTESIAN_POINT('',(3.14159265318,1.7));
#3755 = CARTESIAN_POINT('',(3.14159265318,-1.185875289168E-15));
#3756 = ( GEOMETRIC_REPRESENTATION_CONTEXT(2) 
PARAMETRIC_REPRESENTATION_CONTEXT() REPRESENTATION_CONTEXT('2D SPACE',''
  ) );
#3757 = ( GEOMETRIC_REPRESENTATION_CONTEXT(3) 
GLOBAL_UNCERTAINTY_ASSIGNED_CONTEXT((#3761)) 
GLOBAL_UNIT_ASSIGNED_CONTEXT((#3758,#3759,#3760)) REPRESENTATION_CONTEXT
('Context #1','3D Context with UNIT and UNCERTAINTY') );
#3758 = ( LENGTH_UNIT() NAMED_UNIT(*) SI_UNIT(.MILLI.,.METRE.) );
#3759 = ( NAMED_UNIT(*) PLANE_ANGLE_UNIT() SI_UNIT($,.RADIAN.) );
#3760 = ( NAMED_UNIT(*) SI_UNIT($,.STERADIAN.) SOLID_ANGLE_UNIT() );
#3761 = UNCERTAINTY_MEASURE_WITH_UNIT(LENGTH_MEASURE(1.E-07),#3758,
  'distance_accuracy_value','confusion accuracy');
#3762 = SHAPE_DEFINITION_REPRESENTATION(#3763,#3649);
#3763 = PRODUCT_DEFINITION_SHAPE('','',#3764);
#3764 = PRODUCT_DEFINITION('design','',#3765,#3768);
#3765 = PRODUCT_DEFINITION_FORMATION('','',#3766);
#3766 = PRODUCT('eMachineShop.18',
  'eMachineShop.18','',(#3767));
#3767 = PRODUCT_CONTEXT('',#2,'mechanical');
#3768 = PRODUCT_DEFINITION_CONTEXT('part definition',#2,'design');
#3769 = CONTEXT_DEPENDENT_SHAPE_REPRESENTATION(#3770,#3772);
#3770 = ( REPRESENTATION_RELATIONSHIP('','',#3649,#10) 
REPRESENTATION_RELATIONSHIP_WITH_TRANSFORMATION(#3771) 
SHAPE_REPRESENTATION_RELATIONSHIP() );
#3771 = ITEM_DEFINED_TRANSFORMATION('','',#11,#83);
#3772 = PRODUCT_DEFINITION_SHAPE('Placement','Placement of an item',
  #3773);
#3773 = NEXT_ASSEMBLY_USAGE_OCCURRENCE('18','','',#5,#3764,$);
#3774 = PRODUCT_RELATED_PRODUCT_CATEGORY('part',$,(#3766));
#3775 = MANIFOLD_SURFACE_SHAPE_REPRESENTATION('',(#11,#3776),#4812);
#3776 = SHELL_BASED_SURFACE_MODEL('',(#3777));
#3777 = OPEN_SHELL('',(#3778));
#3778 = ADVANCED_FACE('',(#3779,#4298),#3793,.T.);
#3779 = FACE_BOUND('',#3780,.T.);
#3780 = EDGE_LOOP('',(#3781,#3804,#3820,#3836,#3852,#3868,#3884,#3900,
    #3916,#3932,#3948,#3964,#3980,#3996,#4012,#4028,#4044,#4060,#4076,
    #4092,#4108,#4124,#4140,#4156,#4172,#4188,#4204,#4220,#4236,#4252,
    #4268,#4284));
#3781 = ORIENTED_EDGE('',*,*,#3782,.T.);
#3782 = EDGE_CURVE('',#3783,#3785,#3787,.T.);
#3783 = VERTEX_POINT('',#3784);
#3784 = CARTESIAN_POINT('',(6.399999998611,2.9,1.9));
#3785 = VERTEX_POINT('',#3786);
#3786 = CARTESIAN_POINT('',(6.346198786778,3.446252901533,1.9));
#3787 = SURFACE_CURVE('',#3788,(#3792),.PCURVE_S1.);
#3788 = B_SPLINE_CURVE_WITH_KNOTS('',2,(#3789,#3790,#3791),
  .UNSPECIFIED.,.F.,.F.,(3,3),(0.,6.25E-02),.PIECEWISE_BEZIER_KNOTS.);
#3789 = CARTESIAN_POINT('',(6.399999998611,2.9,1.9));
#3790 = CARTESIAN_POINT('',(6.399999998611,3.175775931939,1.9));
#3791 = CARTESIAN_POINT('',(6.346198786778,3.446252901533,1.9));
#3792 = PCURVE('',#3793,#3798);
#3793 = B_SPLINE_SURFACE_WITH_KNOTS('',1,1,(
    (#3794,#3795)
    ,(#3796,#3797
    )),.UNSPECIFIED.,.F.,.F.,.F.,(2,2),(2,2),(0.,1.),(0.,1.),
  .PIECEWISE_BEZIER_KNOTS.);
#3794 = CARTESIAN_POINT('',(0.7664,6.64E-02,1.9));
#3795 = CARTESIAN_POINT('',(0.7664,5.7336,1.9));
#3796 = CARTESIAN_POINT('',(6.4336,6.64E-02,1.9));
#3797 = CARTESIAN_POINT('',(6.4336,5.7336,1.9));
#3798 = DEFINITIONAL_REPRESENTATION('',(#3799),#3803);
#3799 = B_SPLINE_CURVE_WITH_KNOTS('',2,(#3800,#3801,#3802),
  .UNSPECIFIED.,.F.,.F.,(3,3),(0.,6.25E-02),.PIECEWISE_BEZIER_KNOTS.);
#3800 = CARTESIAN_POINT('',(0.994071146,0.5));
#3801 = CARTESIAN_POINT('',(0.994071146,0.548661761));
#3802 = CARTESIAN_POINT('',(0.984577708,0.596388499));
#3803 = ( GEOMETRIC_REPRESENTATION_CONTEXT(2) 
PARAMETRIC_REPRESENTATION_CONTEXT() REPRESENTATION_CONTEXT('2D SPACE',''
  ) );
#3804 = ORIENTED_EDGE('',*,*,#3805,.T.);
#3805 = EDGE_CURVE('',#3785,#3806,#3808,.T.);
#3806 = VERTEX_POINT('',#3807);
#3807 = CARTESIAN_POINT('',(6.186862693184,3.971513610182,1.9));
#3808 = SURFACE_CURVE('',#3809,(#3813),.PCURVE_S1.);
#3809 = B_SPLINE_CURVE_WITH_KNOTS('',2,(#3810,#3811,#3812),
  .UNSPECIFIED.,.F.,.F.,(3,3),(6.25E-02,0.125),
  .PIECEWISE_BEZIER_KNOTS.);
#3810 = CARTESIAN_POINT('',(6.346198786778,3.446252901533,1.9));
#3811 = CARTESIAN_POINT('',(6.292397569277,3.716729871126,1.9));
#3812 = CARTESIAN_POINT('',(6.186862693184,3.971513610182,1.9));
#3813 = PCURVE('',#3793,#3814);
#3814 = DEFINITIONAL_REPRESENTATION('',(#3815),#3819);
#3815 = B_SPLINE_CURVE_WITH_KNOTS('',2,(#3816,#3817,#3818),
  .UNSPECIFIED.,.F.,.F.,(3,3),(6.25E-02,0.125),
  .PIECEWISE_BEZIER_KNOTS.);
#3816 = CARTESIAN_POINT('',(0.984577708,0.596388499));
#3817 = CARTESIAN_POINT('',(0.975084269,0.644115237));
#3818 = CARTESIAN_POINT('',(0.95646222,0.689072842));
#3819 = ( GEOMETRIC_REPRESENTATION_CONTEXT(2) 
PARAMETRIC_REPRESENTATION_CONTEXT() REPRESENTATION_CONTEXT('2D SPACE',''
  ) );
#3820 = ORIENTED_EDGE('',*,*,#3821,.T.);
#3821 = EDGE_CURVE('',#3806,#3822,#3824,.T.);
#3822 = VERTEX_POINT('',#3823);
#3823 = CARTESIAN_POINT('',(5.928114912077,4.455596653318,1.9));
#3824 = SURFACE_CURVE('',#3825,(#3829),.PCURVE_S1.);
#3825 = B_SPLINE_CURVE_WITH_KNOTS('',2,(#3826,#3827,#3828),
  .UNSPECIFIED.,.F.,.F.,(3,3),(0.125,0.1875),.PIECEWISE_BEZIER_KNOTS.);
#3826 = CARTESIAN_POINT('',(6.186862693184,3.971513610182,1.9));
#3827 = CARTESIAN_POINT('',(6.081327811424,4.226297349238,1.9));
#3828 = CARTESIAN_POINT('',(5.928114912077,4.455596653318,1.9));
#3829 = PCURVE('',#3793,#3830);
#3830 = DEFINITIONAL_REPRESENTATION('',(#3831),#3835);
#3831 = B_SPLINE_CURVE_WITH_KNOTS('',2,(#3832,#3833,#3834),
  .UNSPECIFIED.,.F.,.F.,(3,3),(0.125,0.1875),.PIECEWISE_BEZIER_KNOTS.);
#3832 = CARTESIAN_POINT('',(0.95646222,0.689072842));
#3833 = CARTESIAN_POINT('',(0.93784017,0.734030447));
#3834 = CARTESIAN_POINT('',(0.910805144,0.774491222));
#3835 = ( GEOMETRIC_REPRESENTATION_CONTEXT(2) 
PARAMETRIC_REPRESENTATION_CONTEXT() REPRESENTATION_CONTEXT('2D SPACE',''
  ) );
#3836 = ORIENTED_EDGE('',*,*,#3837,.T.);
#3837 = EDGE_CURVE('',#3822,#3838,#3840,.T.);
#3838 = VERTEX_POINT('',#3839);
#3839 = CARTESIAN_POINT('',(5.579898987898,4.879898987898,1.9));
#3840 = SURFACE_CURVE('',#3841,(#3845),.PCURVE_S1.);
#3841 = B_SPLINE_CURVE_WITH_KNOTS('',2,(#3842,#3843,#3844),
  .UNSPECIFIED.,.F.,.F.,(3,3),(0.1875,0.25),.PIECEWISE_BEZIER_KNOTS.);
#3842 = CARTESIAN_POINT('',(5.928114912077,4.455596653318,1.9));
#3843 = CARTESIAN_POINT('',(5.774902018397,4.684895957398,1.9));
#3844 = CARTESIAN_POINT('',(5.579898987898,4.879898987898,1.9));
#3845 = PCURVE('',#3793,#3846);
#3846 = DEFINITIONAL_REPRESENTATION('',(#3847),#3851);
#3847 = B_SPLINE_CURVE_WITH_KNOTS('',2,(#3848,#3849,#3850),
  .UNSPECIFIED.,.F.,.F.,(3,3),(0.1875,0.25),.PIECEWISE_BEZIER_KNOTS.);
#3848 = CARTESIAN_POINT('',(0.910805144,0.774491222));
#3849 = CARTESIAN_POINT('',(0.883770119,0.814951997));
#3850 = CARTESIAN_POINT('',(0.849361058,0.849361058));
#3851 = ( GEOMETRIC_REPRESENTATION_CONTEXT(2) 
PARAMETRIC_REPRESENTATION_CONTEXT() REPRESENTATION_CONTEXT('2D SPACE',''
  ) );
#3852 = ORIENTED_EDGE('',*,*,#3853,.T.);
#3853 = EDGE_CURVE('',#3838,#3854,#3856,.T.);
#3854 = VERTEX_POINT('',#3855);
#3855 = CARTESIAN_POINT('',(5.155596653318,5.228114912077,1.9));
#3856 = SURFACE_CURVE('',#3857,(#3861),.PCURVE_S1.);
#3857 = B_SPLINE_CURVE_WITH_KNOTS('',2,(#3858,#3859,#3860),
  .UNSPECIFIED.,.F.,.F.,(3,3),(0.25,0.3125),.PIECEWISE_BEZIER_KNOTS.);
#3858 = CARTESIAN_POINT('',(5.579898987898,4.879898987898,1.9));
#3859 = CARTESIAN_POINT('',(5.384895957398,5.074902018397,1.9));
#3860 = CARTESIAN_POINT('',(5.155596653318,5.228114912077,1.9));
#3861 = PCURVE('',#3793,#3862);
#3862 = DEFINITIONAL_REPRESENTATION('',(#3863),#3867);
#3863 = B_SPLINE_CURVE_WITH_KNOTS('',2,(#3864,#3865,#3866),
  .UNSPECIFIED.,.F.,.F.,(3,3),(0.25,0.3125),.PIECEWISE_BEZIER_KNOTS.);
#3864 = CARTESIAN_POINT('',(0.849361058,0.849361058));
#3865 = CARTESIAN_POINT('',(0.814951997,0.883770119));
#3866 = CARTESIAN_POINT('',(0.774491222,0.910805144));
#3867 = ( GEOMETRIC_REPRESENTATION_CONTEXT(2) 
PARAMETRIC_REPRESENTATION_CONTEXT() REPRESENTATION_CONTEXT('2D SPACE',''
  ) );
#3868 = ORIENTED_EDGE('',*,*,#3869,.T.);
#3869 = EDGE_CURVE('',#3854,#3870,#3872,.T.);
#3870 = VERTEX_POINT('',#3871);
#3871 = CARTESIAN_POINT('',(4.671513610182,5.486862693184,1.9));
#3872 = SURFACE_CURVE('',#3873,(#3877),.PCURVE_S1.);
#3873 = B_SPLINE_CURVE_WITH_KNOTS('',2,(#3874,#3875,#3876),
  .UNSPECIFIED.,.F.,.F.,(3,3),(0.3125,0.375),.PIECEWISE_BEZIER_KNOTS.);
#3874 = CARTESIAN_POINT('',(5.155596653318,5.228114912077,1.9));
#3875 = CARTESIAN_POINT('',(4.926297349238,5.381327811424,1.9));
#3876 = CARTESIAN_POINT('',(4.671513610182,5.486862693184,1.9));
#3877 = PCURVE('',#3793,#3878);
#3878 = DEFINITIONAL_REPRESENTATION('',(#3879),#3883);
#3879 = B_SPLINE_CURVE_WITH_KNOTS('',2,(#3880,#3881,#3882),
  .UNSPECIFIED.,.F.,.F.,(3,3),(0.3125,0.375),.PIECEWISE_BEZIER_KNOTS.);
#3880 = CARTESIAN_POINT('',(0.774491222,0.910805144));
#3881 = CARTESIAN_POINT('',(0.734030447,0.93784017));
#3882 = CARTESIAN_POINT('',(0.689072842,0.95646222));
#3883 = ( GEOMETRIC_REPRESENTATION_CONTEXT(2) 
PARAMETRIC_REPRESENTATION_CONTEXT() REPRESENTATION_CONTEXT('2D SPACE',''
  ) );
#3884 = ORIENTED_EDGE('',*,*,#3885,.T.);
#3885 = EDGE_CURVE('',#3870,#3886,#3888,.T.);
#3886 = VERTEX_POINT('',#3887);
#3887 = CARTESIAN_POINT('',(4.146252901533,5.646198786778,1.9));
#3888 = SURFACE_CURVE('',#3889,(#3893),.PCURVE_S1.);
#3889 = B_SPLINE_CURVE_WITH_KNOTS('',2,(#3890,#3891,#3892),
  .UNSPECIFIED.,.F.,.F.,(3,3),(0.375,0.4375),.PIECEWISE_BEZIER_KNOTS.);
#3890 = CARTESIAN_POINT('',(4.671513610182,5.486862693184,1.9));
#3891 = CARTESIAN_POINT('',(4.416729871126,5.592397569277,1.9));
#3892 = CARTESIAN_POINT('',(4.146252901533,5.646198786778,1.9));
#3893 = PCURVE('',#3793,#3894);
#3894 = DEFINITIONAL_REPRESENTATION('',(#3895),#3899);
#3895 = B_SPLINE_CURVE_WITH_KNOTS('',2,(#3896,#3897,#3898),
  .UNSPECIFIED.,.F.,.F.,(3,3),(0.375,0.4375),.PIECEWISE_BEZIER_KNOTS.);
#3896 = CARTESIAN_POINT('',(0.689072842,0.95646222));
#3897 = CARTESIAN_POINT('',(0.644115237,0.975084269));
#3898 = CARTESIAN_POINT('',(0.596388499,0.984577708));
#3899 = ( GEOMETRIC_REPRESENTATION_CONTEXT(2) 
PARAMETRIC_REPRESENTATION_CONTEXT() REPRESENTATION_CONTEXT('2D SPACE',''
  ) );
#3900 = ORIENTED_EDGE('',*,*,#3901,.T.);
#3901 = EDGE_CURVE('',#3886,#3902,#3904,.T.);
#3902 = VERTEX_POINT('',#3903);
#3903 = CARTESIAN_POINT('',(3.6,5.699999998611,1.9));
#3904 = SURFACE_CURVE('',#3905,(#3909),.PCURVE_S1.);
#3905 = B_SPLINE_CURVE_WITH_KNOTS('',2,(#3906,#3907,#3908),
  .UNSPECIFIED.,.F.,.F.,(3,3),(0.4375,0.5),.PIECEWISE_BEZIER_KNOTS.);
#3906 = CARTESIAN_POINT('',(4.146252901533,5.646198786778,1.9));
#3907 = CARTESIAN_POINT('',(3.875775931939,5.699999998611,1.9));
#3908 = CARTESIAN_POINT('',(3.6,5.699999998611,1.9));
#3909 = PCURVE('',#3793,#3910);
#3910 = DEFINITIONAL_REPRESENTATION('',(#3911),#3915);
#3911 = B_SPLINE_CURVE_WITH_KNOTS('',2,(#3912,#3913,#3914),
  .UNSPECIFIED.,.F.,.F.,(3,3),(0.4375,0.5),.PIECEWISE_BEZIER_KNOTS.);
#3912 = CARTESIAN_POINT('',(0.596388499,0.984577708));
#3913 = CARTESIAN_POINT('',(0.548661761,0.994071146));
#3914 = CARTESIAN_POINT('',(0.5,0.994071146));
#3915 = ( GEOMETRIC_REPRESENTATION_CONTEXT(2) 
PARAMETRIC_REPRESENTATION_CONTEXT() REPRESENTATION_CONTEXT('2D SPACE',''
  ) );
#3916 = ORIENTED_EDGE('',*,*,#3917,.T.);
#3917 = EDGE_CURVE('',#3902,#3918,#3920,.T.);
#3918 = VERTEX_POINT('',#3919);
#3919 = CARTESIAN_POINT('',(3.053747098467,5.646198786778,1.9));
#3920 = SURFACE_CURVE('',#3921,(#3925),.PCURVE_S1.);
#3921 = B_SPLINE_CURVE_WITH_KNOTS('',2,(#3922,#3923,#3924),
  .UNSPECIFIED.,.F.,.F.,(3,3),(0.5,0.5625),.PIECEWISE_BEZIER_KNOTS.);
#3922 = CARTESIAN_POINT('',(3.6,5.699999998611,1.9));
#3923 = CARTESIAN_POINT('',(3.324224068061,5.699999998611,1.9));
#3924 = CARTESIAN_POINT('',(3.053747098467,5.646198786778,1.9));
#3925 = PCURVE('',#3793,#3926);
#3926 = DEFINITIONAL_REPRESENTATION('',(#3927),#3931);
#3927 = B_SPLINE_CURVE_WITH_KNOTS('',2,(#3928,#3929,#3930),
  .UNSPECIFIED.,.F.,.F.,(3,3),(0.5,0.5625),.PIECEWISE_BEZIER_KNOTS.);
#3928 = CARTESIAN_POINT('',(0.5,0.994071146));
#3929 = CARTESIAN_POINT('',(0.451338239,0.994071146));
#3930 = CARTESIAN_POINT('',(0.403611501,0.984577708));
#3931 = ( GEOMETRIC_REPRESENTATION_CONTEXT(2) 
PARAMETRIC_REPRESENTATION_CONTEXT() REPRESENTATION_CONTEXT('2D SPACE',''
  ) );
#3932 = ORIENTED_EDGE('',*,*,#3933,.T.);
#3933 = EDGE_CURVE('',#3918,#3934,#3936,.T.);
#3934 = VERTEX_POINT('',#3935);
#3935 = CARTESIAN_POINT('',(2.528486389818,5.486862693184,1.9));
#3936 = SURFACE_CURVE('',#3937,(#3941),.PCURVE_S1.);
#3937 = B_SPLINE_CURVE_WITH_KNOTS('',2,(#3938,#3939,#3940),
  .UNSPECIFIED.,.F.,.F.,(3,3),(0.5625,0.625),.PIECEWISE_BEZIER_KNOTS.);
#3938 = CARTESIAN_POINT('',(3.053747098467,5.646198786778,1.9));
#3939 = CARTESIAN_POINT('',(2.783270128874,5.592397569277,1.9));
#3940 = CARTESIAN_POINT('',(2.528486389818,5.486862693184,1.9));
#3941 = PCURVE('',#3793,#3942);
#3942 = DEFINITIONAL_REPRESENTATION('',(#3943),#3947);
#3943 = B_SPLINE_CURVE_WITH_KNOTS('',2,(#3944,#3945,#3946),
  .UNSPECIFIED.,.F.,.F.,(3,3),(0.5625,0.625),.PIECEWISE_BEZIER_KNOTS.);
#3944 = CARTESIAN_POINT('',(0.403611501,0.984577708));
#3945 = CARTESIAN_POINT('',(0.355884763,0.975084269));
#3946 = CARTESIAN_POINT('',(0.310927158,0.95646222));
#3947 = ( GEOMETRIC_REPRESENTATION_CONTEXT(2) 
PARAMETRIC_REPRESENTATION_CONTEXT() REPRESENTATION_CONTEXT('2D SPACE',''
  ) );
#3948 = ORIENTED_EDGE('',*,*,#3949,.T.);
#3949 = EDGE_CURVE('',#3934,#3950,#3952,.T.);
#3950 = VERTEX_POINT('',#3951);
#3951 = CARTESIAN_POINT('',(2.044403346682,5.228114912077,1.9));
#3952 = SURFACE_CURVE('',#3953,(#3957),.PCURVE_S1.);
#3953 = B_SPLINE_CURVE_WITH_KNOTS('',2,(#3954,#3955,#3956),
  .UNSPECIFIED.,.F.,.F.,(3,3),(0.625,0.6875),.PIECEWISE_BEZIER_KNOTS.);
#3954 = CARTESIAN_POINT('',(2.528486389818,5.486862693184,1.9));
#3955 = CARTESIAN_POINT('',(2.273702650762,5.381327811424,1.9));
#3956 = CARTESIAN_POINT('',(2.044403346682,5.228114912077,1.9));
#3957 = PCURVE('',#3793,#3958);
#3958 = DEFINITIONAL_REPRESENTATION('',(#3959),#3963);
#3959 = B_SPLINE_CURVE_WITH_KNOTS('',2,(#3960,#3961,#3962),
  .UNSPECIFIED.,.F.,.F.,(3,3),(0.625,0.6875),.PIECEWISE_BEZIER_KNOTS.);
#3960 = CARTESIAN_POINT('',(0.310927158,0.95646222));
#3961 = CARTESIAN_POINT('',(0.265969553,0.93784017));
#3962 = CARTESIAN_POINT('',(0.225508778,0.910805144));
#3963 = ( GEOMETRIC_REPRESENTATION_CONTEXT(2) 
PARAMETRIC_REPRESENTATION_CONTEXT() REPRESENTATION_CONTEXT('2D SPACE',''
  ) );
#3964 = ORIENTED_EDGE('',*,*,#3965,.T.);
#3965 = EDGE_CURVE('',#3950,#3966,#3968,.T.);
#3966 = VERTEX_POINT('',#3967);
#3967 = CARTESIAN_POINT('',(1.620101012102,4.879898987898,1.9));
#3968 = SURFACE_CURVE('',#3969,(#3973),.PCURVE_S1.);
#3969 = B_SPLINE_CURVE_WITH_KNOTS('',2,(#3970,#3971,#3972),
  .UNSPECIFIED.,.F.,.F.,(3,3),(0.6875,0.75),.PIECEWISE_BEZIER_KNOTS.);
#3970 = CARTESIAN_POINT('',(2.044403346682,5.228114912077,1.9));
#3971 = CARTESIAN_POINT('',(1.815104042602,5.074902018397,1.9));
#3972 = CARTESIAN_POINT('',(1.620101012102,4.879898987898,1.9));
#3973 = PCURVE('',#3793,#3974);
#3974 = DEFINITIONAL_REPRESENTATION('',(#3975),#3979);
#3975 = B_SPLINE_CURVE_WITH_KNOTS('',2,(#3976,#3977,#3978),
  .UNSPECIFIED.,.F.,.F.,(3,3),(0.6875,0.75),.PIECEWISE_BEZIER_KNOTS.);
#3976 = CARTESIAN_POINT('',(0.225508778,0.910805144));
#3977 = CARTESIAN_POINT('',(0.185048003,0.883770119));
#3978 = CARTESIAN_POINT('',(0.150638942,0.849361058));
#3979 = ( GEOMETRIC_REPRESENTATION_CONTEXT(2) 
PARAMETRIC_REPRESENTATION_CONTEXT() REPRESENTATION_CONTEXT('2D SPACE',''
  ) );
#3980 = ORIENTED_EDGE('',*,*,#3981,.T.);
#3981 = EDGE_CURVE('',#3966,#3982,#3984,.T.);
#3982 = VERTEX_POINT('',#3983);
#3983 = CARTESIAN_POINT('',(1.271885087923,4.455596653318,1.9));
#3984 = SURFACE_CURVE('',#3985,(#3989),.PCURVE_S1.);
#3985 = B_SPLINE_CURVE_WITH_KNOTS('',2,(#3986,#3987,#3988),
  .UNSPECIFIED.,.F.,.F.,(3,3),(0.75,0.8125),.PIECEWISE_BEZIER_KNOTS.);
#3986 = CARTESIAN_POINT('',(1.620101012102,4.879898987898,1.9));
#3987 = CARTESIAN_POINT('',(1.425097981603,4.684895957398,1.9));
#3988 = CARTESIAN_POINT('',(1.271885087923,4.455596653318,1.9));
#3989 = PCURVE('',#3793,#3990);
#3990 = DEFINITIONAL_REPRESENTATION('',(#3991),#3995);
#3991 = B_SPLINE_CURVE_WITH_KNOTS('',2,(#3992,#3993,#3994),
  .UNSPECIFIED.,.F.,.F.,(3,3),(0.75,0.8125),.PIECEWISE_BEZIER_KNOTS.);
#3992 = CARTESIAN_POINT('',(0.150638942,0.849361058));
#3993 = CARTESIAN_POINT('',(0.116229881,0.814951997));
#3994 = CARTESIAN_POINT('',(8.9194856E-02,0.774491222));
#3995 = ( GEOMETRIC_REPRESENTATION_CONTEXT(2) 
PARAMETRIC_REPRESENTATION_CONTEXT() REPRESENTATION_CONTEXT('2D SPACE',''
  ) );
#3996 = ORIENTED_EDGE('',*,*,#3997,.T.);
#3997 = EDGE_CURVE('',#3982,#3998,#4000,.T.);
#3998 = VERTEX_POINT('',#3999);
#3999 = CARTESIAN_POINT('',(1.013137306816,3.971513610182,1.9));
#4000 = SURFACE_CURVE('',#4001,(#4005),.PCURVE_S1.);
#4001 = B_SPLINE_CURVE_WITH_KNOTS('',2,(#4002,#4003,#4004),
  .UNSPECIFIED.,.F.,.F.,(3,3),(0.8125,0.875),.PIECEWISE_BEZIER_KNOTS.);
#4002 = CARTESIAN_POINT('',(1.271885087923,4.455596653318,1.9));
#4003 = CARTESIAN_POINT('',(1.118672188576,4.226297349238,1.9));
#4004 = CARTESIAN_POINT('',(1.013137306816,3.971513610182,1.9));
#4005 = PCURVE('',#3793,#4006);
#4006 = DEFINITIONAL_REPRESENTATION('',(#4007),#4011);
#4007 = B_SPLINE_CURVE_WITH_KNOTS('',2,(#4008,#4009,#4010),
  .UNSPECIFIED.,.F.,.F.,(3,3),(0.8125,0.875),.PIECEWISE_BEZIER_KNOTS.);
#4008 = CARTESIAN_POINT('',(8.9194856E-02,0.774491222));
#4009 = CARTESIAN_POINT('',(6.215983E-02,0.734030447));
#4010 = CARTESIAN_POINT('',(4.353778E-02,0.689072842));
#4011 = ( GEOMETRIC_REPRESENTATION_CONTEXT(2) 
PARAMETRIC_REPRESENTATION_CONTEXT() REPRESENTATION_CONTEXT('2D SPACE',''
  ) );
#4012 = ORIENTED_EDGE('',*,*,#4013,.T.);
#4013 = EDGE_CURVE('',#3998,#4014,#4016,.T.);
#4014 = VERTEX_POINT('',#4015);
#4015 = CARTESIAN_POINT('',(0.853801213222,3.446252901533,1.9));
#4016 = SURFACE_CURVE('',#4017,(#4021),.PCURVE_S1.);
#4017 = B_SPLINE_CURVE_WITH_KNOTS('',2,(#4018,#4019,#4020),
  .UNSPECIFIED.,.F.,.F.,(3,3),(0.875,0.9375),.PIECEWISE_BEZIER_KNOTS.);
#4018 = CARTESIAN_POINT('',(1.013137306816,3.971513610182,1.9));
#4019 = CARTESIAN_POINT('',(0.907602430723,3.716729871126,1.9));
#4020 = CARTESIAN_POINT('',(0.853801213222,3.446252901533,1.9));
#4021 = PCURVE('',#3793,#4022);
#4022 = DEFINITIONAL_REPRESENTATION('',(#4023),#4027);
#4023 = B_SPLINE_CURVE_WITH_KNOTS('',2,(#4024,#4025,#4026),
  .UNSPECIFIED.,.F.,.F.,(3,3),(0.875,0.9375),.PIECEWISE_BEZIER_KNOTS.);
#4024 = CARTESIAN_POINT('',(4.353778E-02,0.689072842));
#4025 = CARTESIAN_POINT('',(2.4915731E-02,0.644115237));
#4026 = CARTESIAN_POINT('',(1.5422292E-02,0.596388499));
#4027 = ( GEOMETRIC_REPRESENTATION_CONTEXT(2) 
PARAMETRIC_REPRESENTATION_CONTEXT() REPRESENTATION_CONTEXT('2D SPACE',''
  ) );
#4028 = ORIENTED_EDGE('',*,*,#4029,.T.);
#4029 = EDGE_CURVE('',#4014,#4030,#4032,.T.);
#4030 = VERTEX_POINT('',#4031);
#4031 = CARTESIAN_POINT('',(0.800000001389,2.9,1.9));
#4032 = SURFACE_CURVE('',#4033,(#4037),.PCURVE_S1.);
#4033 = B_SPLINE_CURVE_WITH_KNOTS('',2,(#4034,#4035,#4036),
  .UNSPECIFIED.,.F.,.F.,(3,3),(0.9375,1.),.PIECEWISE_BEZIER_KNOTS.);
#4034 = CARTESIAN_POINT('',(0.853801213222,3.446252901533,1.9));
#4035 = CARTESIAN_POINT('',(0.800000001389,3.175775931939,1.9));
#4036 = CARTESIAN_POINT('',(0.800000001389,2.9,1.9));
#4037 = PCURVE('',#3793,#4038);
#4038 = DEFINITIONAL_REPRESENTATION('',(#4039),#4043);
#4039 = B_SPLINE_CURVE_WITH_KNOTS('',2,(#4040,#4041,#4042),
  .UNSPECIFIED.,.F.,.F.,(3,3),(0.9375,1.),.PIECEWISE_BEZIER_KNOTS.);
#4040 = CARTESIAN_POINT('',(1.5422292E-02,0.596388499));
#4041 = CARTESIAN_POINT('',(5.928854E-03,0.548661761));
#4042 = CARTESIAN_POINT('',(5.928854E-03,0.5));
#4043 = ( GEOMETRIC_REPRESENTATION_CONTEXT(2) 
PARAMETRIC_REPRESENTATION_CONTEXT() REPRESENTATION_CONTEXT('2D SPACE',''
  ) );
#4044 = ORIENTED_EDGE('',*,*,#4045,.T.);
#4045 = EDGE_CURVE('',#4030,#4046,#4048,.T.);
#4046 = VERTEX_POINT('',#4047);
#4047 = CARTESIAN_POINT('',(0.853801213222,2.353747098467,1.9));
#4048 = SURFACE_CURVE('',#4049,(#4053),.PCURVE_S1.);
#4049 = B_SPLINE_CURVE_WITH_KNOTS('',2,(#4050,#4051,#4052),
  .UNSPECIFIED.,.F.,.F.,(3,3),(0.,6.25E-02),.PIECEWISE_BEZIER_KNOTS.);
#4050 = CARTESIAN_POINT('',(0.800000001389,2.9,1.9));
#4051 = CARTESIAN_POINT('',(0.800000001389,2.624224068061,1.9));
#4052 = CARTESIAN_POINT('',(0.853801213222,2.353747098467,1.9));
#4053 = PCURVE('',#3793,#4054);
#4054 = DEFINITIONAL_REPRESENTATION('',(#4055),#4059);
#4055 = B_SPLINE_CURVE_WITH_KNOTS('',2,(#4056,#4057,#4058),
  .UNSPECIFIED.,.F.,.F.,(3,3),(0.,6.25E-02),.PIECEWISE_BEZIER_KNOTS.);
#4056 = CARTESIAN_POINT('',(5.928854E-03,0.5));
#4057 = CARTESIAN_POINT('',(5.928854E-03,0.451338239));
#4058 = CARTESIAN_POINT('',(1.5422292E-02,0.403611501));
#4059 = ( GEOMETRIC_REPRESENTATION_CONTEXT(2) 
PARAMETRIC_REPRESENTATION_CONTEXT() REPRESENTATION_CONTEXT('2D SPACE',''
  ) );
#4060 = ORIENTED_EDGE('',*,*,#4061,.T.);
#4061 = EDGE_CURVE('',#4046,#4062,#4064,.T.);
#4062 = VERTEX_POINT('',#4063);
#4063 = CARTESIAN_POINT('',(1.013137306816,1.828486389818,1.9));
#4064 = SURFACE_CURVE('',#4065,(#4069),.PCURVE_S1.);
#4065 = B_SPLINE_CURVE_WITH_KNOTS('',2,(#4066,#4067,#4068),
  .UNSPECIFIED.,.F.,.F.,(3,3),(6.25E-02,0.125),
  .PIECEWISE_BEZIER_KNOTS.);
#4066 = CARTESIAN_POINT('',(0.853801213222,2.353747098467,1.9));
#4067 = CARTESIAN_POINT('',(0.907602430723,2.083270128874,1.9));
#4068 = CARTESIAN_POINT('',(1.013137306816,1.828486389818,1.9));
#4069 = PCURVE('',#3793,#4070);
#4070 = DEFINITIONAL_REPRESENTATION('',(#4071),#4075);
#4071 = B_SPLINE_CURVE_WITH_KNOTS('',2,(#4072,#4073,#4074),
  .UNSPECIFIED.,.F.,.F.,(3,3),(6.25E-02,0.125),
  .PIECEWISE_BEZIER_KNOTS.);
#4072 = CARTESIAN_POINT('',(1.5422292E-02,0.403611501));
#4073 = CARTESIAN_POINT('',(2.4915731E-02,0.355884763));
#4074 = CARTESIAN_POINT('',(4.353778E-02,0.310927158));
#4075 = ( GEOMETRIC_REPRESENTATION_CONTEXT(2) 
PARAMETRIC_REPRESENTATION_CONTEXT() REPRESENTATION_CONTEXT('2D SPACE',''
  ) );
#4076 = ORIENTED_EDGE('',*,*,#4077,.T.);
#4077 = EDGE_CURVE('',#4062,#4078,#4080,.T.);
#4078 = VERTEX_POINT('',#4079);
#4079 = CARTESIAN_POINT('',(1.271885087923,1.344403346682,1.9));
#4080 = SURFACE_CURVE('',#4081,(#4085),.PCURVE_S1.);
#4081 = B_SPLINE_CURVE_WITH_KNOTS('',2,(#4082,#4083,#4084),
  .UNSPECIFIED.,.F.,.F.,(3,3),(0.125,0.1875),.PIECEWISE_BEZIER_KNOTS.);
#4082 = CARTESIAN_POINT('',(1.013137306816,1.828486389818,1.9));
#4083 = CARTESIAN_POINT('',(1.118672188576,1.573702650762,1.9));
#4084 = CARTESIAN_POINT('',(1.271885087923,1.344403346682,1.9));
#4085 = PCURVE('',#3793,#4086);
#4086 = DEFINITIONAL_REPRESENTATION('',(#4087),#4091);
#4087 = B_SPLINE_CURVE_WITH_KNOTS('',2,(#4088,#4089,#4090),
  .UNSPECIFIED.,.F.,.F.,(3,3),(0.125,0.1875),.PIECEWISE_BEZIER_KNOTS.);
#4088 = CARTESIAN_POINT('',(4.353778E-02,0.310927158));
#4089 = CARTESIAN_POINT('',(6.215983E-02,0.265969553));
#4090 = CARTESIAN_POINT('',(8.9194856E-02,0.225508778));
#4091 = ( GEOMETRIC_REPRESENTATION_CONTEXT(2) 
PARAMETRIC_REPRESENTATION_CONTEXT() REPRESENTATION_CONTEXT('2D SPACE',''
  ) );
#4092 = ORIENTED_EDGE('',*,*,#4093,.T.);
#4093 = EDGE_CURVE('',#4078,#4094,#4096,.T.);
#4094 = VERTEX_POINT('',#4095);
#4095 = CARTESIAN_POINT('',(1.620101012102,0.920101012102,1.9));
#4096 = SURFACE_CURVE('',#4097,(#4101),.PCURVE_S1.);
#4097 = B_SPLINE_CURVE_WITH_KNOTS('',2,(#4098,#4099,#4100),
  .UNSPECIFIED.,.F.,.F.,(3,3),(0.1875,0.25),.PIECEWISE_BEZIER_KNOTS.);
#4098 = CARTESIAN_POINT('',(1.271885087923,1.344403346682,1.9));
#4099 = CARTESIAN_POINT('',(1.425097981603,1.115104042602,1.9));
#4100 = CARTESIAN_POINT('',(1.620101012102,0.920101012102,1.9));
#4101 = PCURVE('',#3793,#4102);
#4102 = DEFINITIONAL_REPRESENTATION('',(#4103),#4107);
#4103 = B_SPLINE_CURVE_WITH_KNOTS('',2,(#4104,#4105,#4106),
  .UNSPECIFIED.,.F.,.F.,(3,3),(0.1875,0.25),.PIECEWISE_BEZIER_KNOTS.);
#4104 = CARTESIAN_POINT('',(8.9194856E-02,0.225508778));
#4105 = CARTESIAN_POINT('',(0.116229881,0.185048003));
#4106 = CARTESIAN_POINT('',(0.150638942,0.150638942));
#4107 = ( GEOMETRIC_REPRESENTATION_CONTEXT(2) 
PARAMETRIC_REPRESENTATION_CONTEXT() REPRESENTATION_CONTEXT('2D SPACE',''
  ) );
#4108 = ORIENTED_EDGE('',*,*,#4109,.T.);
#4109 = EDGE_CURVE('',#4094,#4110,#4112,.T.);
#4110 = VERTEX_POINT('',#4111);
#4111 = CARTESIAN_POINT('',(2.044403346682,0.571885087923,1.9));
#4112 = SURFACE_CURVE('',#4113,(#4117),.PCURVE_S1.);
#4113 = B_SPLINE_CURVE_WITH_KNOTS('',2,(#4114,#4115,#4116),
  .UNSPECIFIED.,.F.,.F.,(3,3),(0.25,0.3125),.PIECEWISE_BEZIER_KNOTS.);
#4114 = CARTESIAN_POINT('',(1.620101012102,0.920101012102,1.9));
#4115 = CARTESIAN_POINT('',(1.815104042602,0.725097981603,1.9));
#4116 = CARTESIAN_POINT('',(2.044403346682,0.571885087923,1.9));
#4117 = PCURVE('',#3793,#4118);
#4118 = DEFINITIONAL_REPRESENTATION('',(#4119),#4123);
#4119 = B_SPLINE_CURVE_WITH_KNOTS('',2,(#4120,#4121,#4122),
  .UNSPECIFIED.,.F.,.F.,(3,3),(0.25,0.3125),.PIECEWISE_BEZIER_KNOTS.);
#4120 = CARTESIAN_POINT('',(0.150638942,0.150638942));
#4121 = CARTESIAN_POINT('',(0.185048003,0.116229881));
#4122 = CARTESIAN_POINT('',(0.225508778,8.9194856E-02));
#4123 = ( GEOMETRIC_REPRESENTATION_CONTEXT(2) 
PARAMETRIC_REPRESENTATION_CONTEXT() REPRESENTATION_CONTEXT('2D SPACE',''
  ) );
#4124 = ORIENTED_EDGE('',*,*,#4125,.T.);
#4125 = EDGE_CURVE('',#4110,#4126,#4128,.T.);
#4126 = VERTEX_POINT('',#4127);
#4127 = CARTESIAN_POINT('',(2.528486389818,0.313137306816,1.9));
#4128 = SURFACE_CURVE('',#4129,(#4133),.PCURVE_S1.);
#4129 = B_SPLINE_CURVE_WITH_KNOTS('',2,(#4130,#4131,#4132),
  .UNSPECIFIED.,.F.,.F.,(3,3),(0.3125,0.375),.PIECEWISE_BEZIER_KNOTS.);
#4130 = CARTESIAN_POINT('',(2.044403346682,0.571885087923,1.9));
#4131 = CARTESIAN_POINT('',(2.273702650762,0.418672188576,1.9));
#4132 = CARTESIAN_POINT('',(2.528486389818,0.313137306816,1.9));
#4133 = PCURVE('',#3793,#4134);
#4134 = DEFINITIONAL_REPRESENTATION('',(#4135),#4139);
#4135 = B_SPLINE_CURVE_WITH_KNOTS('',2,(#4136,#4137,#4138),
  .UNSPECIFIED.,.F.,.F.,(3,3),(0.3125,0.375),.PIECEWISE_BEZIER_KNOTS.);
#4136 = CARTESIAN_POINT('',(0.225508778,8.9194856E-02));
#4137 = CARTESIAN_POINT('',(0.265969553,6.215983E-02));
#4138 = CARTESIAN_POINT('',(0.310927158,4.353778E-02));
#4139 = ( GEOMETRIC_REPRESENTATION_CONTEXT(2) 
PARAMETRIC_REPRESENTATION_CONTEXT() REPRESENTATION_CONTEXT('2D SPACE',''
  ) );
#4140 = ORIENTED_EDGE('',*,*,#4141,.T.);
#4141 = EDGE_CURVE('',#4126,#4142,#4144,.T.);
#4142 = VERTEX_POINT('',#4143);
#4143 = CARTESIAN_POINT('',(3.053747098467,0.153801213222,1.9));
#4144 = SURFACE_CURVE('',#4145,(#4149),.PCURVE_S1.);
#4145 = B_SPLINE_CURVE_WITH_KNOTS('',2,(#4146,#4147,#4148),
  .UNSPECIFIED.,.F.,.F.,(3,3),(0.375,0.4375),.PIECEWISE_BEZIER_KNOTS.);
#4146 = CARTESIAN_POINT('',(2.528486389818,0.313137306816,1.9));
#4147 = CARTESIAN_POINT('',(2.783270128874,0.207602430723,1.9));
#4148 = CARTESIAN_POINT('',(3.053747098467,0.153801213222,1.9));
#4149 = PCURVE('',#3793,#4150);
#4150 = DEFINITIONAL_REPRESENTATION('',(#4151),#4155);
#4151 = B_SPLINE_CURVE_WITH_KNOTS('',2,(#4152,#4153,#4154),
  .UNSPECIFIED.,.F.,.F.,(3,3),(0.375,0.4375),.PIECEWISE_BEZIER_KNOTS.);
#4152 = CARTESIAN_POINT('',(0.310927158,4.353778E-02));
#4153 = CARTESIAN_POINT('',(0.355884763,2.4915731E-02));
#4154 = CARTESIAN_POINT('',(0.403611501,1.5422292E-02));
#4155 = ( GEOMETRIC_REPRESENTATION_CONTEXT(2) 
PARAMETRIC_REPRESENTATION_CONTEXT() REPRESENTATION_CONTEXT('2D SPACE',''
  ) );
#4156 = ORIENTED_EDGE('',*,*,#4157,.T.);
#4157 = EDGE_CURVE('',#4142,#4158,#4160,.T.);
#4158 = VERTEX_POINT('',#4159);
#4159 = CARTESIAN_POINT('',(3.6,0.100000001389,1.9));
#4160 = SURFACE_CURVE('',#4161,(#4165),.PCURVE_S1.);
#4161 = B_SPLINE_CURVE_WITH_KNOTS('',2,(#4162,#4163,#4164),
  .UNSPECIFIED.,.F.,.F.,(3,3),(0.4375,0.5),.PIECEWISE_BEZIER_KNOTS.);
#4162 = CARTESIAN_POINT('',(3.053747098467,0.153801213222,1.9));
#4163 = CARTESIAN_POINT('',(3.324224068061,0.100000001389,1.9));
#4164 = CARTESIAN_POINT('',(3.6,0.100000001389,1.9));
#4165 = PCURVE('',#3793,#4166);
#4166 = DEFINITIONAL_REPRESENTATION('',(#4167),#4171);
#4167 = B_SPLINE_CURVE_WITH_KNOTS('',2,(#4168,#4169,#4170),
  .UNSPECIFIED.,.F.,.F.,(3,3),(0.4375,0.5),.PIECEWISE_BEZIER_KNOTS.);
#4168 = CARTESIAN_POINT('',(0.403611501,1.5422292E-02));
#4169 = CARTESIAN_POINT('',(0.451338239,5.928854E-03));
#4170 = CARTESIAN_POINT('',(0.5,5.928854E-03));
#4171 = ( GEOMETRIC_REPRESENTATION_CONTEXT(2) 
PARAMETRIC_REPRESENTATION_CONTEXT() REPRESENTATION_CONTEXT('2D SPACE',''
  ) );
#4172 = ORIENTED_EDGE('',*,*,#4173,.T.);
#4173 = EDGE_CURVE('',#4158,#4174,#4176,.T.);
#4174 = VERTEX_POINT('',#4175);
#4175 = CARTESIAN_POINT('',(4.146252901533,0.153801213222,1.9));
#4176 = SURFACE_CURVE('',#4177,(#4181),.PCURVE_S1.);
#4177 = B_SPLINE_CURVE_WITH_KNOTS('',2,(#4178,#4179,#4180),
  .UNSPECIFIED.,.F.,.F.,(3,3),(0.5,0.5625),.PIECEWISE_BEZIER_KNOTS.);
#4178 = CARTESIAN_POINT('',(3.6,0.100000001389,1.9));
#4179 = CARTESIAN_POINT('',(3.875775931939,0.100000001389,1.9));
#4180 = CARTESIAN_POINT('',(4.146252901533,0.153801213222,1.9));
#4181 = PCURVE('',#3793,#4182);
#4182 = DEFINITIONAL_REPRESENTATION('',(#4183),#4187);
#4183 = B_SPLINE_CURVE_WITH_KNOTS('',2,(#4184,#4185,#4186),
  .UNSPECIFIED.,.F.,.F.,(3,3),(0.5,0.5625),.PIECEWISE_BEZIER_KNOTS.);
#4184 = CARTESIAN_POINT('',(0.5,5.928854E-03));
#4185 = CARTESIAN_POINT('',(0.548661761,5.928854E-03));
#4186 = CARTESIAN_POINT('',(0.596388499,1.5422292E-02));
#4187 = ( GEOMETRIC_REPRESENTATION_CONTEXT(2) 
PARAMETRIC_REPRESENTATION_CONTEXT() REPRESENTATION_CONTEXT('2D SPACE',''
  ) );
#4188 = ORIENTED_EDGE('',*,*,#4189,.T.);
#4189 = EDGE_CURVE('',#4174,#4190,#4192,.T.);
#4190 = VERTEX_POINT('',#4191);
#4191 = CARTESIAN_POINT('',(4.671513610182,0.313137306816,1.9));
#4192 = SURFACE_CURVE('',#4193,(#4197),.PCURVE_S1.);
#4193 = B_SPLINE_CURVE_WITH_KNOTS('',2,(#4194,#4195,#4196),
  .UNSPECIFIED.,.F.,.F.,(3,3),(0.5625,0.625),.PIECEWISE_BEZIER_KNOTS.);
#4194 = CARTESIAN_POINT('',(4.146252901533,0.153801213222,1.9));
#4195 = CARTESIAN_POINT('',(4.416729871126,0.207602430723,1.9));
#4196 = CARTESIAN_POINT('',(4.671513610182,0.313137306816,1.9));
#4197 = PCURVE('',#3793,#4198);
#4198 = DEFINITIONAL_REPRESENTATION('',(#4199),#4203);
#4199 = B_SPLINE_CURVE_WITH_KNOTS('',2,(#4200,#4201,#4202),
  .UNSPECIFIED.,.F.,.F.,(3,3),(0.5625,0.625),.PIECEWISE_BEZIER_KNOTS.);
#4200 = CARTESIAN_POINT('',(0.596388499,1.5422292E-02));
#4201 = CARTESIAN_POINT('',(0.644115237,2.4915731E-02));
#4202 = CARTESIAN_POINT('',(0.689072842,4.353778E-02));
#4203 = ( GEOMETRIC_REPRESENTATION_CONTEXT(2) 
PARAMETRIC_REPRESENTATION_CONTEXT() REPRESENTATION_CONTEXT('2D SPACE',''
  ) );
#4204 = ORIENTED_EDGE('',*,*,#4205,.T.);
#4205 = EDGE_CURVE('',#4190,#4206,#4208,.T.);
#4206 = VERTEX_POINT('',#4207);
#4207 = CARTESIAN_POINT('',(5.155596653318,0.571885087923,1.9));
#4208 = SURFACE_CURVE('',#4209,(#4213),.PCURVE_S1.);
#4209 = B_SPLINE_CURVE_WITH_KNOTS('',2,(#4210,#4211,#4212),
  .UNSPECIFIED.,.F.,.F.,(3,3),(0.625,0.6875),.PIECEWISE_BEZIER_KNOTS.);
#4210 = CARTESIAN_POINT('',(4.671513610182,0.313137306816,1.9));
#4211 = CARTESIAN_POINT('',(4.926297349238,0.418672188576,1.9));
#4212 = CARTESIAN_POINT('',(5.155596653318,0.571885087923,1.9));
#4213 = PCURVE('',#3793,#4214);
#4214 = DEFINITIONAL_REPRESENTATION('',(#4215),#4219);
#4215 = B_SPLINE_CURVE_WITH_KNOTS('',2,(#4216,#4217,#4218),
  .UNSPECIFIED.,.F.,.F.,(3,3),(0.625,0.6875),.PIECEWISE_BEZIER_KNOTS.);
#4216 = CARTESIAN_POINT('',(0.689072842,4.353778E-02));
#4217 = CARTESIAN_POINT('',(0.734030447,6.215983E-02));
#4218 = CARTESIAN_POINT('',(0.774491222,8.9194856E-02));
#4219 = ( GEOMETRIC_REPRESENTATION_CONTEXT(2) 
PARAMETRIC_REPRESENTATION_CONTEXT() REPRESENTATION_CONTEXT('2D SPACE',''
  ) );
#4220 = ORIENTED_EDGE('',*,*,#4221,.T.);
#4221 = EDGE_CURVE('',#4206,#4222,#4224,.T.);
#4222 = VERTEX_POINT('',#4223);
#4223 = CARTESIAN_POINT('',(5.579898987898,0.920101012102,1.9));
#4224 = SURFACE_CURVE('',#4225,(#4229),.PCURVE_S1.);
#4225 = B_SPLINE_CURVE_WITH_KNOTS('',2,(#4226,#4227,#4228),
  .UNSPECIFIED.,.F.,.F.,(3,3),(0.6875,0.75),.PIECEWISE_BEZIER_KNOTS.);
#4226 = CARTESIAN_POINT('',(5.155596653318,0.571885087923,1.9));
#4227 = CARTESIAN_POINT('',(5.384895957398,0.725097981603,1.9));
#4228 = CARTESIAN_POINT('',(5.579898987898,0.920101012102,1.9));
#4229 = PCURVE('',#3793,#4230);
#4230 = DEFINITIONAL_REPRESENTATION('',(#4231),#4235);
#4231 = B_SPLINE_CURVE_WITH_KNOTS('',2,(#4232,#4233,#4234),
  .UNSPECIFIED.,.F.,.F.,(3,3),(0.6875,0.75),.PIECEWISE_BEZIER_KNOTS.);
#4232 = CARTESIAN_POINT('',(0.774491222,8.9194856E-02));
#4233 = CARTESIAN_POINT('',(0.814951997,0.116229881));
#4234 = CARTESIAN_POINT('',(0.849361058,0.150638942));
#4235 = ( GEOMETRIC_REPRESENTATION_CONTEXT(2) 
PARAMETRIC_REPRESENTATION_CONTEXT() REPRESENTATION_CONTEXT('2D SPACE',''
  ) );
#4236 = ORIENTED_EDGE('',*,*,#4237,.T.);
#4237 = EDGE_CURVE('',#4222,#4238,#4240,.T.);
#4238 = VERTEX_POINT('',#4239);
#4239 = CARTESIAN_POINT('',(5.928114912077,1.344403346682,1.9));
#4240 = SURFACE_CURVE('',#4241,(#4245),.PCURVE_S1.);
#4241 = B_SPLINE_CURVE_WITH_KNOTS('',2,(#4242,#4243,#4244),
  .UNSPECIFIED.,.F.,.F.,(3,3),(0.75,0.8125),.PIECEWISE_BEZIER_KNOTS.);
#4242 = CARTESIAN_POINT('',(5.579898987898,0.920101012102,1.9));
#4243 = CARTESIAN_POINT('',(5.774902018397,1.115104042602,1.9));
#4244 = CARTESIAN_POINT('',(5.928114912077,1.344403346682,1.9));
#4245 = PCURVE('',#3793,#4246);
#4246 = DEFINITIONAL_REPRESENTATION('',(#4247),#4251);
#4247 = B_SPLINE_CURVE_WITH_KNOTS('',2,(#4248,#4249,#4250),
  .UNSPECIFIED.,.F.,.F.,(3,3),(0.75,0.8125),.PIECEWISE_BEZIER_KNOTS.);
#4248 = CARTESIAN_POINT('',(0.849361058,0.150638942));
#4249 = CARTESIAN_POINT('',(0.883770119,0.185048003));
#4250 = CARTESIAN_POINT('',(0.910805144,0.225508778));
#4251 = ( GEOMETRIC_REPRESENTATION_CONTEXT(2) 
PARAMETRIC_REPRESENTATION_CONTEXT() REPRESENTATION_CONTEXT('2D SPACE',''
  ) );
#4252 = ORIENTED_EDGE('',*,*,#4253,.T.);
#4253 = EDGE_CURVE('',#4238,#4254,#4256,.T.);
#4254 = VERTEX_POINT('',#4255);
#4255 = CARTESIAN_POINT('',(6.186862693184,1.828486389818,1.9));
#4256 = SURFACE_CURVE('',#4257,(#4261),.PCURVE_S1.);
#4257 = B_SPLINE_CURVE_WITH_KNOTS('',2,(#4258,#4259,#4260),
  .UNSPECIFIED.,.F.,.F.,(3,3),(0.8125,0.875),.PIECEWISE_BEZIER_KNOTS.);
#4258 = CARTESIAN_POINT('',(5.928114912077,1.344403346682,1.9));
#4259 = CARTESIAN_POINT('',(6.081327811424,1.573702650762,1.9));
#4260 = CARTESIAN_POINT('',(6.186862693184,1.828486389818,1.9));
#4261 = PCURVE('',#3793,#4262);
#4262 = DEFINITIONAL_REPRESENTATION('',(#4263),#4267);
#4263 = B_SPLINE_CURVE_WITH_KNOTS('',2,(#4264,#4265,#4266),
  .UNSPECIFIED.,.F.,.F.,(3,3),(0.8125,0.875),.PIECEWISE_BEZIER_KNOTS.);
#4264 = CARTESIAN_POINT('',(0.910805144,0.225508778));
#4265 = CARTESIAN_POINT('',(0.93784017,0.265969553));
#4266 = CARTESIAN_POINT('',(0.95646222,0.310927158));
#4267 = ( GEOMETRIC_REPRESENTATION_CONTEXT(2) 
PARAMETRIC_REPRESENTATION_CONTEXT() REPRESENTATION_CONTEXT('2D SPACE',''
  ) );
#4268 = ORIENTED_EDGE('',*,*,#4269,.T.);
#4269 = EDGE_CURVE('',#4254,#4270,#4272,.T.);
#4270 = VERTEX_POINT('',#4271);
#4271 = CARTESIAN_POINT('',(6.346198786778,2.353747098467,1.9));
#4272 = SURFACE_CURVE('',#4273,(#4277),.PCURVE_S1.);
#4273 = B_SPLINE_CURVE_WITH_KNOTS('',2,(#4274,#4275,#4276),
  .UNSPECIFIED.,.F.,.F.,(3,3),(0.875,0.9375),.PIECEWISE_BEZIER_KNOTS.);
#4274 = CARTESIAN_POINT('',(6.186862693184,1.828486389818,1.9));
#4275 = CARTESIAN_POINT('',(6.292397569277,2.083270128874,1.9));
#4276 = CARTESIAN_POINT('',(6.346198786778,2.353747098467,1.9));
#4277 = PCURVE('',#3793,#4278);
#4278 = DEFINITIONAL_REPRESENTATION('',(#4279),#4283);
#4279 = B_SPLINE_CURVE_WITH_KNOTS('',2,(#4280,#4281,#4282),
  .UNSPECIFIED.,.F.,.F.,(3,3),(0.875,0.9375),.PIECEWISE_BEZIER_KNOTS.);
#4280 = CARTESIAN_POINT('',(0.95646222,0.310927158));
#4281 = CARTESIAN_POINT('',(0.975084269,0.355884763));
#4282 = CARTESIAN_POINT('',(0.984577708,0.403611501));
#4283 = ( GEOMETRIC_REPRESENTATION_CONTEXT(2) 
PARAMETRIC_REPRESENTATION_CONTEXT() REPRESENTATION_CONTEXT('2D SPACE',''
  ) );
#4284 = ORIENTED_EDGE('',*,*,#4285,.T.);
#4285 = EDGE_CURVE('',#4270,#3783,#4286,.T.);
#4286 = SURFACE_CURVE('',#4287,(#4291),.PCURVE_S1.);
#4287 = B_SPLINE_CURVE_WITH_KNOTS('',2,(#4288,#4289,#4290),
  .UNSPECIFIED.,.F.,.F.,(3,3),(0.9375,1.),.PIECEWISE_BEZIER_KNOTS.);
#4288 = CARTESIAN_POINT('',(6.346198786778,2.353747098467,1.9));
#4289 = CARTESIAN_POINT('',(6.399999998611,2.624224068061,1.9));
#4290 = CARTESIAN_POINT('',(6.399999998611,2.9,1.9));
#4291 = PCURVE('',#3793,#4292);
#4292 = DEFINITIONAL_REPRESENTATION('',(#4293),#4297);
#4293 = B_SPLINE_CURVE_WITH_KNOTS('',2,(#4294,#4295,#4296),
  .UNSPECIFIED.,.F.,.F.,(3,3),(0.9375,1.),.PIECEWISE_BEZIER_KNOTS.);
#4294 = CARTESIAN_POINT('',(0.984577708,0.403611501));
#4295 = CARTESIAN_POINT('',(0.994071146,0.451338239));
#4296 = CARTESIAN_POINT('',(0.994071146,0.5));
#4297 = ( GEOMETRIC_REPRESENTATION_CONTEXT(2) 
PARAMETRIC_REPRESENTATION_CONTEXT() REPRESENTATION_CONTEXT('2D SPACE',''
  ) );
#4298 = FACE_BOUND('',#4299,.T.);
#4299 = EDGE_LOOP('',(#4300,#4318,#4334,#4350,#4366,#4382,#4398,#4414,
    #4430,#4446,#4462,#4478,#4494,#4510,#4526,#4542,#4558,#4574,#4590,
    #4606,#4622,#4638,#4654,#4670,#4686,#4702,#4718,#4734,#4750,#4766,
    #4782,#4798));
#4300 = ORIENTED_EDGE('',*,*,#4301,.T.);
#4301 = EDGE_CURVE('',#4302,#4304,#4306,.T.);
#4302 = VERTEX_POINT('',#4303);
#4303 = CARTESIAN_POINT('',(6.000000000429,2.9,1.9));
#4304 = VERTEX_POINT('',#4305);
#4305 = CARTESIAN_POINT('',(5.953884673571,2.431783229686,1.9));
#4306 = SURFACE_CURVE('',#4307,(#4311),.PCURVE_S1.);
#4307 = B_SPLINE_CURVE_WITH_KNOTS('',2,(#4308,#4309,#4310),
  .UNSPECIFIED.,.F.,.F.,(3,3),(0.,6.25E-02),.PIECEWISE_BEZIER_KNOTS.);
#4308 = CARTESIAN_POINT('',(6.000000000429,2.9,1.9));
#4309 = CARTESIAN_POINT('',(6.000000000429,2.663620634624,1.9));
#4310 = CARTESIAN_POINT('',(5.953884673571,2.431783229686,1.9));
#4311 = PCURVE('',#3793,#4312);
#4312 = DEFINITIONAL_REPRESENTATION('',(#4313),#4317);
#4313 = B_SPLINE_CURVE_WITH_KNOTS('',2,(#4314,#4315,#4316),
  .UNSPECIFIED.,.F.,.F.,(3,3),(0.,6.25E-02),.PIECEWISE_BEZIER_KNOTS.);
#4314 = CARTESIAN_POINT('',(0.923489554,0.5));
#4315 = CARTESIAN_POINT('',(0.923489554,0.45828992));
#4316 = CARTESIAN_POINT('',(0.915352321,0.417381287));
#4317 = ( GEOMETRIC_REPRESENTATION_CONTEXT(2) 
PARAMETRIC_REPRESENTATION_CONTEXT() REPRESENTATION_CONTEXT('2D SPACE',''
  ) );
#4318 = ORIENTED_EDGE('',*,*,#4319,.T.);
#4319 = EDGE_CURVE('',#4304,#4320,#4322,.T.);
#4320 = VERTEX_POINT('',#4321);
#4321 = CARTESIAN_POINT('',(5.817310877443,1.981559762701,1.9));
#4322 = SURFACE_CURVE('',#4323,(#4327),.PCURVE_S1.);
#4323 = B_SPLINE_CURVE_WITH_KNOTS('',2,(#4324,#4325,#4326),
  .UNSPECIFIED.,.F.,.F.,(3,3),(6.25E-02,0.125),
  .PIECEWISE_BEZIER_KNOTS.);
#4324 = CARTESIAN_POINT('',(5.953884673571,2.431783229686,1.9));
#4325 = CARTESIAN_POINT('',(5.907769346714,2.199945824749,1.9));
#4326 = CARTESIAN_POINT('',(5.817310877443,1.981559762701,1.9));
#4327 = PCURVE('',#3793,#4328);
#4328 = DEFINITIONAL_REPRESENTATION('',(#4329),#4333);
#4329 = B_SPLINE_CURVE_WITH_KNOTS('',2,(#4330,#4331,#4332),
  .UNSPECIFIED.,.F.,.F.,(3,3),(6.25E-02,0.125),
  .PIECEWISE_BEZIER_KNOTS.);
#4330 = CARTESIAN_POINT('',(0.915352321,0.417381287));
#4331 = CARTESIAN_POINT('',(0.907215088,0.376472654));
#4332 = CARTESIAN_POINT('',(0.891253331,0.337937564));
#4333 = ( GEOMETRIC_REPRESENTATION_CONTEXT(2) 
PARAMETRIC_REPRESENTATION_CONTEXT() REPRESENTATION_CONTEXT('2D SPACE',''
  ) );
#4334 = ORIENTED_EDGE('',*,*,#4335,.T.);
#4335 = EDGE_CURVE('',#4320,#4336,#4338,.T.);
#4336 = VERTEX_POINT('',#4337);
#4337 = CARTESIAN_POINT('',(5.595527068304,1.566631441632,1.9));
#4338 = SURFACE_CURVE('',#4339,(#4343),.PCURVE_S1.);
#4339 = B_SPLINE_CURVE_WITH_KNOTS('',2,(#4340,#4341,#4342),
  .UNSPECIFIED.,.F.,.F.,(3,3),(0.125,0.1875),.PIECEWISE_BEZIER_KNOTS.);
#4340 = CARTESIAN_POINT('',(5.817310877443,1.981559762701,1.9));
#4341 = CARTESIAN_POINT('',(5.726852408173,1.763173700653,1.9));
#4342 = CARTESIAN_POINT('',(5.595527068304,1.566631441632,1.9));
#4343 = PCURVE('',#3793,#4344);
#4344 = DEFINITIONAL_REPRESENTATION('',(#4345),#4349);
#4345 = B_SPLINE_CURVE_WITH_KNOTS('',2,(#4346,#4347,#4348),
  .UNSPECIFIED.,.F.,.F.,(3,3),(0.125,0.1875),.PIECEWISE_BEZIER_KNOTS.);
#4346 = CARTESIAN_POINT('',(0.891253331,0.337937564));
#4347 = CARTESIAN_POINT('',(0.875291574,0.299402474));
#4348 = CARTESIAN_POINT('',(0.852118695,0.26472181));
#4349 = ( GEOMETRIC_REPRESENTATION_CONTEXT(2) 
PARAMETRIC_REPRESENTATION_CONTEXT() REPRESENTATION_CONTEXT('2D SPACE',''
  ) );
#4350 = ORIENTED_EDGE('',*,*,#4351,.T.);
#4351 = EDGE_CURVE('',#4336,#4352,#4354,.T.);
#4352 = VERTEX_POINT('',#4353);
#4353 = CARTESIAN_POINT('',(5.297056272912,1.202943727088,1.9));
#4354 = SURFACE_CURVE('',#4355,(#4359),.PCURVE_S1.);
#4355 = B_SPLINE_CURVE_WITH_KNOTS('',2,(#4356,#4357,#4358),
  .UNSPECIFIED.,.F.,.F.,(3,3),(0.1875,0.25),.PIECEWISE_BEZIER_KNOTS.);
#4356 = CARTESIAN_POINT('',(5.595527068304,1.566631441632,1.9));
#4357 = CARTESIAN_POINT('',(5.464201728435,1.370089176944,1.9));
#4358 = CARTESIAN_POINT('',(5.297056272912,1.202943727088,1.9));
#4359 = PCURVE('',#3793,#4360);
#4360 = DEFINITIONAL_REPRESENTATION('',(#4361),#4365);
#4361 = B_SPLINE_CURVE_WITH_KNOTS('',2,(#4362,#4363,#4364),
  .UNSPECIFIED.,.F.,.F.,(3,3),(0.1875,0.25),.PIECEWISE_BEZIER_KNOTS.);
#4362 = CARTESIAN_POINT('',(0.852118695,0.26472181));
#4363 = CARTESIAN_POINT('',(0.828945816,0.230041145));
#4364 = CARTESIAN_POINT('',(0.799452335,0.200547665));
#4365 = ( GEOMETRIC_REPRESENTATION_CONTEXT(2) 
PARAMETRIC_REPRESENTATION_CONTEXT() REPRESENTATION_CONTEXT('2D SPACE',''
  ) );
#4366 = ORIENTED_EDGE('',*,*,#4367,.T.);
#4367 = EDGE_CURVE('',#4352,#4368,#4370,.T.);
#4368 = VERTEX_POINT('',#4369);
#4369 = CARTESIAN_POINT('',(4.933368558368,0.904472931696,1.9));
#4370 = SURFACE_CURVE('',#4371,(#4375),.PCURVE_S1.);
#4371 = B_SPLINE_CURVE_WITH_KNOTS('',2,(#4372,#4373,#4374),
  .UNSPECIFIED.,.F.,.F.,(3,3),(0.25,0.3125),.PIECEWISE_BEZIER_KNOTS.);
#4372 = CARTESIAN_POINT('',(5.297056272912,1.202943727088,1.9));
#4373 = CARTESIAN_POINT('',(5.129910823056,1.035798271565,1.9));
#4374 = CARTESIAN_POINT('',(4.933368558368,0.904472931696,1.9));
#4375 = PCURVE('',#3793,#4376);
#4376 = DEFINITIONAL_REPRESENTATION('',(#4377),#4381);
#4377 = B_SPLINE_CURVE_WITH_KNOTS('',2,(#4378,#4379,#4380),
  .UNSPECIFIED.,.F.,.F.,(3,3),(0.25,0.3125),.PIECEWISE_BEZIER_KNOTS.);
#4378 = CARTESIAN_POINT('',(0.799452335,0.200547665));
#4379 = CARTESIAN_POINT('',(0.769958855,0.171054184));
#4380 = CARTESIAN_POINT('',(0.73527819,0.147881305));
#4381 = ( GEOMETRIC_REPRESENTATION_CONTEXT(2) 
PARAMETRIC_REPRESENTATION_CONTEXT() REPRESENTATION_CONTEXT('2D SPACE',''
  ) );
#4382 = ORIENTED_EDGE('',*,*,#4383,.T.);
#4383 = EDGE_CURVE('',#4368,#4384,#4386,.T.);
#4384 = VERTEX_POINT('',#4385);
#4385 = CARTESIAN_POINT('',(4.518440237299,0.682689122557,1.9));
#4386 = SURFACE_CURVE('',#4387,(#4391),.PCURVE_S1.);
#4387 = B_SPLINE_CURVE_WITH_KNOTS('',2,(#4388,#4389,#4390),
  .UNSPECIFIED.,.F.,.F.,(3,3),(0.3125,0.375),.PIECEWISE_BEZIER_KNOTS.);
#4388 = CARTESIAN_POINT('',(4.933368558368,0.904472931696,1.9));
#4389 = CARTESIAN_POINT('',(4.736826299347,0.773147591827,1.9));
#4390 = CARTESIAN_POINT('',(4.518440237299,0.682689122557,1.9));
#4391 = PCURVE('',#3793,#4392);
#4392 = DEFINITIONAL_REPRESENTATION('',(#4393),#4397);
#4393 = B_SPLINE_CURVE_WITH_KNOTS('',2,(#4394,#4395,#4396),
  .UNSPECIFIED.,.F.,.F.,(3,3),(0.3125,0.375),.PIECEWISE_BEZIER_KNOTS.);
#4394 = CARTESIAN_POINT('',(0.73527819,0.147881305));
#4395 = CARTESIAN_POINT('',(0.700597526,0.124708426));
#4396 = CARTESIAN_POINT('',(0.662062436,0.108746669));
#4397 = ( GEOMETRIC_REPRESENTATION_CONTEXT(2) 
PARAMETRIC_REPRESENTATION_CONTEXT() REPRESENTATION_CONTEXT('2D SPACE',''
  ) );
#4398 = ORIENTED_EDGE('',*,*,#4399,.T.);
#4399 = EDGE_CURVE('',#4384,#4400,#4402,.T.);
#4400 = VERTEX_POINT('',#4401);
#4401 = CARTESIAN_POINT('',(4.068216770314,0.546115326429,1.9));
#4402 = SURFACE_CURVE('',#4403,(#4407),.PCURVE_S1.);
#4403 = B_SPLINE_CURVE_WITH_KNOTS('',2,(#4404,#4405,#4406),
  .UNSPECIFIED.,.F.,.F.,(3,3),(0.375,0.4375),.PIECEWISE_BEZIER_KNOTS.);
#4404 = CARTESIAN_POINT('',(4.518440237299,0.682689122557,1.9));
#4405 = CARTESIAN_POINT('',(4.300054175251,0.592230653286,1.9));
#4406 = CARTESIAN_POINT('',(4.068216770314,0.546115326429,1.9));
#4407 = PCURVE('',#3793,#4408);
#4408 = DEFINITIONAL_REPRESENTATION('',(#4409),#4413);
#4409 = B_SPLINE_CURVE_WITH_KNOTS('',2,(#4410,#4411,#4412),
  .UNSPECIFIED.,.F.,.F.,(3,3),(0.375,0.4375),.PIECEWISE_BEZIER_KNOTS.);
#4410 = CARTESIAN_POINT('',(0.662062436,0.108746669));
#4411 = CARTESIAN_POINT('',(0.623527346,9.2784912E-02));
#4412 = CARTESIAN_POINT('',(0.582618713,8.4647679E-02));
#4413 = ( GEOMETRIC_REPRESENTATION_CONTEXT(2) 
PARAMETRIC_REPRESENTATION_CONTEXT() REPRESENTATION_CONTEXT('2D SPACE',''
  ) );
#4414 = ORIENTED_EDGE('',*,*,#4415,.T.);
#4415 = EDGE_CURVE('',#4400,#4416,#4418,.T.);
#4416 = VERTEX_POINT('',#4417);
#4417 = CARTESIAN_POINT('',(3.6,0.499999999571,1.9));
#4418 = SURFACE_CURVE('',#4419,(#4423),.PCURVE_S1.);
#4419 = B_SPLINE_CURVE_WITH_KNOTS('',2,(#4420,#4421,#4422),
  .UNSPECIFIED.,.F.,.F.,(3,3),(0.4375,0.5),.PIECEWISE_BEZIER_KNOTS.);
#4420 = CARTESIAN_POINT('',(4.068216770314,0.546115326429,1.9));
#4421 = CARTESIAN_POINT('',(3.836379365376,0.499999999571,1.9));
#4422 = CARTESIAN_POINT('',(3.6,0.499999999571,1.9));
#4423 = PCURVE('',#3793,#4424);
#4424 = DEFINITIONAL_REPRESENTATION('',(#4425),#4429);
#4425 = B_SPLINE_CURVE_WITH_KNOTS('',2,(#4426,#4427,#4428),
  .UNSPECIFIED.,.F.,.F.,(3,3),(0.4375,0.5),.PIECEWISE_BEZIER_KNOTS.);
#4426 = CARTESIAN_POINT('',(0.582618713,8.4647679E-02));
#4427 = CARTESIAN_POINT('',(0.54171008,7.6510446E-02));
#4428 = CARTESIAN_POINT('',(0.5,7.6510446E-02));
#4429 = ( GEOMETRIC_REPRESENTATION_CONTEXT(2) 
PARAMETRIC_REPRESENTATION_CONTEXT() REPRESENTATION_CONTEXT('2D SPACE',''
  ) );
#4430 = ORIENTED_EDGE('',*,*,#4431,.T.);
#4431 = EDGE_CURVE('',#4416,#4432,#4434,.T.);
#4432 = VERTEX_POINT('',#4433);
#4433 = CARTESIAN_POINT('',(3.131783229686,0.546115326429,1.9));
#4434 = SURFACE_CURVE('',#4435,(#4439),.PCURVE_S1.);
#4435 = B_SPLINE_CURVE_WITH_KNOTS('',2,(#4436,#4437,#4438),
  .UNSPECIFIED.,.F.,.F.,(3,3),(0.5,0.5625),.PIECEWISE_BEZIER_KNOTS.);
#4436 = CARTESIAN_POINT('',(3.6,0.499999999571,1.9));
#4437 = CARTESIAN_POINT('',(3.363620634624,0.499999999571,1.9));
#4438 = CARTESIAN_POINT('',(3.131783229686,0.546115326429,1.9));
#4439 = PCURVE('',#3793,#4440);
#4440 = DEFINITIONAL_REPRESENTATION('',(#4441),#4445);
#4441 = B_SPLINE_CURVE_WITH_KNOTS('',2,(#4442,#4443,#4444),
  .UNSPECIFIED.,.F.,.F.,(3,3),(0.5,0.5625),.PIECEWISE_BEZIER_KNOTS.);
#4442 = CARTESIAN_POINT('',(0.5,7.6510446E-02));
#4443 = CARTESIAN_POINT('',(0.45828992,7.6510446E-02));
#4444 = CARTESIAN_POINT('',(0.417381287,8.4647679E-02));
#4445 = ( GEOMETRIC_REPRESENTATION_CONTEXT(2) 
PARAMETRIC_REPRESENTATION_CONTEXT() REPRESENTATION_CONTEXT('2D SPACE',''
  ) );
#4446 = ORIENTED_EDGE('',*,*,#4447,.T.);
#4447 = EDGE_CURVE('',#4432,#4448,#4450,.T.);
#4448 = VERTEX_POINT('',#4449);
#4449 = CARTESIAN_POINT('',(2.681559762701,0.682689122557,1.9));
#4450 = SURFACE_CURVE('',#4451,(#4455),.PCURVE_S1.);
#4451 = B_SPLINE_CURVE_WITH_KNOTS('',2,(#4452,#4453,#4454),
  .UNSPECIFIED.,.F.,.F.,(3,3),(0.5625,0.625),.PIECEWISE_BEZIER_KNOTS.);
#4452 = CARTESIAN_POINT('',(3.131783229686,0.546115326429,1.9));
#4453 = CARTESIAN_POINT('',(2.899945824749,0.592230653286,1.9));
#4454 = CARTESIAN_POINT('',(2.681559762701,0.682689122557,1.9));
#4455 = PCURVE('',#3793,#4456);
#4456 = DEFINITIONAL_REPRESENTATION('',(#4457),#4461);
#4457 = B_SPLINE_CURVE_WITH_KNOTS('',2,(#4458,#4459,#4460),
  .UNSPECIFIED.,.F.,.F.,(3,3),(0.5625,0.625),.PIECEWISE_BEZIER_KNOTS.);
#4458 = CARTESIAN_POINT('',(0.417381287,8.4647679E-02));
#4459 = CARTESIAN_POINT('',(0.376472654,9.2784912E-02));
#4460 = CARTESIAN_POINT('',(0.337937564,0.108746669));
#4461 = ( GEOMETRIC_REPRESENTATION_CONTEXT(2) 
PARAMETRIC_REPRESENTATION_CONTEXT() REPRESENTATION_CONTEXT('2D SPACE',''
  ) );
#4462 = ORIENTED_EDGE('',*,*,#4463,.T.);
#4463 = EDGE_CURVE('',#4448,#4464,#4466,.T.);
#4464 = VERTEX_POINT('',#4465);
#4465 = CARTESIAN_POINT('',(2.266631441632,0.904472931696,1.9));
#4466 = SURFACE_CURVE('',#4467,(#4471),.PCURVE_S1.);
#4467 = B_SPLINE_CURVE_WITH_KNOTS('',2,(#4468,#4469,#4470),
  .UNSPECIFIED.,.F.,.F.,(3,3),(0.625,0.6875),.PIECEWISE_BEZIER_KNOTS.);
#4468 = CARTESIAN_POINT('',(2.681559762701,0.682689122557,1.9));
#4469 = CARTESIAN_POINT('',(2.463173700653,0.773147591827,1.9));
#4470 = CARTESIAN_POINT('',(2.266631441632,0.904472931696,1.9));
#4471 = PCURVE('',#3793,#4472);
#4472 = DEFINITIONAL_REPRESENTATION('',(#4473),#4477);
#4473 = B_SPLINE_CURVE_WITH_KNOTS('',2,(#4474,#4475,#4476),
  .UNSPECIFIED.,.F.,.F.,(3,3),(0.625,0.6875),.PIECEWISE_BEZIER_KNOTS.);
#4474 = CARTESIAN_POINT('',(0.337937564,0.108746669));
#4475 = CARTESIAN_POINT('',(0.299402474,0.124708426));
#4476 = CARTESIAN_POINT('',(0.26472181,0.147881305));
#4477 = ( GEOMETRIC_REPRESENTATION_CONTEXT(2) 
PARAMETRIC_REPRESENTATION_CONTEXT() REPRESENTATION_CONTEXT('2D SPACE',''
  ) );
#4478 = ORIENTED_EDGE('',*,*,#4479,.T.);
#4479 = EDGE_CURVE('',#4464,#4480,#4482,.T.);
#4480 = VERTEX_POINT('',#4481);
#4481 = CARTESIAN_POINT('',(1.902943727088,1.202943727088,1.9));
#4482 = SURFACE_CURVE('',#4483,(#4487),.PCURVE_S1.);
#4483 = B_SPLINE_CURVE_WITH_KNOTS('',2,(#4484,#4485,#4486),
  .UNSPECIFIED.,.F.,.F.,(3,3),(0.6875,0.75),.PIECEWISE_BEZIER_KNOTS.);
#4484 = CARTESIAN_POINT('',(2.266631441632,0.904472931696,1.9));
#4485 = CARTESIAN_POINT('',(2.070089176944,1.035798271565,1.9));
#4486 = CARTESIAN_POINT('',(1.902943727088,1.202943727088,1.9));
#4487 = PCURVE('',#3793,#4488);
#4488 = DEFINITIONAL_REPRESENTATION('',(#4489),#4493);
#4489 = B_SPLINE_CURVE_WITH_KNOTS('',2,(#4490,#4491,#4492),
  .UNSPECIFIED.,.F.,.F.,(3,3),(0.6875,0.75),.PIECEWISE_BEZIER_KNOTS.);
#4490 = CARTESIAN_POINT('',(0.26472181,0.147881305));
#4491 = CARTESIAN_POINT('',(0.230041145,0.171054184));
#4492 = CARTESIAN_POINT('',(0.200547665,0.200547665));
#4493 = ( GEOMETRIC_REPRESENTATION_CONTEXT(2) 
PARAMETRIC_REPRESENTATION_CONTEXT() REPRESENTATION_CONTEXT('2D SPACE',''
  ) );
#4494 = ORIENTED_EDGE('',*,*,#4495,.T.);
#4495 = EDGE_CURVE('',#4480,#4496,#4498,.T.);
#4496 = VERTEX_POINT('',#4497);
#4497 = CARTESIAN_POINT('',(1.604472931696,1.566631441632,1.9));
#4498 = SURFACE_CURVE('',#4499,(#4503),.PCURVE_S1.);
#4499 = B_SPLINE_CURVE_WITH_KNOTS('',2,(#4500,#4501,#4502),
  .UNSPECIFIED.,.F.,.F.,(3,3),(0.75,0.8125),.PIECEWISE_BEZIER_KNOTS.);
#4500 = CARTESIAN_POINT('',(1.902943727088,1.202943727088,1.9));
#4501 = CARTESIAN_POINT('',(1.735798271565,1.370089176944,1.9));
#4502 = CARTESIAN_POINT('',(1.604472931696,1.566631441632,1.9));
#4503 = PCURVE('',#3793,#4504);
#4504 = DEFINITIONAL_REPRESENTATION('',(#4505),#4509);
#4505 = B_SPLINE_CURVE_WITH_KNOTS('',2,(#4506,#4507,#4508),
  .UNSPECIFIED.,.F.,.F.,(3,3),(0.75,0.8125),.PIECEWISE_BEZIER_KNOTS.);
#4506 = CARTESIAN_POINT('',(0.200547665,0.200547665));
#4507 = CARTESIAN_POINT('',(0.171054184,0.230041145));
#4508 = CARTESIAN_POINT('',(0.147881305,0.26472181));
#4509 = ( GEOMETRIC_REPRESENTATION_CONTEXT(2) 
PARAMETRIC_REPRESENTATION_CONTEXT() REPRESENTATION_CONTEXT('2D SPACE',''
  ) );
#4510 = ORIENTED_EDGE('',*,*,#4511,.T.);
#4511 = EDGE_CURVE('',#4496,#4512,#4514,.T.);
#4512 = VERTEX_POINT('',#4513);
#4513 = CARTESIAN_POINT('',(1.382689122557,1.981559762701,1.9));
#4514 = SURFACE_CURVE('',#4515,(#4519),.PCURVE_S1.);
#4515 = B_SPLINE_CURVE_WITH_KNOTS('',2,(#4516,#4517,#4518),
  .UNSPECIFIED.,.F.,.F.,(3,3),(0.8125,0.875),.PIECEWISE_BEZIER_KNOTS.);
#4516 = CARTESIAN_POINT('',(1.604472931696,1.566631441632,1.9));
#4517 = CARTESIAN_POINT('',(1.473147591827,1.763173700653,1.9));
#4518 = CARTESIAN_POINT('',(1.382689122557,1.981559762701,1.9));
#4519 = PCURVE('',#3793,#4520);
#4520 = DEFINITIONAL_REPRESENTATION('',(#4521),#4525);
#4521 = B_SPLINE_CURVE_WITH_KNOTS('',2,(#4522,#4523,#4524),
  .UNSPECIFIED.,.F.,.F.,(3,3),(0.8125,0.875),.PIECEWISE_BEZIER_KNOTS.);
#4522 = CARTESIAN_POINT('',(0.147881305,0.26472181));
#4523 = CARTESIAN_POINT('',(0.124708426,0.299402474));
#4524 = CARTESIAN_POINT('',(0.108746669,0.337937564));
#4525 = ( GEOMETRIC_REPRESENTATION_CONTEXT(2) 
PARAMETRIC_REPRESENTATION_CONTEXT() REPRESENTATION_CONTEXT('2D SPACE',''
  ) );
#4526 = ORIENTED_EDGE('',*,*,#4527,.T.);
#4527 = EDGE_CURVE('',#4512,#4528,#4530,.T.);
#4528 = VERTEX_POINT('',#4529);
#4529 = CARTESIAN_POINT('',(1.246115326429,2.431783229686,1.9));
#4530 = SURFACE_CURVE('',#4531,(#4535),.PCURVE_S1.);
#4531 = B_SPLINE_CURVE_WITH_KNOTS('',2,(#4532,#4533,#4534),
  .UNSPECIFIED.,.F.,.F.,(3,3),(0.875,0.9375),.PIECEWISE_BEZIER_KNOTS.);
#4532 = CARTESIAN_POINT('',(1.382689122557,1.981559762701,1.9));
#4533 = CARTESIAN_POINT('',(1.292230653286,2.199945824749,1.9));
#4534 = CARTESIAN_POINT('',(1.246115326429,2.431783229686,1.9));
#4535 = PCURVE('',#3793,#4536);
#4536 = DEFINITIONAL_REPRESENTATION('',(#4537),#4541);
#4537 = B_SPLINE_CURVE_WITH_KNOTS('',2,(#4538,#4539,#4540),
  .UNSPECIFIED.,.F.,.F.,(3,3),(0.875,0.9375),.PIECEWISE_BEZIER_KNOTS.);
#4538 = CARTESIAN_POINT('',(0.108746669,0.337937564));
#4539 = CARTESIAN_POINT('',(9.2784912E-02,0.376472654));
#4540 = CARTESIAN_POINT('',(8.4647679E-02,0.417381287));
#4541 = ( GEOMETRIC_REPRESENTATION_CONTEXT(2) 
PARAMETRIC_REPRESENTATION_CONTEXT() REPRESENTATION_CONTEXT('2D SPACE',''
  ) );
#4542 = ORIENTED_EDGE('',*,*,#4543,.T.);
#4543 = EDGE_CURVE('',#4528,#4544,#4546,.T.);
#4544 = VERTEX_POINT('',#4545);
#4545 = CARTESIAN_POINT('',(1.199999999571,2.9,1.9));
#4546 = SURFACE_CURVE('',#4547,(#4551),.PCURVE_S1.);
#4547 = B_SPLINE_CURVE_WITH_KNOTS('',2,(#4548,#4549,#4550),
  .UNSPECIFIED.,.F.,.F.,(3,3),(0.9375,1.),.PIECEWISE_BEZIER_KNOTS.);
#4548 = CARTESIAN_POINT('',(1.246115326429,2.431783229686,1.9));
#4549 = CARTESIAN_POINT('',(1.199999999571,2.663620634624,1.9));
#4550 = CARTESIAN_POINT('',(1.199999999571,2.9,1.9));
#4551 = PCURVE('',#3793,#4552);
#4552 = DEFINITIONAL_REPRESENTATION('',(#4553),#4557);
#4553 = B_SPLINE_CURVE_WITH_KNOTS('',2,(#4554,#4555,#4556),
  .UNSPECIFIED.,.F.,.F.,(3,3),(0.9375,1.),.PIECEWISE_BEZIER_KNOTS.);
#4554 = CARTESIAN_POINT('',(8.4647679E-02,0.417381287));
#4555 = CARTESIAN_POINT('',(7.6510446E-02,0.45828992));
#4556 = CARTESIAN_POINT('',(7.6510446E-02,0.5));
#4557 = ( GEOMETRIC_REPRESENTATION_CONTEXT(2) 
PARAMETRIC_REPRESENTATION_CONTEXT() REPRESENTATION_CONTEXT('2D SPACE',''
  ) );
#4558 = ORIENTED_EDGE('',*,*,#4559,.T.);
#4559 = EDGE_CURVE('',#4544,#4560,#4562,.T.);
#4560 = VERTEX_POINT('',#4561);
#4561 = CARTESIAN_POINT('',(1.246115326429,3.368216770314,1.9));
#4562 = SURFACE_CURVE('',#4563,(#4567),.PCURVE_S1.);
#4563 = B_SPLINE_CURVE_WITH_KNOTS('',2,(#4564,#4565,#4566),
  .UNSPECIFIED.,.F.,.F.,(3,3),(0.,6.25E-02),.PIECEWISE_BEZIER_KNOTS.);
#4564 = CARTESIAN_POINT('',(1.199999999571,2.9,1.9));
#4565 = CARTESIAN_POINT('',(1.199999999571,3.136379365376,1.9));
#4566 = CARTESIAN_POINT('',(1.246115326429,3.368216770314,1.9));
#4567 = PCURVE('',#3793,#4568);
#4568 = DEFINITIONAL_REPRESENTATION('',(#4569),#4573);
#4569 = B_SPLINE_CURVE_WITH_KNOTS('',2,(#4570,#4571,#4572),
  .UNSPECIFIED.,.F.,.F.,(3,3),(0.,6.25E-02),.PIECEWISE_BEZIER_KNOTS.);
#4570 = CARTESIAN_POINT('',(7.6510446E-02,0.5));
#4571 = CARTESIAN_POINT('',(7.6510446E-02,0.54171008));
#4572 = CARTESIAN_POINT('',(8.4647679E-02,0.582618713));
#4573 = ( GEOMETRIC_REPRESENTATION_CONTEXT(2) 
PARAMETRIC_REPRESENTATION_CONTEXT() REPRESENTATION_CONTEXT('2D SPACE',''
  ) );
#4574 = ORIENTED_EDGE('',*,*,#4575,.T.);
#4575 = EDGE_CURVE('',#4560,#4576,#4578,.T.);
#4576 = VERTEX_POINT('',#4577);
#4577 = CARTESIAN_POINT('',(1.382689122557,3.818440237299,1.9));
#4578 = SURFACE_CURVE('',#4579,(#4583),.PCURVE_S1.);
#4579 = B_SPLINE_CURVE_WITH_KNOTS('',2,(#4580,#4581,#4582),
  .UNSPECIFIED.,.F.,.F.,(3,3),(6.25E-02,0.125),
  .PIECEWISE_BEZIER_KNOTS.);
#4580 = CARTESIAN_POINT('',(1.246115326429,3.368216770314,1.9));
#4581 = CARTESIAN_POINT('',(1.292230653286,3.600054175251,1.9));
#4582 = CARTESIAN_POINT('',(1.382689122557,3.818440237299,1.9));
#4583 = PCURVE('',#3793,#4584);
#4584 = DEFINITIONAL_REPRESENTATION('',(#4585),#4589);
#4585 = B_SPLINE_CURVE_WITH_KNOTS('',2,(#4586,#4587,#4588),
  .UNSPECIFIED.,.F.,.F.,(3,3),(6.25E-02,0.125),
  .PIECEWISE_BEZIER_KNOTS.);
#4586 = CARTESIAN_POINT('',(8.4647679E-02,0.582618713));
#4587 = CARTESIAN_POINT('',(9.2784912E-02,0.623527346));
#4588 = CARTESIAN_POINT('',(0.108746669,0.662062436));
#4589 = ( GEOMETRIC_REPRESENTATION_CONTEXT(2) 
PARAMETRIC_REPRESENTATION_CONTEXT() REPRESENTATION_CONTEXT('2D SPACE',''
  ) );
#4590 = ORIENTED_EDGE('',*,*,#4591,.T.);
#4591 = EDGE_CURVE('',#4576,#4592,#4594,.T.);
#4592 = VERTEX_POINT('',#4593);
#4593 = CARTESIAN_POINT('',(1.604472931696,4.233368558368,1.9));
#4594 = SURFACE_CURVE('',#4595,(#4599),.PCURVE_S1.);
#4595 = B_SPLINE_CURVE_WITH_KNOTS('',2,(#4596,#4597,#4598),
  .UNSPECIFIED.,.F.,.F.,(3,3),(0.125,0.1875),.PIECEWISE_BEZIER_KNOTS.);
#4596 = CARTESIAN_POINT('',(1.382689122557,3.818440237299,1.9));
#4597 = CARTESIAN_POINT('',(1.473147591827,4.036826299347,1.9));
#4598 = CARTESIAN_POINT('',(1.604472931696,4.233368558368,1.9));
#4599 = PCURVE('',#3793,#4600);
#4600 = DEFINITIONAL_REPRESENTATION('',(#4601),#4605);
#4601 = B_SPLINE_CURVE_WITH_KNOTS('',2,(#4602,#4603,#4604),
  .UNSPECIFIED.,.F.,.F.,(3,3),(0.125,0.1875),.PIECEWISE_BEZIER_KNOTS.);
#4602 = CARTESIAN_POINT('',(0.108746669,0.662062436));
#4603 = CARTESIAN_POINT('',(0.124708426,0.700597526));
#4604 = CARTESIAN_POINT('',(0.147881305,0.73527819));
#4605 = ( GEOMETRIC_REPRESENTATION_CONTEXT(2) 
PARAMETRIC_REPRESENTATION_CONTEXT() REPRESENTATION_CONTEXT('2D SPACE',''
  ) );
#4606 = ORIENTED_EDGE('',*,*,#4607,.T.);
#4607 = EDGE_CURVE('',#4592,#4608,#4610,.T.);
#4608 = VERTEX_POINT('',#4609);
#4609 = CARTESIAN_POINT('',(1.902943727088,4.597056272912,1.9));
#4610 = SURFACE_CURVE('',#4611,(#4615),.PCURVE_S1.);
#4611 = B_SPLINE_CURVE_WITH_KNOTS('',2,(#4612,#4613,#4614),
  .UNSPECIFIED.,.F.,.F.,(3,3),(0.1875,0.25),.PIECEWISE_BEZIER_KNOTS.);
#4612 = CARTESIAN_POINT('',(1.604472931696,4.233368558368,1.9));
#4613 = CARTESIAN_POINT('',(1.735798271565,4.429910823056,1.9));
#4614 = CARTESIAN_POINT('',(1.902943727088,4.597056272912,1.9));
#4615 = PCURVE('',#3793,#4616);
#4616 = DEFINITIONAL_REPRESENTATION('',(#4617),#4621);
#4617 = B_SPLINE_CURVE_WITH_KNOTS('',2,(#4618,#4619,#4620),
  .UNSPECIFIED.,.F.,.F.,(3,3),(0.1875,0.25),.PIECEWISE_BEZIER_KNOTS.);
#4618 = CARTESIAN_POINT('',(0.147881305,0.73527819));
#4619 = CARTESIAN_POINT('',(0.171054184,0.769958855));
#4620 = CARTESIAN_POINT('',(0.200547665,0.799452335));
#4621 = ( GEOMETRIC_REPRESENTATION_CONTEXT(2) 
PARAMETRIC_REPRESENTATION_CONTEXT() REPRESENTATION_CONTEXT('2D SPACE',''
  ) );
#4622 = ORIENTED_EDGE('',*,*,#4623,.T.);
#4623 = EDGE_CURVE('',#4608,#4624,#4626,.T.);
#4624 = VERTEX_POINT('',#4625);
#4625 = CARTESIAN_POINT('',(2.266631441632,4.895527068304,1.9));
#4626 = SURFACE_CURVE('',#4627,(#4631),.PCURVE_S1.);
#4627 = B_SPLINE_CURVE_WITH_KNOTS('',2,(#4628,#4629,#4630),
  .UNSPECIFIED.,.F.,.F.,(3,3),(0.25,0.3125),.PIECEWISE_BEZIER_KNOTS.);
#4628 = CARTESIAN_POINT('',(1.902943727088,4.597056272912,1.9));
#4629 = CARTESIAN_POINT('',(2.070089176944,4.764201728435,1.9));
#4630 = CARTESIAN_POINT('',(2.266631441632,4.895527068304,1.9));
#4631 = PCURVE('',#3793,#4632);
#4632 = DEFINITIONAL_REPRESENTATION('',(#4633),#4637);
#4633 = B_SPLINE_CURVE_WITH_KNOTS('',2,(#4634,#4635,#4636),
  .UNSPECIFIED.,.F.,.F.,(3,3),(0.25,0.3125),.PIECEWISE_BEZIER_KNOTS.);
#4634 = CARTESIAN_POINT('',(0.200547665,0.799452335));
#4635 = CARTESIAN_POINT('',(0.230041145,0.828945816));
#4636 = CARTESIAN_POINT('',(0.26472181,0.852118695));
#4637 = ( GEOMETRIC_REPRESENTATION_CONTEXT(2) 
PARAMETRIC_REPRESENTATION_CONTEXT() REPRESENTATION_CONTEXT('2D SPACE',''
  ) );
#4638 = ORIENTED_EDGE('',*,*,#4639,.T.);
#4639 = EDGE_CURVE('',#4624,#4640,#4642,.T.);
#4640 = VERTEX_POINT('',#4641);
#4641 = CARTESIAN_POINT('',(2.681559762701,5.117310877443,1.9));
#4642 = SURFACE_CURVE('',#4643,(#4647),.PCURVE_S1.);
#4643 = B_SPLINE_CURVE_WITH_KNOTS('',2,(#4644,#4645,#4646),
  .UNSPECIFIED.,.F.,.F.,(3,3),(0.3125,0.375),.PIECEWISE_BEZIER_KNOTS.);
#4644 = CARTESIAN_POINT('',(2.266631441632,4.895527068304,1.9));
#4645 = CARTESIAN_POINT('',(2.463173700653,5.026852408173,1.9));
#4646 = CARTESIAN_POINT('',(2.681559762701,5.117310877443,1.9));
#4647 = PCURVE('',#3793,#4648);
#4648 = DEFINITIONAL_REPRESENTATION('',(#4649),#4653);
#4649 = B_SPLINE_CURVE_WITH_KNOTS('',2,(#4650,#4651,#4652),
  .UNSPECIFIED.,.F.,.F.,(3,3),(0.3125,0.375),.PIECEWISE_BEZIER_KNOTS.);
#4650 = CARTESIAN_POINT('',(0.26472181,0.852118695));
#4651 = CARTESIAN_POINT('',(0.299402474,0.875291574));
#4652 = CARTESIAN_POINT('',(0.337937564,0.891253331));
#4653 = ( GEOMETRIC_REPRESENTATION_CONTEXT(2) 
PARAMETRIC_REPRESENTATION_CONTEXT() REPRESENTATION_CONTEXT('2D SPACE',''
  ) );
#4654 = ORIENTED_EDGE('',*,*,#4655,.T.);
#4655 = EDGE_CURVE('',#4640,#4656,#4658,.T.);
#4656 = VERTEX_POINT('',#4657);
#4657 = CARTESIAN_POINT('',(3.131783229686,5.253884673571,1.9));
#4658 = SURFACE_CURVE('',#4659,(#4663),.PCURVE_S1.);
#4659 = B_SPLINE_CURVE_WITH_KNOTS('',2,(#4660,#4661,#4662),
  .UNSPECIFIED.,.F.,.F.,(3,3),(0.375,0.4375),.PIECEWISE_BEZIER_KNOTS.);
#4660 = CARTESIAN_POINT('',(2.681559762701,5.117310877443,1.9));
#4661 = CARTESIAN_POINT('',(2.899945824749,5.207769346714,1.9));
#4662 = CARTESIAN_POINT('',(3.131783229686,5.253884673571,1.9));
#4663 = PCURVE('',#3793,#4664);
#4664 = DEFINITIONAL_REPRESENTATION('',(#4665),#4669);
#4665 = B_SPLINE_CURVE_WITH_KNOTS('',2,(#4666,#4667,#4668),
  .UNSPECIFIED.,.F.,.F.,(3,3),(0.375,0.4375),.PIECEWISE_BEZIER_KNOTS.);
#4666 = CARTESIAN_POINT('',(0.337937564,0.891253331));
#4667 = CARTESIAN_POINT('',(0.376472654,0.907215088));
#4668 = CARTESIAN_POINT('',(0.417381287,0.915352321));
#4669 = ( GEOMETRIC_REPRESENTATION_CONTEXT(2) 
PARAMETRIC_REPRESENTATION_CONTEXT() REPRESENTATION_CONTEXT('2D SPACE',''
  ) );
#4670 = ORIENTED_EDGE('',*,*,#4671,.T.);
#4671 = EDGE_CURVE('',#4656,#4672,#4674,.T.);
#4672 = VERTEX_POINT('',#4673);
#4673 = CARTESIAN_POINT('',(3.6,5.300000000429,1.9));
#4674 = SURFACE_CURVE('',#4675,(#4679),.PCURVE_S1.);
#4675 = B_SPLINE_CURVE_WITH_KNOTS('',2,(#4676,#4677,#4678),
  .UNSPECIFIED.,.F.,.F.,(3,3),(0.4375,0.5),.PIECEWISE_BEZIER_KNOTS.);
#4676 = CARTESIAN_POINT('',(3.131783229686,5.253884673571,1.9));
#4677 = CARTESIAN_POINT('',(3.363620634624,5.300000000429,1.9));
#4678 = CARTESIAN_POINT('',(3.6,5.300000000429,1.9));
#4679 = PCURVE('',#3793,#4680);
#4680 = DEFINITIONAL_REPRESENTATION('',(#4681),#4685);
#4681 = B_SPLINE_CURVE_WITH_KNOTS('',2,(#4682,#4683,#4684),
  .UNSPECIFIED.,.F.,.F.,(3,3),(0.4375,0.5),.PIECEWISE_BEZIER_KNOTS.);
#4682 = CARTESIAN_POINT('',(0.417381287,0.915352321));
#4683 = CARTESIAN_POINT('',(0.45828992,0.923489554));
#4684 = CARTESIAN_POINT('',(0.5,0.923489554));
#4685 = ( GEOMETRIC_REPRESENTATION_CONTEXT(2) 
PARAMETRIC_REPRESENTATION_CONTEXT() REPRESENTATION_CONTEXT('2D SPACE',''
  ) );
#4686 = ORIENTED_EDGE('',*,*,#4687,.T.);
#4687 = EDGE_CURVE('',#4672,#4688,#4690,.T.);
#4688 = VERTEX_POINT('',#4689);
#4689 = CARTESIAN_POINT('',(4.068216770314,5.253884673571,1.9));
#4690 = SURFACE_CURVE('',#4691,(#4695),.PCURVE_S1.);
#4691 = B_SPLINE_CURVE_WITH_KNOTS('',2,(#4692,#4693,#4694),
  .UNSPECIFIED.,.F.,.F.,(3,3),(0.5,0.5625),.PIECEWISE_BEZIER_KNOTS.);
#4692 = CARTESIAN_POINT('',(3.6,5.300000000429,1.9));
#4693 = CARTESIAN_POINT('',(3.836379365376,5.300000000429,1.9));
#4694 = CARTESIAN_POINT('',(4.068216770314,5.253884673571,1.9));
#4695 = PCURVE('',#3793,#4696);
#4696 = DEFINITIONAL_REPRESENTATION('',(#4697),#4701);
#4697 = B_SPLINE_CURVE_WITH_KNOTS('',2,(#4698,#4699,#4700),
  .UNSPECIFIED.,.F.,.F.,(3,3),(0.5,0.5625),.PIECEWISE_BEZIER_KNOTS.);
#4698 = CARTESIAN_POINT('',(0.5,0.923489554));
#4699 = CARTESIAN_POINT('',(0.54171008,0.923489554));
#4700 = CARTESIAN_POINT('',(0.582618713,0.915352321));
#4701 = ( GEOMETRIC_REPRESENTATION_CONTEXT(2) 
PARAMETRIC_REPRESENTATION_CONTEXT() REPRESENTATION_CONTEXT('2D SPACE',''
  ) );
#4702 = ORIENTED_EDGE('',*,*,#4703,.T.);
#4703 = EDGE_CURVE('',#4688,#4704,#4706,.T.);
#4704 = VERTEX_POINT('',#4705);
#4705 = CARTESIAN_POINT('',(4.518440237299,5.117310877443,1.9));
#4706 = SURFACE_CURVE('',#4707,(#4711),.PCURVE_S1.);
#4707 = B_SPLINE_CURVE_WITH_KNOTS('',2,(#4708,#4709,#4710),
  .UNSPECIFIED.,.F.,.F.,(3,3),(0.5625,0.625),.PIECEWISE_BEZIER_KNOTS.);
#4708 = CARTESIAN_POINT('',(4.068216770314,5.253884673571,1.9));
#4709 = CARTESIAN_POINT('',(4.300054175251,5.207769346714,1.9));
#4710 = CARTESIAN_POINT('',(4.518440237299,5.117310877443,1.9));
#4711 = PCURVE('',#3793,#4712);
#4712 = DEFINITIONAL_REPRESENTATION('',(#4713),#4717);
#4713 = B_SPLINE_CURVE_WITH_KNOTS('',2,(#4714,#4715,#4716),
  .UNSPECIFIED.,.F.,.F.,(3,3),(0.5625,0.625),.PIECEWISE_BEZIER_KNOTS.);
#4714 = CARTESIAN_POINT('',(0.582618713,0.915352321));
#4715 = CARTESIAN_POINT('',(0.623527346,0.907215088));
#4716 = CARTESIAN_POINT('',(0.662062436,0.891253331));
#4717 = ( GEOMETRIC_REPRESENTATION_CONTEXT(2) 
PARAMETRIC_REPRESENTATION_CONTEXT() REPRESENTATION_CONTEXT('2D SPACE',''
  ) );
#4718 = ORIENTED_EDGE('',*,*,#4719,.T.);
#4719 = EDGE_CURVE('',#4704,#4720,#4722,.T.);
#4720 = VERTEX_POINT('',#4721);
#4721 = CARTESIAN_POINT('',(4.933368558368,4.895527068304,1.9));
#4722 = SURFACE_CURVE('',#4723,(#4727),.PCURVE_S1.);
#4723 = B_SPLINE_CURVE_WITH_KNOTS('',2,(#4724,#4725,#4726),
  .UNSPECIFIED.,.F.,.F.,(3,3),(0.625,0.6875),.PIECEWISE_BEZIER_KNOTS.);
#4724 = CARTESIAN_POINT('',(4.518440237299,5.117310877443,1.9));
#4725 = CARTESIAN_POINT('',(4.736826299347,5.026852408173,1.9));
#4726 = CARTESIAN_POINT('',(4.933368558368,4.895527068304,1.9));
#4727 = PCURVE('',#3793,#4728);
#4728 = DEFINITIONAL_REPRESENTATION('',(#4729),#4733);
#4729 = B_SPLINE_CURVE_WITH_KNOTS('',2,(#4730,#4731,#4732),
  .UNSPECIFIED.,.F.,.F.,(3,3),(0.625,0.6875),.PIECEWISE_BEZIER_KNOTS.);
#4730 = CARTESIAN_POINT('',(0.662062436,0.891253331));
#4731 = CARTESIAN_POINT('',(0.700597526,0.875291574));
#4732 = CARTESIAN_POINT('',(0.73527819,0.852118695));
#4733 = ( GEOMETRIC_REPRESENTATION_CONTEXT(2) 
PARAMETRIC_REPRESENTATION_CONTEXT() REPRESENTATION_CONTEXT('2D SPACE',''
  ) );
#4734 = ORIENTED_EDGE('',*,*,#4735,.T.);
#4735 = EDGE_CURVE('',#4720,#4736,#4738,.T.);
#4736 = VERTEX_POINT('',#4737);
#4737 = CARTESIAN_POINT('',(5.297056272912,4.597056272912,1.9));
#4738 = SURFACE_CURVE('',#4739,(#4743),.PCURVE_S1.);
#4739 = B_SPLINE_CURVE_WITH_KNOTS('',2,(#4740,#4741,#4742),
  .UNSPECIFIED.,.F.,.F.,(3,3),(0.6875,0.75),.PIECEWISE_BEZIER_KNOTS.);
#4740 = CARTESIAN_POINT('',(4.933368558368,4.895527068304,1.9));
#4741 = CARTESIAN_POINT('',(5.129910823056,4.764201728435,1.9));
#4742 = CARTESIAN_POINT('',(5.297056272912,4.597056272912,1.9));
#4743 = PCURVE('',#3793,#4744);
#4744 = DEFINITIONAL_REPRESENTATION('',(#4745),#4749);
#4745 = B_SPLINE_CURVE_WITH_KNOTS('',2,(#4746,#4747,#4748),
  .UNSPECIFIED.,.F.,.F.,(3,3),(0.6875,0.75),.PIECEWISE_BEZIER_KNOTS.);
#4746 = CARTESIAN_POINT('',(0.73527819,0.852118695));
#4747 = CARTESIAN_POINT('',(0.769958855,0.828945816));
#4748 = CARTESIAN_POINT('',(0.799452335,0.799452335));
#4749 = ( GEOMETRIC_REPRESENTATION_CONTEXT(2) 
PARAMETRIC_REPRESENTATION_CONTEXT() REPRESENTATION_CONTEXT('2D SPACE',''
  ) );
#4750 = ORIENTED_EDGE('',*,*,#4751,.T.);
#4751 = EDGE_CURVE('',#4736,#4752,#4754,.T.);
#4752 = VERTEX_POINT('',#4753);
#4753 = CARTESIAN_POINT('',(5.595527068304,4.233368558368,1.9));
#4754 = SURFACE_CURVE('',#4755,(#4759),.PCURVE_S1.);
#4755 = B_SPLINE_CURVE_WITH_KNOTS('',2,(#4756,#4757,#4758),
  .UNSPECIFIED.,.F.,.F.,(3,3),(0.75,0.8125),.PIECEWISE_BEZIER_KNOTS.);
#4756 = CARTESIAN_POINT('',(5.297056272912,4.597056272912,1.9));
#4757 = CARTESIAN_POINT('',(5.464201728435,4.429910823056,1.9));
#4758 = CARTESIAN_POINT('',(5.595527068304,4.233368558368,1.9));
#4759 = PCURVE('',#3793,#4760);
#4760 = DEFINITIONAL_REPRESENTATION('',(#4761),#4765);
#4761 = B_SPLINE_CURVE_WITH_KNOTS('',2,(#4762,#4763,#4764),
  .UNSPECIFIED.,.F.,.F.,(3,3),(0.75,0.8125),.PIECEWISE_BEZIER_KNOTS.);
#4762 = CARTESIAN_POINT('',(0.799452335,0.799452335));
#4763 = CARTESIAN_POINT('',(0.828945816,0.769958855));
#4764 = CARTESIAN_POINT('',(0.852118695,0.73527819));
#4765 = ( GEOMETRIC_REPRESENTATION_CONTEXT(2) 
PARAMETRIC_REPRESENTATION_CONTEXT() REPRESENTATION_CONTEXT('2D SPACE',''
  ) );
#4766 = ORIENTED_EDGE('',*,*,#4767,.T.);
#4767 = EDGE_CURVE('',#4752,#4768,#4770,.T.);
#4768 = VERTEX_POINT('',#4769);
#4769 = CARTESIAN_POINT('',(5.817310877443,3.818440237299,1.9));
#4770 = SURFACE_CURVE('',#4771,(#4775),.PCURVE_S1.);
#4771 = B_SPLINE_CURVE_WITH_KNOTS('',2,(#4772,#4773,#4774),
  .UNSPECIFIED.,.F.,.F.,(3,3),(0.8125,0.875),.PIECEWISE_BEZIER_KNOTS.);
#4772 = CARTESIAN_POINT('',(5.595527068304,4.233368558368,1.9));
#4773 = CARTESIAN_POINT('',(5.726852408173,4.036826299347,1.9));
#4774 = CARTESIAN_POINT('',(5.817310877443,3.818440237299,1.9));
#4775 = PCURVE('',#3793,#4776);
#4776 = DEFINITIONAL_REPRESENTATION('',(#4777),#4781);
#4777 = B_SPLINE_CURVE_WITH_KNOTS('',2,(#4778,#4779,#4780),
  .UNSPECIFIED.,.F.,.F.,(3,3),(0.8125,0.875),.PIECEWISE_BEZIER_KNOTS.);
#4778 = CARTESIAN_POINT('',(0.852118695,0.73527819));
#4779 = CARTESIAN_POINT('',(0.875291574,0.700597526));
#4780 = CARTESIAN_POINT('',(0.891253331,0.662062436));
#4781 = ( GEOMETRIC_REPRESENTATION_CONTEXT(2) 
PARAMETRIC_REPRESENTATION_CONTEXT() REPRESENTATION_CONTEXT('2D SPACE',''
  ) );
#4782 = ORIENTED_EDGE('',*,*,#4783,.T.);
#4783 = EDGE_CURVE('',#4768,#4784,#4786,.T.);
#4784 = VERTEX_POINT('',#4785);
#4785 = CARTESIAN_POINT('',(5.953884673571,3.368216770314,1.9));
#4786 = SURFACE_CURVE('',#4787,(#4791),.PCURVE_S1.);
#4787 = B_SPLINE_CURVE_WITH_KNOTS('',2,(#4788,#4789,#4790),
  .UNSPECIFIED.,.F.,.F.,(3,3),(0.875,0.9375),.PIECEWISE_BEZIER_KNOTS.);
#4788 = CARTESIAN_POINT('',(5.817310877443,3.818440237299,1.9));
#4789 = CARTESIAN_POINT('',(5.907769346714,3.600054175251,1.9));
#4790 = CARTESIAN_POINT('',(5.953884673571,3.368216770314,1.9));
#4791 = PCURVE('',#3793,#4792);
#4792 = DEFINITIONAL_REPRESENTATION('',(#4793),#4797);
#4793 = B_SPLINE_CURVE_WITH_KNOTS('',2,(#4794,#4795,#4796),
  .UNSPECIFIED.,.F.,.F.,(3,3),(0.875,0.9375),.PIECEWISE_BEZIER_KNOTS.);
#4794 = CARTESIAN_POINT('',(0.891253331,0.662062436));
#4795 = CARTESIAN_POINT('',(0.907215088,0.623527346));
#4796 = CARTESIAN_POINT('',(0.915352321,0.582618713));
#4797 = ( GEOMETRIC_REPRESENTATION_CONTEXT(2) 
PARAMETRIC_REPRESENTATION_CONTEXT() REPRESENTATION_CONTEXT('2D SPACE',''
  ) );
#4798 = ORIENTED_EDGE('',*,*,#4799,.T.);
#4799 = EDGE_CURVE('',#4784,#4302,#4800,.T.);
#4800 = SURFACE_CURVE('',#4801,(#4805),.PCURVE_S1.);
#4801 = B_SPLINE_CURVE_WITH_KNOTS('',2,(#4802,#4803,#4804),
  .UNSPECIFIED.,.F.,.F.,(3,3),(0.9375,1.),.PIECEWISE_BEZIER_KNOTS.);
#4802 = CARTESIAN_POINT('',(5.953884673571,3.368216770314,1.9));
#4803 = CARTESIAN_POINT('',(6.000000000429,3.136379365376,1.9));
#4804 = CARTESIAN_POINT('',(6.000000000429,2.9,1.9));
#4805 = PCURVE('',#3793,#4806);
#4806 = DEFINITIONAL_REPRESENTATION('',(#4807),#4811);
#4807 = B_SPLINE_CURVE_WITH_KNOTS('',2,(#4808,#4809,#4810),
  .UNSPECIFIED.,.F.,.F.,(3,3),(0.9375,1.),.PIECEWISE_BEZIER_KNOTS.);
#4808 = CARTESIAN_POINT('',(0.915352321,0.582618713));
#4809 = CARTESIAN_POINT('',(0.923489554,0.54171008));
#4810 = CARTESIAN_POINT('',(0.923489554,0.5));
#4811 = ( GEOMETRIC_REPRESENTATION_CONTEXT(2) 
PARAMETRIC_REPRESENTATION_CONTEXT() REPRESENTATION_CONTEXT('2D SPACE',''
  ) );
#4812 = ( GEOMETRIC_REPRESENTATION_CONTEXT(3) 
GLOBAL_UNCERTAINTY_ASSIGNED_CONTEXT((#4816)) 
GLOBAL_UNIT_ASSIGNED_CONTEXT((#4813,#4814,#4815)) REPRESENTATION_CONTEXT
('Context #1','3D Context with UNIT and UNCERTAINTY') );
#4813 = ( LENGTH_UNIT() NAMED_UNIT(*) SI_UNIT(.MILLI.,.METRE.) );
#4814 = ( NAMED_UNIT(*) PLANE_ANGLE_UNIT() SI_UNIT($,.RADIAN.) );
#4815 = ( NAMED_UNIT(*) SI_UNIT($,.STERADIAN.) SOLID_ANGLE_UNIT() );
#4816 = UNCERTAINTY_MEASURE_WITH_UNIT(LENGTH_MEASURE(1.E-05),#4813,
  'distance_accuracy_value','confusion accuracy');
#4817 = SHAPE_DEFINITION_REPRESENTATION(#4818,#3775);
#4818 = PRODUCT_DEFINITION_SHAPE('','',#4819);
#4819 = PRODUCT_DEFINITION('design','',#4820,#4823);
#4820 = PRODUCT_DEFINITION_FORMATION('','',#4821);
#4821 = PRODUCT('eMachineShop.19',
  'eMachineShop.19','',(#4822));
#4822 = PRODUCT_CONTEXT('',#2,'mechanical');
#4823 = PRODUCT_DEFINITION_CONTEXT('part definition',#2,'design');
#4824 = CONTEXT_DEPENDENT_SHAPE_REPRESENTATION(#4825,#4827);
#4825 = ( REPRESENTATION_RELATIONSHIP('','',#3775,#10) 
REPRESENTATION_RELATIONSHIP_WITH_TRANSFORMATION(#4826) 
SHAPE_REPRESENTATION_RELATIONSHIP() );
#4826 = ITEM_DEFINED_TRANSFORMATION('','',#11,#87);
#4827 = PRODUCT_DEFINITION_SHAPE('Placement','Placement of an item',
  #4828);
#4828 = NEXT_ASSEMBLY_USAGE_OCCURRENCE('19','','',#5,#4819,$);
#4829 = PRODUCT_RELATED_PRODUCT_CATEGORY('part',$,(#4821));
#4830 = MANIFOLD_SURFACE_SHAPE_REPRESENTATION('',(#11,#4831),#4906);
#4831 = SHELL_BASED_SURFACE_MODEL('',(#4832));
#4832 = OPEN_SHELL('',(#4833));
#4833 = ADVANCED_FACE('',(#4834),#4848,.T.);
#4834 = FACE_BOUND('',#4835,.T.);
#4835 = EDGE_LOOP('',(#4836,#4861,#4877,#4892));
#4836 = ORIENTED_EDGE('',*,*,#4837,.F.);
#4837 = EDGE_CURVE('',#4838,#4840,#4842,.T.);
#4838 = VERTEX_POINT('',#4839);
#4839 = CARTESIAN_POINT('',(1.8,2.9,-12.1));
#4840 = VERTEX_POINT('',#4841);
#4841 = CARTESIAN_POINT('',(1.8,2.9,1.3));
#4842 = SURFACE_CURVE('',#4843,(#4847),.PCURVE_S1.);
#4843 = LINE('',#4844,#4845);
#4844 = CARTESIAN_POINT('',(1.8,2.9,-12.1));
#4845 = VECTOR('',#4846,1.);
#4846 = DIRECTION('',(0.,0.,1.));
#4847 = PCURVE('',#4848,#4856);
#4848 = SURFACE_OF_REVOLUTION('',#4849,#4853);
#4849 = LINE('',#4850,#4851);
#4850 = CARTESIAN_POINT('',(5.4,2.9,-12.1));
#4851 = VECTOR('',#4852,1.);
#4852 = DIRECTION('',(0.,0.,1.));
#4853 = AXIS1_PLACEMENT('',#4854,#4855);
#4854 = CARTESIAN_POINT('',(3.6,2.9,-12.1));
#4855 = DIRECTION('',(0.,0.,-1.));
#4856 = DEFINITIONAL_REPRESENTATION('',(#4857),#4860);
#4857 = B_SPLINE_CURVE_WITH_KNOTS('',1,(#4858,#4859),.UNSPECIFIED.,.F.,
  .F.,(2,2),(0.,13.4),.PIECEWISE_BEZIER_KNOTS.);
#4858 = CARTESIAN_POINT('',(3.14159265318,-9.347487573443E-15));
#4859 = CARTESIAN_POINT('',(3.14159265318,13.4));
#4860 = ( GEOMETRIC_REPRESENTATION_CONTEXT(2) 
PARAMETRIC_REPRESENTATION_CONTEXT() REPRESENTATION_CONTEXT('2D SPACE',''
  ) );
#4861 = ORIENTED_EDGE('',*,*,#4862,.F.);
#4862 = EDGE_CURVE('',#4863,#4838,#4865,.T.);
#4863 = VERTEX_POINT('',#4864);
#4864 = CARTESIAN_POINT('',(5.4,2.9,-12.1));
#4865 = SURFACE_CURVE('',#4866,(#4871),.PCURVE_S1.);
#4866 = CIRCLE('',#4867,1.8);
#4867 = AXIS2_PLACEMENT_3D('',#4868,#4869,#4870);
#4868 = CARTESIAN_POINT('',(3.6,2.9,-12.1));
#4869 = DIRECTION('',(0.,0.,1.));
#4870 = DIRECTION('',(1.,0.,-0.));
#4871 = PCURVE('',#4848,#4872);
#4872 = DEFINITIONAL_REPRESENTATION('',(#4873),#4876);
#4873 = B_SPLINE_CURVE_WITH_KNOTS('',1,(#4874,#4875),.UNSPECIFIED.,.F.,
  .F.,(2,2),(0.,3.14159265359),.PIECEWISE_BEZIER_KNOTS.);
#4874 = CARTESIAN_POINT('',(6.28318530718,-1.869497514933E-14));
#4875 = CARTESIAN_POINT('',(3.14159265318,-9.347487573443E-15));
#4876 = ( GEOMETRIC_REPRESENTATION_CONTEXT(2) 
PARAMETRIC_REPRESENTATION_CONTEXT() REPRESENTATION_CONTEXT('2D SPACE',''
  ) );
#4877 = ORIENTED_EDGE('',*,*,#4878,.F.);
#4878 = EDGE_CURVE('',#4879,#4863,#4881,.T.);
#4879 = VERTEX_POINT('',#4880);
#4880 = CARTESIAN_POINT('',(5.4,2.9,1.3));
#4881 = SURFACE_CURVE('',#4882,(#4886),.PCURVE_S1.);
#4882 = LINE('',#4883,#4884);
#4883 = CARTESIAN_POINT('',(5.4,2.9,1.3));
#4884 = VECTOR('',#4885,1.);
#4885 = DIRECTION('',(0.,0.,-1.));
#4886 = PCURVE('',#4848,#4887);
#4887 = DEFINITIONAL_REPRESENTATION('',(#4888),#4891);
#4888 = B_SPLINE_CURVE_WITH_KNOTS('',1,(#4889,#4890),.UNSPECIFIED.,.F.,
  .F.,(2,2),(0.,13.4),.PIECEWISE_BEZIER_KNOTS.);
#4889 = CARTESIAN_POINT('',(6.28318530718,13.4));
#4890 = CARTESIAN_POINT('',(6.28318530718,-1.869497514933E-14));
#4891 = ( GEOMETRIC_REPRESENTATION_CONTEXT(2) 
PARAMETRIC_REPRESENTATION_CONTEXT() REPRESENTATION_CONTEXT('2D SPACE',''
  ) );
#4892 = ORIENTED_EDGE('',*,*,#4893,.F.);
#4893 = EDGE_CURVE('',#4840,#4879,#4894,.T.);
#4894 = SURFACE_CURVE('',#4895,(#4900),.PCURVE_S1.);
#4895 = CIRCLE('',#4896,1.8);
#4896 = AXIS2_PLACEMENT_3D('',#4897,#4898,#4899);
#4897 = CARTESIAN_POINT('',(3.6,2.9,1.3));
#4898 = DIRECTION('',(0.,-6.982962677686E-15,-1.));
#4899 = DIRECTION('',(-1.,-6.982962677686E-15,4.876176775796E-29));
#4900 = PCURVE('',#4848,#4901);
#4901 = DEFINITIONAL_REPRESENTATION('',(#4902),#4905);
#4902 = B_SPLINE_CURVE_WITH_KNOTS('',1,(#4903,#4904),.UNSPECIFIED.,.F.,
  .F.,(2,2),(7.490830224085E-17,3.14159265359),
  .PIECEWISE_BEZIER_KNOTS.);
#4903 = CARTESIAN_POINT('',(3.14159265318,13.4));
#4904 = CARTESIAN_POINT('',(6.28318530718,13.4));
#4905 = ( GEOMETRIC_REPRESENTATION_CONTEXT(2) 
PARAMETRIC_REPRESENTATION_CONTEXT() REPRESENTATION_CONTEXT('2D SPACE',''
  ) );
#4906 = ( GEOMETRIC_REPRESENTATION_CONTEXT(3) 
GLOBAL_UNCERTAINTY_ASSIGNED_CONTEXT((#4910)) 
GLOBAL_UNIT_ASSIGNED_CONTEXT((#4907,#4908,#4909)) REPRESENTATION_CONTEXT
('Context #1','3D Context with UNIT and UNCERTAINTY') );
#4907 = ( LENGTH_UNIT() NAMED_UNIT(*) SI_UNIT(.MILLI.,.METRE.) );
#4908 = ( NAMED_UNIT(*) PLANE_ANGLE_UNIT() SI_UNIT($,.RADIAN.) );
#4909 = ( NAMED_UNIT(*) SI_UNIT($,.STERADIAN.) SOLID_ANGLE_UNIT() );
#4910 = UNCERTAINTY_MEASURE_WITH_UNIT(LENGTH_MEASURE(1.E-07),#4907,
  'distance_accuracy_value','confusion accuracy');
#4911 = SHAPE_DEFINITION_REPRESENTATION(#4912,#4830);
#4912 = PRODUCT_DEFINITION_SHAPE('','',#4913);
#4913 = PRODUCT_DEFINITION('design','',#4914,#4917);
#4914 = PRODUCT_DEFINITION_FORMATION('','',#4915);
#4915 = PRODUCT('eMachineShop.20',
  'eMachineShop.20','',(#4916));
#4916 = PRODUCT_CONTEXT('',#2,'mechanical');
#4917 = PRODUCT_DEFINITION_CONTEXT('part definition',#2,'design');
#4918 = CONTEXT_DEPENDENT_SHAPE_REPRESENTATION(#4919,#4921);
#4919 = ( REPRESENTATION_RELATIONSHIP('','',#4830,#10) 
REPRESENTATION_RELATIONSHIP_WITH_TRANSFORMATION(#4920) 
SHAPE_REPRESENTATION_RELATIONSHIP() );
#4920 = ITEM_DEFINED_TRANSFORMATION('','',#11,#91);
#4921 = PRODUCT_DEFINITION_SHAPE('Placement','Placement of an item',
  #4922);
#4922 = NEXT_ASSEMBLY_USAGE_OCCURRENCE('20','','',#5,#4913,$);
#4923 = PRODUCT_RELATED_PRODUCT_CATEGORY('part',$,(#4915));
#4924 = MANIFOLD_SURFACE_SHAPE_REPRESENTATION('',(#11,#4925),#5011);
#4925 = SHELL_BASED_SURFACE_MODEL('',(#4926));
#4926 = OPEN_SHELL('',(#4927));
#4927 = ADVANCED_FACE('',(#4928),#4943,.T.);
#4928 = FACE_BOUND('',#4929,.T.);
#4929 = EDGE_LOOP('',(#4930,#4965,#4981,#4997));
#4930 = ORIENTED_EDGE('',*,*,#4931,.T.);
#4931 = EDGE_CURVE('',#4932,#4934,#4936,.T.);
#4932 = VERTEX_POINT('',#4933);
#4933 = CARTESIAN_POINT('',(0.8,2.9,1.9));
#4934 = VERTEX_POINT('',#4935);
#4935 = CARTESIAN_POINT('',(0.6,2.9,1.7));
#4936 = SURFACE_CURVE('',#4937,(#4942),.PCURVE_S1.);
#4937 = CIRCLE('',#4938,0.2);
#4938 = AXIS2_PLACEMENT_3D('',#4939,#4940,#4941);
#4939 = CARTESIAN_POINT('',(0.8,2.9,1.7));
#4940 = DIRECTION('',(-1.224646799147E-16,-1.,6.123233995737E-17));
#4941 = DIRECTION('',(-6.123233995737E-17,6.123233995737E-17,1.));
#4942 = PCURVE('',#4943,#4960);
#4943 = ( BOUNDED_SURFACE() B_SPLINE_SURFACE(3,3,(
    (#4944,#4945,#4946,#4947)
    ,(#4948,#4949,#4950,#4951)
    ,(#4952,#4953,#4954,#4955)
    ,(#4956,#4957,#4958,#4959
)),.UNSPECIFIED.,.F.,.F.,.F.) B_SPLINE_SURFACE_WITH_KNOTS((4,4),(4,4),(
    0.,1.),(0.,1.),.PIECEWISE_BEZIER_KNOTS.) 
GEOMETRIC_REPRESENTATION_ITEM() RATIONAL_B_SPLINE_SURFACE((
    (1.,0.333333333333,0.333333333333,1.)
    ,(0.755320871118,0.251773623706,0.251773623706,0.755320871118)
    ,(0.755320871118,0.251773623706,0.251773623706,0.755320871118)
,(1.,0.333333333333,0.333333333333,1.
))) REPRESENTATION_ITEM('') SURFACE() );
#4944 = CARTESIAN_POINT('',(0.819966683,2.9,1.899000833));
#4945 = CARTESIAN_POINT('',(0.819966683,-2.660066633,1.899000833));
#4946 = CARTESIAN_POINT('',(6.380033317,-2.660066633,1.899000833));
#4947 = CARTESIAN_POINT('',(6.380033317,2.9,1.899000833));
#4948 = CARTESIAN_POINT('',(0.683989247,2.9,1.912644085));
#4949 = CARTESIAN_POINT('',(0.683989247,-2.932021506,1.912644085));
#4950 = CARTESIAN_POINT('',(6.516010753,-2.932021506,1.912644085));
#4951 = CARTESIAN_POINT('',(6.516010753,2.9,1.912644085));
#4952 = CARTESIAN_POINT('',(0.587355915,2.9,1.816010753));
#4953 = CARTESIAN_POINT('',(0.587355915,-3.125288169,1.816010753));
#4954 = CARTESIAN_POINT('',(6.612644085,-3.125288169,1.816010753));
#4955 = CARTESIAN_POINT('',(6.612644085,2.9,1.816010753));
#4956 = CARTESIAN_POINT('',(0.600999167,2.9,1.680033317));
#4957 = CARTESIAN_POINT('',(0.600999167,-3.098001666,1.680033317));
#4958 = CARTESIAN_POINT('',(6.599000833,-3.098001666,1.680033317));
#4959 = CARTESIAN_POINT('',(6.599000833,2.9,1.680033317));
#4960 = DEFINITIONAL_REPRESENTATION('',(#4961),#4964);
#4961 = B_SPLINE_CURVE_WITH_KNOTS('',1,(#4962,#4963),.UNSPECIFIED.,.F.,
  .F.,(2,2),(0.,1.570796326795),.PIECEWISE_BEZIER_KNOTS.);
#4962 = CARTESIAN_POINT('',(6.3141457E-02,0.));
#4963 = CARTESIAN_POINT('',(0.936858543,0.));
#4964 = ( GEOMETRIC_REPRESENTATION_CONTEXT(2) 
PARAMETRIC_REPRESENTATION_CONTEXT() REPRESENTATION_CONTEXT('2D SPACE',''
  ) );
#4965 = ORIENTED_EDGE('',*,*,#4966,.T.);
#4966 = EDGE_CURVE('',#4934,#4967,#4969,.T.);
#4967 = VERTEX_POINT('',#4968);
#4968 = CARTESIAN_POINT('',(6.6,2.9,1.7));
#4969 = SURFACE_CURVE('',#4970,(#4975),.PCURVE_S1.);
#4970 = CIRCLE('',#4971,3.);
#4971 = AXIS2_PLACEMENT_3D('',#4972,#4973,#4974);
#4972 = CARTESIAN_POINT('',(3.6,2.9,1.7));
#4973 = DIRECTION('',(0.,0.,1.));
#4974 = DIRECTION('',(1.,0.,-0.));
#4975 = PCURVE('',#4943,#4976);
#4976 = DEFINITIONAL_REPRESENTATION('',(#4977),#4980);
#4977 = B_SPLINE_CURVE_WITH_KNOTS('',1,(#4978,#4979),.UNSPECIFIED.,.F.,
  .F.,(2,2),(3.14159265359,6.28318530718),.PIECEWISE_BEZIER_KNOTS.);
#4978 = CARTESIAN_POINT('',(0.936858543,0.));
#4979 = CARTESIAN_POINT('',(0.936858543,1.));
#4980 = ( GEOMETRIC_REPRESENTATION_CONTEXT(2) 
PARAMETRIC_REPRESENTATION_CONTEXT() REPRESENTATION_CONTEXT('2D SPACE',''
  ) );
#4981 = ORIENTED_EDGE('',*,*,#4982,.T.);
#4982 = EDGE_CURVE('',#4967,#4983,#4985,.T.);
#4983 = VERTEX_POINT('',#4984);
#4984 = CARTESIAN_POINT('',(6.4,2.9,1.9));
#4985 = SURFACE_CURVE('',#4986,(#4991),.PCURVE_S1.);
#4986 = CIRCLE('',#4987,0.2);
#4987 = AXIS2_PLACEMENT_3D('',#4988,#4989,#4990);
#4988 = CARTESIAN_POINT('',(6.4,2.9,1.7));
#4989 = DIRECTION('',(0.,-1.,6.123233995737E-17));
#4990 = DIRECTION('',(1.,0.,0.));
#4991 = PCURVE('',#4943,#4992);
#4992 = DEFINITIONAL_REPRESENTATION('',(#4993),#4996);
#4993 = B_SPLINE_CURVE_WITH_KNOTS('',1,(#4994,#4995),.UNSPECIFIED.,.F.,
  .F.,(2,2),(0.,1.570796326795),.PIECEWISE_BEZIER_KNOTS.);
#4994 = CARTESIAN_POINT('',(0.936858543,1.));
#4995 = CARTESIAN_POINT('',(6.3141457E-02,1.));
#4996 = ( GEOMETRIC_REPRESENTATION_CONTEXT(2) 
PARAMETRIC_REPRESENTATION_CONTEXT() REPRESENTATION_CONTEXT('2D SPACE',''
  ) );
#4997 = ORIENTED_EDGE('',*,*,#4998,.T.);
#4998 = EDGE_CURVE('',#4983,#4932,#4999,.T.);
#4999 = SURFACE_CURVE('',#5000,(#5005),.PCURVE_S1.);
#5000 = CIRCLE('',#5001,2.8);
#5001 = AXIS2_PLACEMENT_3D('',#5002,#5003,#5004);
#5002 = CARTESIAN_POINT('',(3.6,2.9,1.9));
#5003 = DIRECTION('',(1.081563329362E-30,6.982962677686E-15,-1.));
#5004 = DIRECTION('',(1.,-7.415199406883E-15,-5.06984973765E-29));
#5005 = PCURVE('',#4943,#5006);
#5006 = DEFINITIONAL_REPRESENTATION('',(#5007),#5010);
#5007 = B_SPLINE_CURVE_WITH_KNOTS('',1,(#5008,#5009),.UNSPECIFIED.,.F.,
  .F.,(2,2),(3.91551870292E-17,3.14159265359),.PIECEWISE_BEZIER_KNOTS.);
#5008 = CARTESIAN_POINT('',(6.3141457E-02,1.));
#5009 = CARTESIAN_POINT('',(6.3141457E-02,0.));
#5010 = ( GEOMETRIC_REPRESENTATION_CONTEXT(2) 
PARAMETRIC_REPRESENTATION_CONTEXT() REPRESENTATION_CONTEXT('2D SPACE',''
  ) );
#5011 = ( GEOMETRIC_REPRESENTATION_CONTEXT(3) 
GLOBAL_UNCERTAINTY_ASSIGNED_CONTEXT((#5015)) 
GLOBAL_UNIT_ASSIGNED_CONTEXT((#5012,#5013,#5014)) REPRESENTATION_CONTEXT
('Context #1','3D Context with UNIT and UNCERTAINTY') );
#5012 = ( LENGTH_UNIT() NAMED_UNIT(*) SI_UNIT(.MILLI.,.METRE.) );
#5013 = ( NAMED_UNIT(*) PLANE_ANGLE_UNIT() SI_UNIT($,.RADIAN.) );
#5014 = ( NAMED_UNIT(*) SI_UNIT($,.STERADIAN.) SOLID_ANGLE_UNIT() );
#5015 = UNCERTAINTY_MEASURE_WITH_UNIT(LENGTH_MEASURE(0.2),#5012,
  'distance_accuracy_value','confusion accuracy');
#5016 = SHAPE_DEFINITION_REPRESENTATION(#5017,#4924);
#5017 = PRODUCT_DEFINITION_SHAPE('','',#5018);
#5018 = PRODUCT_DEFINITION('design','',#5019,#5022);
#5019 = PRODUCT_DEFINITION_FORMATION('','',#5020);
#5020 = PRODUCT('eMachineShop.21',
  'eMachineShop.21','',(#5021));
#5021 = PRODUCT_CONTEXT('',#2,'mechanical');
#5022 = PRODUCT_DEFINITION_CONTEXT('part definition',#2,'design');
#5023 = CONTEXT_DEPENDENT_SHAPE_REPRESENTATION(#5024,#5026);
#5024 = ( REPRESENTATION_RELATIONSHIP('','',#4924,#10) 
REPRESENTATION_RELATIONSHIP_WITH_TRANSFORMATION(#5025) 
SHAPE_REPRESENTATION_RELATIONSHIP() );
#5025 = ITEM_DEFINED_TRANSFORMATION('','',#11,#95);
#5026 = PRODUCT_DEFINITION_SHAPE('Placement','Placement of an item',
  #5027);
#5027 = NEXT_ASSEMBLY_USAGE_OCCURRENCE('21','','',#5,#5018,$);
#5028 = PRODUCT_RELATED_PRODUCT_CATEGORY('part',$,(#5020));
#5029 = MANIFOLD_SURFACE_SHAPE_REPRESENTATION('',(#11,#5030),#5105);
#5030 = SHELL_BASED_SURFACE_MODEL('',(#5031));
#5031 = OPEN_SHELL('',(#5032));
#5032 = ADVANCED_FACE('',(#5033),#5047,.T.);
#5033 = FACE_BOUND('',#5034,.T.);
#5034 = EDGE_LOOP('',(#5035,#5060,#5076,#5091));
#5035 = ORIENTED_EDGE('',*,*,#5036,.F.);
#5036 = EDGE_CURVE('',#5037,#5039,#5041,.T.);
#5037 = VERTEX_POINT('',#5038);
#5038 = CARTESIAN_POINT('',(1.8,2.9,1.3));
#5039 = VERTEX_POINT('',#5040);
#5040 = CARTESIAN_POINT('',(1.2,2.9,1.9));
#5041 = SURFACE_CURVE('',#5042,(#5046),.PCURVE_S1.);
#5042 = LINE('',#5043,#5044);
#5043 = CARTESIAN_POINT('',(1.8,2.9,1.3));
#5044 = VECTOR('',#5045,1.);
#5045 = DIRECTION('',(-0.707106781187,0.,0.707106781187));
#5046 = PCURVE('',#5047,#5055);
#5047 = SURFACE_OF_REVOLUTION('',#5048,#5052);
#5048 = LINE('',#5049,#5050);
#5049 = CARTESIAN_POINT('',(5.4,2.9,1.3));
#5050 = VECTOR('',#5051,1.);
#5051 = DIRECTION('',(0.707106781187,2.512147933894E-15,0.707106781187)
  );
#5052 = AXIS1_PLACEMENT('',#5053,#5054);
#5053 = CARTESIAN_POINT('',(3.6,2.9,-998.7));
#5054 = DIRECTION('',(0.,0.,-1.));
#5055 = DEFINITIONAL_REPRESENTATION('',(#5056),#5059);
#5056 = B_SPLINE_CURVE_WITH_KNOTS('',1,(#5057,#5058),.UNSPECIFIED.,.F.,
  .F.,(2,2),(0.,0.848528137424),.PIECEWISE_BEZIER_KNOTS.);
#5057 = CARTESIAN_POINT('',(3.14159265318,-5.919109119616E-16));
#5058 = CARTESIAN_POINT('',(3.14159265318,0.848528137424));
#5059 = ( GEOMETRIC_REPRESENTATION_CONTEXT(2) 
PARAMETRIC_REPRESENTATION_CONTEXT() REPRESENTATION_CONTEXT('2D SPACE',''
  ) );
#5060 = ORIENTED_EDGE('',*,*,#5061,.F.);
#5061 = EDGE_CURVE('',#5062,#5037,#5064,.T.);
#5062 = VERTEX_POINT('',#5063);
#5063 = CARTESIAN_POINT('',(5.4,2.9,1.3));
#5064 = SURFACE_CURVE('',#5065,(#5070),.PCURVE_S1.);
#5065 = CIRCLE('',#5066,1.8);
#5066 = AXIS2_PLACEMENT_3D('',#5067,#5068,#5069);
#5067 = CARTESIAN_POINT('',(3.6,2.9,1.3));
#5068 = DIRECTION('',(0.,0.,1.));
#5069 = DIRECTION('',(1.,0.,-0.));
#5070 = PCURVE('',#5047,#5071);
#5071 = DEFINITIONAL_REPRESENTATION('',(#5072),#5075);
#5072 = B_SPLINE_CURVE_WITH_KNOTS('',1,(#5073,#5074),.UNSPECIFIED.,.F.,
  .F.,(2,2),(0.,3.14159265359),.PIECEWISE_BEZIER_KNOTS.);
#5073 = CARTESIAN_POINT('',(6.28318530718,-1.183821824078E-15));
#5074 = CARTESIAN_POINT('',(3.14159265318,-5.919109119616E-16));
#5075 = ( GEOMETRIC_REPRESENTATION_CONTEXT(2) 
PARAMETRIC_REPRESENTATION_CONTEXT() REPRESENTATION_CONTEXT('2D SPACE',''
  ) );
#5076 = ORIENTED_EDGE('',*,*,#5077,.F.);
#5077 = EDGE_CURVE('',#5078,#5062,#5080,.T.);
#5078 = VERTEX_POINT('',#5079);
#5079 = CARTESIAN_POINT('',(6.,2.9,1.9));
#5080 = SURFACE_CURVE('',#5081,(#5085),.PCURVE_S1.);
#5081 = LINE('',#5082,#5083);
#5082 = CARTESIAN_POINT('',(6.,2.9,1.9));
#5083 = VECTOR('',#5084,1.);
#5084 = DIRECTION('',(-0.707106781187,0.,-0.707106781187));
#5085 = PCURVE('',#5047,#5086);
#5086 = DEFINITIONAL_REPRESENTATION('',(#5087),#5090);
#5087 = B_SPLINE_CURVE_WITH_KNOTS('',1,(#5088,#5089),.UNSPECIFIED.,.F.,
  .F.,(2,2),(0.,0.848528137424),.PIECEWISE_BEZIER_KNOTS.);
#5088 = CARTESIAN_POINT('',(6.28318530718,0.848528137424));
#5089 = CARTESIAN_POINT('',(6.28318530718,-1.183821824078E-15));
#5090 = ( GEOMETRIC_REPRESENTATION_CONTEXT(2) 
PARAMETRIC_REPRESENTATION_CONTEXT() REPRESENTATION_CONTEXT('2D SPACE',''
  ) );
#5091 = ORIENTED_EDGE('',*,*,#5092,.F.);
#5092 = EDGE_CURVE('',#5039,#5078,#5093,.T.);
#5093 = SURFACE_CURVE('',#5094,(#5099),.PCURVE_S1.);
#5094 = CIRCLE('',#5095,2.4);
#5095 = AXIS2_PLACEMENT_3D('',#5096,#5097,#5098);
#5096 = CARTESIAN_POINT('',(3.6,2.9,1.9));
#5097 = DIRECTION('',(0.,-6.982962677686E-15,-1.));
#5098 = DIRECTION('',(-1.,-6.982962677686E-15,4.876176775796E-29));
#5099 = PCURVE('',#5047,#5100);
#5100 = DEFINITIONAL_REPRESENTATION('',(#5101),#5104);
#5101 = B_SPLINE_CURVE_WITH_KNOTS('',1,(#5102,#5103),.UNSPECIFIED.,.F.,
  .F.,(2,2),(1.365873591645E-16,3.14159265359),
  .PIECEWISE_BEZIER_KNOTS.);
#5102 = CARTESIAN_POINT('',(3.14159265318,0.848528137424));
#5103 = CARTESIAN_POINT('',(6.28318530718,0.848528137424));
#5104 = ( GEOMETRIC_REPRESENTATION_CONTEXT(2) 
PARAMETRIC_REPRESENTATION_CONTEXT() REPRESENTATION_CONTEXT('2D SPACE',''
  ) );
#5105 = ( GEOMETRIC_REPRESENTATION_CONTEXT(3) 
GLOBAL_UNCERTAINTY_ASSIGNED_CONTEXT((#5109)) 
GLOBAL_UNIT_ASSIGNED_CONTEXT((#5106,#5107,#5108)) REPRESENTATION_CONTEXT
('Context #1','3D Context with UNIT and UNCERTAINTY') );
#5106 = ( LENGTH_UNIT() NAMED_UNIT(*) SI_UNIT(.MILLI.,.METRE.) );
#5107 = ( NAMED_UNIT(*) PLANE_ANGLE_UNIT() SI_UNIT($,.RADIAN.) );
#5108 = ( NAMED_UNIT(*) SI_UNIT($,.STERADIAN.) SOLID_ANGLE_UNIT() );
#5109 = UNCERTAINTY_MEASURE_WITH_UNIT(LENGTH_MEASURE(1.E-07),#5106,
  'distance_accuracy_value','confusion accuracy');
#5110 = SHAPE_DEFINITION_REPRESENTATION(#5111,#5029);
#5111 = PRODUCT_DEFINITION_SHAPE('','',#5112);
#5112 = PRODUCT_DEFINITION('design','',#5113,#5116);
#5113 = PRODUCT_DEFINITION_FORMATION('','',#5114);
#5114 = PRODUCT('eMachineShop.22',
  'eMachineShop.22','',(#5115));
#5115 = PRODUCT_CONTEXT('',#2,'mechanical');
#5116 = PRODUCT_DEFINITION_CONTEXT('part definition',#2,'design');
#5117 = CONTEXT_DEPENDENT_SHAPE_REPRESENTATION(#5118,#5120);
#5118 = ( REPRESENTATION_RELATIONSHIP('','',#5029,#10) 
REPRESENTATION_RELATIONSHIP_WITH_TRANSFORMATION(#5119) 
SHAPE_REPRESENTATION_RELATIONSHIP() );
#5119 = ITEM_DEFINED_TRANSFORMATION('','',#11,#99);
#5120 = PRODUCT_DEFINITION_SHAPE('Placement','Placement of an item',
  #5121);
#5121 = NEXT_ASSEMBLY_USAGE_OCCURRENCE('22','','',#5,#5112,$);
#5122 = PRODUCT_RELATED_PRODUCT_CATEGORY('part',$,(#5114));
#5123 = MANIFOLD_SURFACE_SHAPE_REPRESENTATION('',(#11,#5124),#5194);
#5124 = SHELL_BASED_SURFACE_MODEL('',(#5125));
#5125 = OPEN_SHELL('',(#5126));
#5126 = ADVANCED_FACE('',(#5127),#5141,.T.);
#5127 = FACE_BOUND('',#5128,.T.);
#5128 = EDGE_LOOP('',(#5129,#5151,#5166,#5181));
#5129 = ORIENTED_EDGE('',*,*,#5130,.T.);
#5130 = EDGE_CURVE('',#5131,#5133,#5135,.T.);
#5131 = VERTEX_POINT('',#5132);
#5132 = CARTESIAN_POINT('',(6.1,0.,0.));
#5133 = VERTEX_POINT('',#5134);
#5134 = CARTESIAN_POINT('',(6.1,0.4,0.));
#5135 = SURFACE_CURVE('',#5136,(#5140),.PCURVE_S1.);
#5136 = LINE('',#5137,#5138);
#5137 = CARTESIAN_POINT('',(6.1,0.,0.));
#5138 = VECTOR('',#5139,1.);
#5139 = DIRECTION('',(0.,1.,0.));
#5140 = PCURVE('',#5141,#5146);
#5141 = B_SPLINE_SURFACE_WITH_KNOTS('',1,1,(
    (#5142,#5143)
    ,(#5144,#5145
    )),.UNSPECIFIED.,.F.,.F.,.F.,(2,2),(2,2),(0.,1.),(0.,1.),
  .PIECEWISE_BEZIER_KNOTS.);
#5142 = CARTESIAN_POINT('',(6.1,0.,-12.1));
#5143 = CARTESIAN_POINT('',(6.1,0.4,-12.1));
#5144 = CARTESIAN_POINT('',(6.1,0.,0.));
#5145 = CARTESIAN_POINT('',(6.1,0.4,0.));
#5146 = DEFINITIONAL_REPRESENTATION('',(#5147),#5150);
#5147 = B_SPLINE_CURVE_WITH_KNOTS('',1,(#5148,#5149),.UNSPECIFIED.,.F.,
  .F.,(2,2),(0.,0.4),.PIECEWISE_BEZIER_KNOTS.);
#5148 = CARTESIAN_POINT('',(1.,0.));
#5149 = CARTESIAN_POINT('',(1.,1.));
#5150 = ( GEOMETRIC_REPRESENTATION_CONTEXT(2) 
PARAMETRIC_REPRESENTATION_CONTEXT() REPRESENTATION_CONTEXT('2D SPACE',''
  ) );
#5151 = ORIENTED_EDGE('',*,*,#5152,.T.);
#5152 = EDGE_CURVE('',#5133,#5153,#5155,.T.);
#5153 = VERTEX_POINT('',#5154);
#5154 = CARTESIAN_POINT('',(6.1,0.4,-12.1));
#5155 = SURFACE_CURVE('',#5156,(#5160),.PCURVE_S1.);
#5156 = LINE('',#5157,#5158);
#5157 = CARTESIAN_POINT('',(6.1,0.4,0.));
#5158 = VECTOR('',#5159,1.);
#5159 = DIRECTION('',(0.,0.,-1.));
#5160 = PCURVE('',#5141,#5161);
#5161 = DEFINITIONAL_REPRESENTATION('',(#5162),#5165);
#5162 = B_SPLINE_CURVE_WITH_KNOTS('',1,(#5163,#5164),.UNSPECIFIED.,.F.,
  .F.,(2,2),(0.,12.1),.PIECEWISE_BEZIER_KNOTS.);
#5163 = CARTESIAN_POINT('',(1.,1.));
#5164 = CARTESIAN_POINT('',(0.,1.));
#5165 = ( GEOMETRIC_REPRESENTATION_CONTEXT(2) 
PARAMETRIC_REPRESENTATION_CONTEXT() REPRESENTATION_CONTEXT('2D SPACE',''
  ) );
#5166 = ORIENTED_EDGE('',*,*,#5167,.T.);
#5167 = EDGE_CURVE('',#5153,#5168,#5170,.T.);
#5168 = VERTEX_POINT('',#5169);
#5169 = CARTESIAN_POINT('',(6.1,0.,-12.1));
#5170 = SURFACE_CURVE('',#5171,(#5175),.PCURVE_S1.);
#5171 = LINE('',#5172,#5173);
#5172 = CARTESIAN_POINT('',(6.1,0.4,-12.1));
#5173 = VECTOR('',#5174,1.);
#5174 = DIRECTION('',(0.,-1.,0.));
#5175 = PCURVE('',#5141,#5176);
#5176 = DEFINITIONAL_REPRESENTATION('',(#5177),#5180);
#5177 = B_SPLINE_CURVE_WITH_KNOTS('',1,(#5178,#5179),.UNSPECIFIED.,.F.,
  .F.,(2,2),(0.,0.4),.PIECEWISE_BEZIER_KNOTS.);
#5178 = CARTESIAN_POINT('',(0.,1.));
#5179 = CARTESIAN_POINT('',(0.,0.));
#5180 = ( GEOMETRIC_REPRESENTATION_CONTEXT(2) 
PARAMETRIC_REPRESENTATION_CONTEXT() REPRESENTATION_CONTEXT('2D SPACE',''
  ) );
#5181 = ORIENTED_EDGE('',*,*,#5182,.T.);
#5182 = EDGE_CURVE('',#5168,#5131,#5183,.T.);
#5183 = SURFACE_CURVE('',#5184,(#5188),.PCURVE_S1.);
#5184 = LINE('',#5185,#5186);
#5185 = CARTESIAN_POINT('',(6.1,0.,-12.1));
#5186 = VECTOR('',#5187,1.);
#5187 = DIRECTION('',(0.,0.,1.));
#5188 = PCURVE('',#5141,#5189);
#5189 = DEFINITIONAL_REPRESENTATION('',(#5190),#5193);
#5190 = B_SPLINE_CURVE_WITH_KNOTS('',1,(#5191,#5192),.UNSPECIFIED.,.F.,
  .F.,(2,2),(0.,12.1),.PIECEWISE_BEZIER_KNOTS.);
#5191 = CARTESIAN_POINT('',(0.,0.));
#5192 = CARTESIAN_POINT('',(1.,0.));
#5193 = ( GEOMETRIC_REPRESENTATION_CONTEXT(2) 
PARAMETRIC_REPRESENTATION_CONTEXT() REPRESENTATION_CONTEXT('2D SPACE',''
  ) );
#5194 = ( GEOMETRIC_REPRESENTATION_CONTEXT(3) 
GLOBAL_UNCERTAINTY_ASSIGNED_CONTEXT((#5198)) 
GLOBAL_UNIT_ASSIGNED_CONTEXT((#5195,#5196,#5197)) REPRESENTATION_CONTEXT
('Context #1','3D Context with UNIT and UNCERTAINTY') );
#5195 = ( LENGTH_UNIT() NAMED_UNIT(*) SI_UNIT(.MILLI.,.METRE.) );
#5196 = ( NAMED_UNIT(*) PLANE_ANGLE_UNIT() SI_UNIT($,.RADIAN.) );
#5197 = ( NAMED_UNIT(*) SI_UNIT($,.STERADIAN.) SOLID_ANGLE_UNIT() );
#5198 = UNCERTAINTY_MEASURE_WITH_UNIT(LENGTH_MEASURE(1.E-07),#5195,
  'distance_accuracy_value','confusion accuracy');
#5199 = SHAPE_DEFINITION_REPRESENTATION(#5200,#5123);
#5200 = PRODUCT_DEFINITION_SHAPE('','',#5201);
#5201 = PRODUCT_DEFINITION('design','',#5202,#5205);
#5202 = PRODUCT_DEFINITION_FORMATION('','',#5203);
#5203 = PRODUCT('eMachineShop.23',
  'eMachineShop.23','',(#5204));
#5204 = PRODUCT_CONTEXT('',#2,'mechanical');
#5205 = PRODUCT_DEFINITION_CONTEXT('part definition',#2,'design');
#5206 = CONTEXT_DEPENDENT_SHAPE_REPRESENTATION(#5207,#5209);
#5207 = ( REPRESENTATION_RELATIONSHIP('','',#5123,#10) 
REPRESENTATION_RELATIONSHIP_WITH_TRANSFORMATION(#5208) 
SHAPE_REPRESENTATION_RELATIONSHIP() );
#5208 = ITEM_DEFINED_TRANSFORMATION('','',#11,#103);
#5209 = PRODUCT_DEFINITION_SHAPE('Placement','Placement of an item',
  #5210);
#5210 = NEXT_ASSEMBLY_USAGE_OCCURRENCE('23','','',#5,#5201,$);
#5211 = PRODUCT_RELATED_PRODUCT_CATEGORY('part',$,(#5203));
#5212 = MANIFOLD_SURFACE_SHAPE_REPRESENTATION('',(#11,#5213),#5345);
#5213 = SHELL_BASED_SURFACE_MODEL('',(#5214));
#5214 = OPEN_SHELL('',(#5215));
#5215 = ADVANCED_FACE('',(#5216,#5283),#5230,.T.);
#5216 = FACE_BOUND('',#5217,.T.);
#5217 = EDGE_LOOP('',(#5218,#5240,#5255,#5270));
#5218 = ORIENTED_EDGE('',*,*,#5219,.T.);
#5219 = EDGE_CURVE('',#5220,#5222,#5224,.T.);
#5220 = VERTEX_POINT('',#5221);
#5221 = CARTESIAN_POINT('',(7.2,0.4,-12.1));
#5222 = VERTEX_POINT('',#5223);
#5223 = CARTESIAN_POINT('',(6.1,0.4,-12.1));
#5224 = SURFACE_CURVE('',#5225,(#5229),.PCURVE_S1.);
#5225 = LINE('',#5226,#5227);
#5226 = CARTESIAN_POINT('',(7.2,0.4,-12.1));
#5227 = VECTOR('',#5228,1.);
#5228 = DIRECTION('',(-1.,0.,0.));
#5229 = PCURVE('',#5230,#5235);
#5230 = B_SPLINE_SURFACE_WITH_KNOTS('',1,1,(
    (#5231,#5232)
    ,(#5233,#5234
    )),.UNSPECIFIED.,.F.,.F.,.F.,(2,2),(2,2),(0.,1.),(0.,1.),
  .PIECEWISE_BEZIER_KNOTS.);
#5231 = CARTESIAN_POINT('',(6.1,0.4,-12.1));
#5232 = CARTESIAN_POINT('',(7.2,0.4,-12.1));
#5233 = CARTESIAN_POINT('',(6.1,0.4,0.));
#5234 = CARTESIAN_POINT('',(7.2,0.4,0.));
#5235 = DEFINITIONAL_REPRESENTATION('',(#5236),#5239);
#5236 = B_SPLINE_CURVE_WITH_KNOTS('',1,(#5237,#5238),.UNSPECIFIED.,.F.,
  .F.,(2,2),(0.,1.1),.PIECEWISE_BEZIER_KNOTS.);
#5237 = CARTESIAN_POINT('',(0.,1.));
#5238 = CARTESIAN_POINT('',(0.,0.));
#5239 = ( GEOMETRIC_REPRESENTATION_CONTEXT(2) 
PARAMETRIC_REPRESENTATION_CONTEXT() REPRESENTATION_CONTEXT('2D SPACE',''
  ) );
#5240 = ORIENTED_EDGE('',*,*,#5241,.T.);
#5241 = EDGE_CURVE('',#5222,#5242,#5244,.T.);
#5242 = VERTEX_POINT('',#5243);
#5243 = CARTESIAN_POINT('',(6.1,0.4,0.));
#5244 = SURFACE_CURVE('',#5245,(#5249),.PCURVE_S1.);
#5245 = LINE('',#5246,#5247);
#5246 = CARTESIAN_POINT('',(6.1,0.4,-12.1));
#5247 = VECTOR('',#5248,1.);
#5248 = DIRECTION('',(0.,0.,1.));
#5249 = PCURVE('',#5230,#5250);
#5250 = DEFINITIONAL_REPRESENTATION('',(#5251),#5254);
#5251 = B_SPLINE_CURVE_WITH_KNOTS('',1,(#5252,#5253),.UNSPECIFIED.,.F.,
  .F.,(2,2),(0.,12.1),.PIECEWISE_BEZIER_KNOTS.);
#5252 = CARTESIAN_POINT('',(0.,0.));
#5253 = CARTESIAN_POINT('',(1.,0.));
#5254 = ( GEOMETRIC_REPRESENTATION_CONTEXT(2) 
PARAMETRIC_REPRESENTATION_CONTEXT() REPRESENTATION_CONTEXT('2D SPACE',''
  ) );
#5255 = ORIENTED_EDGE('',*,*,#5256,.T.);
#5256 = EDGE_CURVE('',#5242,#5257,#5259,.T.);
#5257 = VERTEX_POINT('',#5258);
#5258 = CARTESIAN_POINT('',(7.2,0.4,0.));
#5259 = SURFACE_CURVE('',#5260,(#5264),.PCURVE_S1.);
#5260 = LINE('',#5261,#5262);
#5261 = CARTESIAN_POINT('',(6.1,0.4,0.));
#5262 = VECTOR('',#5263,1.);
#5263 = DIRECTION('',(1.,0.,0.));
#5264 = PCURVE('',#5230,#5265);
#5265 = DEFINITIONAL_REPRESENTATION('',(#5266),#5269);
#5266 = B_SPLINE_CURVE_WITH_KNOTS('',1,(#5267,#5268),.UNSPECIFIED.,.F.,
  .F.,(2,2),(0.,1.1),.PIECEWISE_BEZIER_KNOTS.);
#5267 = CARTESIAN_POINT('',(1.,0.));
#5268 = CARTESIAN_POINT('',(1.,1.));
#5269 = ( GEOMETRIC_REPRESENTATION_CONTEXT(2) 
PARAMETRIC_REPRESENTATION_CONTEXT() REPRESENTATION_CONTEXT('2D SPACE',''
  ) );
#5270 = ORIENTED_EDGE('',*,*,#5271,.T.);
#5271 = EDGE_CURVE('',#5257,#5220,#5272,.T.);
#5272 = SURFACE_CURVE('',#5273,(#5277),.PCURVE_S1.);
#5273 = LINE('',#5274,#5275);
#5274 = CARTESIAN_POINT('',(7.2,0.4,0.));
#5275 = VECTOR('',#5276,1.);
#5276 = DIRECTION('',(0.,0.,-1.));
#5277 = PCURVE('',#5230,#5278);
#5278 = DEFINITIONAL_REPRESENTATION('',(#5279),#5282);
#5279 = B_SPLINE_CURVE_WITH_KNOTS('',1,(#5280,#5281),.UNSPECIFIED.,.F.,
  .F.,(2,2),(0.,12.1),.PIECEWISE_BEZIER_KNOTS.);
#5280 = CARTESIAN_POINT('',(1.,1.));
#5281 = CARTESIAN_POINT('',(0.,1.));
#5282 = ( GEOMETRIC_REPRESENTATION_CONTEXT(2) 
PARAMETRIC_REPRESENTATION_CONTEXT() REPRESENTATION_CONTEXT('2D SPACE',''
  ) );
#5283 = FACE_BOUND('',#5284,.T.);
#5284 = EDGE_LOOP('',(#5285,#5302,#5317,#5332));
#5285 = ORIENTED_EDGE('',*,*,#5286,.T.);
#5286 = EDGE_CURVE('',#5287,#5289,#5291,.T.);
#5287 = VERTEX_POINT('',#5288);
#5288 = CARTESIAN_POINT('',(6.2,0.4,-12.));
#5289 = VERTEX_POINT('',#5290);
#5290 = CARTESIAN_POINT('',(6.5,0.4,-12.));
#5291 = SURFACE_CURVE('',#5292,(#5296),.PCURVE_S1.);
#5292 = LINE('',#5293,#5294);
#5293 = CARTESIAN_POINT('',(6.2,0.4,-12.));
#5294 = VECTOR('',#5295,1.);
#5295 = DIRECTION('',(1.,0.,0.));
#5296 = PCURVE('',#5230,#5297);
#5297 = DEFINITIONAL_REPRESENTATION('',(#5298),#5301);
#5298 = B_SPLINE_CURVE_WITH_KNOTS('',1,(#5299,#5300),.UNSPECIFIED.,.F.,
  .F.,(2,2),(0.,0.3),.PIECEWISE_BEZIER_KNOTS.);
#5299 = CARTESIAN_POINT('',(8.264463E-03,9.0909091E-02));
#5300 = CARTESIAN_POINT('',(8.264463E-03,0.363636364));
#5301 = ( GEOMETRIC_REPRESENTATION_CONTEXT(2) 
PARAMETRIC_REPRESENTATION_CONTEXT() REPRESENTATION_CONTEXT('2D SPACE',''
  ) );
#5302 = ORIENTED_EDGE('',*,*,#5303,.T.);
#5303 = EDGE_CURVE('',#5289,#5304,#5306,.T.);
#5304 = VERTEX_POINT('',#5305);
#5305 = CARTESIAN_POINT('',(6.5,0.4,-11.));
#5306 = SURFACE_CURVE('',#5307,(#5311),.PCURVE_S1.);
#5307 = LINE('',#5308,#5309);
#5308 = CARTESIAN_POINT('',(6.5,0.4,-12.));
#5309 = VECTOR('',#5310,1.);
#5310 = DIRECTION('',(0.,0.,1.));
#5311 = PCURVE('',#5230,#5312);
#5312 = DEFINITIONAL_REPRESENTATION('',(#5313),#5316);
#5313 = B_SPLINE_CURVE_WITH_KNOTS('',1,(#5314,#5315),.UNSPECIFIED.,.F.,
  .F.,(2,2),(0.,1.),.PIECEWISE_BEZIER_KNOTS.);
#5314 = CARTESIAN_POINT('',(8.264463E-03,0.363636364));
#5315 = CARTESIAN_POINT('',(9.0909091E-02,0.363636364));
#5316 = ( GEOMETRIC_REPRESENTATION_CONTEXT(2) 
PARAMETRIC_REPRESENTATION_CONTEXT() REPRESENTATION_CONTEXT('2D SPACE',''
  ) );
#5317 = ORIENTED_EDGE('',*,*,#5318,.T.);
#5318 = EDGE_CURVE('',#5304,#5319,#5321,.T.);
#5319 = VERTEX_POINT('',#5320);
#5320 = CARTESIAN_POINT('',(6.2,0.4,-11.));
#5321 = SURFACE_CURVE('',#5322,(#5326),.PCURVE_S1.);
#5322 = LINE('',#5323,#5324);
#5323 = CARTESIAN_POINT('',(6.5,0.4,-11.));
#5324 = VECTOR('',#5325,1.);
#5325 = DIRECTION('',(-1.,0.,0.));
#5326 = PCURVE('',#5230,#5327);
#5327 = DEFINITIONAL_REPRESENTATION('',(#5328),#5331);
#5328 = B_SPLINE_CURVE_WITH_KNOTS('',1,(#5329,#5330),.UNSPECIFIED.,.F.,
  .F.,(2,2),(0.,0.3),.PIECEWISE_BEZIER_KNOTS.);
#5329 = CARTESIAN_POINT('',(9.0909091E-02,0.363636364));
#5330 = CARTESIAN_POINT('',(9.0909091E-02,9.0909091E-02));
#5331 = ( GEOMETRIC_REPRESENTATION_CONTEXT(2) 
PARAMETRIC_REPRESENTATION_CONTEXT() REPRESENTATION_CONTEXT('2D SPACE',''
  ) );
#5332 = ORIENTED_EDGE('',*,*,#5333,.T.);
#5333 = EDGE_CURVE('',#5319,#5287,#5334,.T.);
#5334 = SURFACE_CURVE('',#5335,(#5339),.PCURVE_S1.);
#5335 = LINE('',#5336,#5337);
#5336 = CARTESIAN_POINT('',(6.2,0.4,-11.));
#5337 = VECTOR('',#5338,1.);
#5338 = DIRECTION('',(0.,0.,-1.));
#5339 = PCURVE('',#5230,#5340);
#5340 = DEFINITIONAL_REPRESENTATION('',(#5341),#5344);
#5341 = B_SPLINE_CURVE_WITH_KNOTS('',1,(#5342,#5343),.UNSPECIFIED.,.F.,
  .F.,(2,2),(0.,1.),.PIECEWISE_BEZIER_KNOTS.);
#5342 = CARTESIAN_POINT('',(9.0909091E-02,9.0909091E-02));
#5343 = CARTESIAN_POINT('',(8.264463E-03,9.0909091E-02));
#5344 = ( GEOMETRIC_REPRESENTATION_CONTEXT(2) 
PARAMETRIC_REPRESENTATION_CONTEXT() REPRESENTATION_CONTEXT('2D SPACE',''
  ) );
#5345 = ( GEOMETRIC_REPRESENTATION_CONTEXT(3) 
GLOBAL_UNCERTAINTY_ASSIGNED_CONTEXT((#5349)) 
GLOBAL_UNIT_ASSIGNED_CONTEXT((#5346,#5347,#5348)) REPRESENTATION_CONTEXT
('Context #1','3D Context with UNIT and UNCERTAINTY') );
#5346 = ( LENGTH_UNIT() NAMED_UNIT(*) SI_UNIT(.MILLI.,.METRE.) );
#5347 = ( NAMED_UNIT(*) PLANE_ANGLE_UNIT() SI_UNIT($,.RADIAN.) );
#5348 = ( NAMED_UNIT(*) SI_UNIT($,.STERADIAN.) SOLID_ANGLE_UNIT() );
#5349 = UNCERTAINTY_MEASURE_WITH_UNIT(LENGTH_MEASURE(1.E-07),#5346,
  'distance_accuracy_value','confusion accuracy');
#5350 = SHAPE_DEFINITION_REPRESENTATION(#5351,#5212);
#5351 = PRODUCT_DEFINITION_SHAPE('','',#5352);
#5352 = PRODUCT_DEFINITION('design','',#5353,#5356);
#5353 = PRODUCT_DEFINITION_FORMATION('','',#5354);
#5354 = PRODUCT('eMachineShop.24',
  'eMachineShop.24','',(#5355));
#5355 = PRODUCT_CONTEXT('',#2,'mechanical');
#5356 = PRODUCT_DEFINITION_CONTEXT('part definition',#2,'design');
#5357 = CONTEXT_DEPENDENT_SHAPE_REPRESENTATION(#5358,#5360);
#5358 = ( REPRESENTATION_RELATIONSHIP('','',#5212,#10) 
REPRESENTATION_RELATIONSHIP_WITH_TRANSFORMATION(#5359) 
SHAPE_REPRESENTATION_RELATIONSHIP() );
#5359 = ITEM_DEFINED_TRANSFORMATION('','',#11,#107);
#5360 = PRODUCT_DEFINITION_SHAPE('Placement','Placement of an item',
  #5361);
#5361 = NEXT_ASSEMBLY_USAGE_OCCURRENCE('24','','',#5,#5352,$);
#5362 = PRODUCT_RELATED_PRODUCT_CATEGORY('part',$,(#5354));
#5363 = MANIFOLD_SURFACE_SHAPE_REPRESENTATION('',(#11,#5364),#5434);
#5364 = SHELL_BASED_SURFACE_MODEL('',(#5365));
#5365 = OPEN_SHELL('',(#5366));
#5366 = ADVANCED_FACE('',(#5367),#5381,.T.);
#5367 = FACE_BOUND('',#5368,.T.);
#5368 = EDGE_LOOP('',(#5369,#5391,#5406,#5421));
#5369 = ORIENTED_EDGE('',*,*,#5370,.T.);
#5370 = EDGE_CURVE('',#5371,#5373,#5375,.T.);
#5371 = VERTEX_POINT('',#5372);
#5372 = CARTESIAN_POINT('',(1.1,0.,-12.1));
#5373 = VERTEX_POINT('',#5374);
#5374 = CARTESIAN_POINT('',(1.1,0.4,-12.1));
#5375 = SURFACE_CURVE('',#5376,(#5380),.PCURVE_S1.);
#5376 = LINE('',#5377,#5378);
#5377 = CARTESIAN_POINT('',(1.1,0.,-12.1));
#5378 = VECTOR('',#5379,1.);
#5379 = DIRECTION('',(0.,1.,0.));
#5380 = PCURVE('',#5381,#5386);
#5381 = B_SPLINE_SURFACE_WITH_KNOTS('',1,1,(
    (#5382,#5383)
    ,(#5384,#5385
    )),.UNSPECIFIED.,.F.,.F.,.F.,(2,2),(2,2),(0.,1.),(0.,1.),
  .PIECEWISE_BEZIER_KNOTS.);
#5382 = CARTESIAN_POINT('',(1.1,0.,0.));
#5383 = CARTESIAN_POINT('',(1.1,0.4,0.));
#5384 = CARTESIAN_POINT('',(1.1,0.,-12.1));
#5385 = CARTESIAN_POINT('',(1.1,0.4,-12.1));
#5386 = DEFINITIONAL_REPRESENTATION('',(#5387),#5390);
#5387 = B_SPLINE_CURVE_WITH_KNOTS('',1,(#5388,#5389),.UNSPECIFIED.,.F.,
  .F.,(2,2),(0.,0.4),.PIECEWISE_BEZIER_KNOTS.);
#5388 = CARTESIAN_POINT('',(1.,0.));
#5389 = CARTESIAN_POINT('',(1.,1.));
#5390 = ( GEOMETRIC_REPRESENTATION_CONTEXT(2) 
PARAMETRIC_REPRESENTATION_CONTEXT() REPRESENTATION_CONTEXT('2D SPACE',''
  ) );
#5391 = ORIENTED_EDGE('',*,*,#5392,.T.);
#5392 = EDGE_CURVE('',#5373,#5393,#5395,.T.);
#5393 = VERTEX_POINT('',#5394);
#5394 = CARTESIAN_POINT('',(1.1,0.4,0.));
#5395 = SURFACE_CURVE('',#5396,(#5400),.PCURVE_S1.);
#5396 = LINE('',#5397,#5398);
#5397 = CARTESIAN_POINT('',(1.1,0.4,-12.1));
#5398 = VECTOR('',#5399,1.);
#5399 = DIRECTION('',(0.,0.,1.));
#5400 = PCURVE('',#5381,#5401);
#5401 = DEFINITIONAL_REPRESENTATION('',(#5402),#5405);
#5402 = B_SPLINE_CURVE_WITH_KNOTS('',1,(#5403,#5404),.UNSPECIFIED.,.F.,
  .F.,(2,2),(0.,12.1),.PIECEWISE_BEZIER_KNOTS.);
#5403 = CARTESIAN_POINT('',(1.,1.));
#5404 = CARTESIAN_POINT('',(0.,1.));
#5405 = ( GEOMETRIC_REPRESENTATION_CONTEXT(2) 
PARAMETRIC_REPRESENTATION_CONTEXT() REPRESENTATION_CONTEXT('2D SPACE',''
  ) );
#5406 = ORIENTED_EDGE('',*,*,#5407,.T.);
#5407 = EDGE_CURVE('',#5393,#5408,#5410,.T.);
#5408 = VERTEX_POINT('',#5409);
#5409 = CARTESIAN_POINT('',(1.1,0.,0.));
#5410 = SURFACE_CURVE('',#5411,(#5415),.PCURVE_S1.);
#5411 = LINE('',#5412,#5413);
#5412 = CARTESIAN_POINT('',(1.1,0.4,0.));
#5413 = VECTOR('',#5414,1.);
#5414 = DIRECTION('',(0.,-1.,0.));
#5415 = PCURVE('',#5381,#5416);
#5416 = DEFINITIONAL_REPRESENTATION('',(#5417),#5420);
#5417 = B_SPLINE_CURVE_WITH_KNOTS('',1,(#5418,#5419),.UNSPECIFIED.,.F.,
  .F.,(2,2),(0.,0.4),.PIECEWISE_BEZIER_KNOTS.);
#5418 = CARTESIAN_POINT('',(0.,1.));
#5419 = CARTESIAN_POINT('',(0.,0.));
#5420 = ( GEOMETRIC_REPRESENTATION_CONTEXT(2) 
PARAMETRIC_REPRESENTATION_CONTEXT() REPRESENTATION_CONTEXT('2D SPACE',''
  ) );
#5421 = ORIENTED_EDGE('',*,*,#5422,.T.);
#5422 = EDGE_CURVE('',#5408,#5371,#5423,.T.);
#5423 = SURFACE_CURVE('',#5424,(#5428),.PCURVE_S1.);
#5424 = LINE('',#5425,#5426);
#5425 = CARTESIAN_POINT('',(1.1,0.,0.));
#5426 = VECTOR('',#5427,1.);
#5427 = DIRECTION('',(0.,0.,-1.));
#5428 = PCURVE('',#5381,#5429);
#5429 = DEFINITIONAL_REPRESENTATION('',(#5430),#5433);
#5430 = B_SPLINE_CURVE_WITH_KNOTS('',1,(#5431,#5432),.UNSPECIFIED.,.F.,
  .F.,(2,2),(0.,12.1),.PIECEWISE_BEZIER_KNOTS.);
#5431 = CARTESIAN_POINT('',(0.,0.));
#5432 = CARTESIAN_POINT('',(1.,0.));
#5433 = ( GEOMETRIC_REPRESENTATION_CONTEXT(2) 
PARAMETRIC_REPRESENTATION_CONTEXT() REPRESENTATION_CONTEXT('2D SPACE',''
  ) );
#5434 = ( GEOMETRIC_REPRESENTATION_CONTEXT(3) 
GLOBAL_UNCERTAINTY_ASSIGNED_CONTEXT((#5438)) 
GLOBAL_UNIT_ASSIGNED_CONTEXT((#5435,#5436,#5437)) REPRESENTATION_CONTEXT
('Context #1','3D Context with UNIT and UNCERTAINTY') );
#5435 = ( LENGTH_UNIT() NAMED_UNIT(*) SI_UNIT(.MILLI.,.METRE.) );
#5436 = ( NAMED_UNIT(*) PLANE_ANGLE_UNIT() SI_UNIT($,.RADIAN.) );
#5437 = ( NAMED_UNIT(*) SI_UNIT($,.STERADIAN.) SOLID_ANGLE_UNIT() );
#5438 = UNCERTAINTY_MEASURE_WITH_UNIT(LENGTH_MEASURE(1.E-07),#5435,
  'distance_accuracy_value','confusion accuracy');
#5439 = SHAPE_DEFINITION_REPRESENTATION(#5440,#5363);
#5440 = PRODUCT_DEFINITION_SHAPE('','',#5441);
#5441 = PRODUCT_DEFINITION('design','',#5442,#5445);
#5442 = PRODUCT_DEFINITION_FORMATION('','',#5443);
#5443 = PRODUCT('eMachineShop.25',
  'eMachineShop.25','',(#5444));
#5444 = PRODUCT_CONTEXT('',#2,'mechanical');
#5445 = PRODUCT_DEFINITION_CONTEXT('part definition',#2,'design');
#5446 = CONTEXT_DEPENDENT_SHAPE_REPRESENTATION(#5447,#5449);
#5447 = ( REPRESENTATION_RELATIONSHIP('','',#5363,#10) 
REPRESENTATION_RELATIONSHIP_WITH_TRANSFORMATION(#5448) 
SHAPE_REPRESENTATION_RELATIONSHIP() );
#5448 = ITEM_DEFINED_TRANSFORMATION('','',#11,#111);
#5449 = PRODUCT_DEFINITION_SHAPE('Placement','Placement of an item',
  #5450);
#5450 = NEXT_ASSEMBLY_USAGE_OCCURRENCE('25','','',#5,#5441,$);
#5451 = PRODUCT_RELATED_PRODUCT_CATEGORY('part',$,(#5443));
#5452 = MANIFOLD_SURFACE_SHAPE_REPRESENTATION('',(#11,#5453),#5585);
#5453 = SHELL_BASED_SURFACE_MODEL('',(#5454));
#5454 = OPEN_SHELL('',(#5455));
#5455 = ADVANCED_FACE('',(#5456,#5523),#5470,.T.);
#5456 = FACE_BOUND('',#5457,.T.);
#5457 = EDGE_LOOP('',(#5458,#5480,#5495,#5510));
#5458 = ORIENTED_EDGE('',*,*,#5459,.T.);
#5459 = EDGE_CURVE('',#5460,#5462,#5464,.T.);
#5460 = VERTEX_POINT('',#5461);
#5461 = CARTESIAN_POINT('',(0.,0.4,0.));
#5462 = VERTEX_POINT('',#5463);
#5463 = CARTESIAN_POINT('',(0.,0.4,-12.1));
#5464 = SURFACE_CURVE('',#5465,(#5469),.PCURVE_S1.);
#5465 = LINE('',#5466,#5467);
#5466 = CARTESIAN_POINT('',(0.,0.4,0.));
#5467 = VECTOR('',#5468,1.);
#5468 = DIRECTION('',(0.,0.,-1.));
#5469 = PCURVE('',#5470,#5475);
#5470 = B_SPLINE_SURFACE_WITH_KNOTS('',1,1,(
    (#5471,#5472)
    ,(#5473,#5474
    )),.UNSPECIFIED.,.F.,.F.,.F.,(2,2),(2,2),(0.,1.),(0.,1.),
  .PIECEWISE_BEZIER_KNOTS.);
#5471 = CARTESIAN_POINT('',(0.,0.4,0.));
#5472 = CARTESIAN_POINT('',(1.1,0.4,0.));
#5473 = CARTESIAN_POINT('',(0.,0.4,-12.1));
#5474 = CARTESIAN_POINT('',(1.1,0.4,-12.1));
#5475 = DEFINITIONAL_REPRESENTATION('',(#5476),#5479);
#5476 = B_SPLINE_CURVE_WITH_KNOTS('',1,(#5477,#5478),.UNSPECIFIED.,.F.,
  .F.,(2,2),(0.,12.1),.PIECEWISE_BEZIER_KNOTS.);
#5477 = CARTESIAN_POINT('',(0.,0.));
#5478 = CARTESIAN_POINT('',(1.,0.));
#5479 = ( GEOMETRIC_REPRESENTATION_CONTEXT(2) 
PARAMETRIC_REPRESENTATION_CONTEXT() REPRESENTATION_CONTEXT('2D SPACE',''
  ) );
#5480 = ORIENTED_EDGE('',*,*,#5481,.T.);
#5481 = EDGE_CURVE('',#5462,#5482,#5484,.T.);
#5482 = VERTEX_POINT('',#5483);
#5483 = CARTESIAN_POINT('',(1.1,0.4,-12.1));
#5484 = SURFACE_CURVE('',#5485,(#5489),.PCURVE_S1.);
#5485 = LINE('',#5486,#5487);
#5486 = CARTESIAN_POINT('',(0.,0.4,-12.1));
#5487 = VECTOR('',#5488,1.);
#5488 = DIRECTION('',(1.,0.,0.));
#5489 = PCURVE('',#5470,#5490);
#5490 = DEFINITIONAL_REPRESENTATION('',(#5491),#5494);
#5491 = B_SPLINE_CURVE_WITH_KNOTS('',1,(#5492,#5493),.UNSPECIFIED.,.F.,
  .F.,(2,2),(0.,1.1),.PIECEWISE_BEZIER_KNOTS.);
#5492 = CARTESIAN_POINT('',(1.,0.));
#5493 = CARTESIAN_POINT('',(1.,1.));
#5494 = ( GEOMETRIC_REPRESENTATION_CONTEXT(2) 
PARAMETRIC_REPRESENTATION_CONTEXT() REPRESENTATION_CONTEXT('2D SPACE',''
  ) );
#5495 = ORIENTED_EDGE('',*,*,#5496,.T.);
#5496 = EDGE_CURVE('',#5482,#5497,#5499,.T.);
#5497 = VERTEX_POINT('',#5498);
#5498 = CARTESIAN_POINT('',(1.1,0.4,0.));
#5499 = SURFACE_CURVE('',#5500,(#5504),.PCURVE_S1.);
#5500 = LINE('',#5501,#5502);
#5501 = CARTESIAN_POINT('',(1.1,0.4,-12.1));
#5502 = VECTOR('',#5503,1.);
#5503 = DIRECTION('',(0.,0.,1.));
#5504 = PCURVE('',#5470,#5505);
#5505 = DEFINITIONAL_REPRESENTATION('',(#5506),#5509);
#5506 = B_SPLINE_CURVE_WITH_KNOTS('',1,(#5507,#5508),.UNSPECIFIED.,.F.,
  .F.,(2,2),(0.,12.1),.PIECEWISE_BEZIER_KNOTS.);
#5507 = CARTESIAN_POINT('',(1.,1.));
#5508 = CARTESIAN_POINT('',(0.,1.));
#5509 = ( GEOMETRIC_REPRESENTATION_CONTEXT(2) 
PARAMETRIC_REPRESENTATION_CONTEXT() REPRESENTATION_CONTEXT('2D SPACE',''
  ) );
#5510 = ORIENTED_EDGE('',*,*,#5511,.T.);
#5511 = EDGE_CURVE('',#5497,#5460,#5512,.T.);
#5512 = SURFACE_CURVE('',#5513,(#5517),.PCURVE_S1.);
#5513 = LINE('',#5514,#5515);
#5514 = CARTESIAN_POINT('',(1.1,0.4,0.));
#5515 = VECTOR('',#5516,1.);
#5516 = DIRECTION('',(-1.,0.,0.));
#5517 = PCURVE('',#5470,#5518);
#5518 = DEFINITIONAL_REPRESENTATION('',(#5519),#5522);
#5519 = B_SPLINE_CURVE_WITH_KNOTS('',1,(#5520,#5521),.UNSPECIFIED.,.F.,
  .F.,(2,2),(0.,1.1),.PIECEWISE_BEZIER_KNOTS.);
#5520 = CARTESIAN_POINT('',(0.,1.));
#5521 = CARTESIAN_POINT('',(0.,0.));
#5522 = ( GEOMETRIC_REPRESENTATION_CONTEXT(2) 
PARAMETRIC_REPRESENTATION_CONTEXT() REPRESENTATION_CONTEXT('2D SPACE',''
  ) );
#5523 = FACE_BOUND('',#5524,.T.);
#5524 = EDGE_LOOP('',(#5525,#5542,#5557,#5572));
#5525 = ORIENTED_EDGE('',*,*,#5526,.T.);
#5526 = EDGE_CURVE('',#5527,#5529,#5531,.T.);
#5527 = VERTEX_POINT('',#5528);
#5528 = CARTESIAN_POINT('',(0.7,0.4,-11.));
#5529 = VERTEX_POINT('',#5530);
#5530 = CARTESIAN_POINT('',(1.,0.4,-11.));
#5531 = SURFACE_CURVE('',#5532,(#5536),.PCURVE_S1.);
#5532 = LINE('',#5533,#5534);
#5533 = CARTESIAN_POINT('',(0.7,0.4,-11.));
#5534 = VECTOR('',#5535,1.);
#5535 = DIRECTION('',(1.,0.,0.));
#5536 = PCURVE('',#5470,#5537);
#5537 = DEFINITIONAL_REPRESENTATION('',(#5538),#5541);
#5538 = B_SPLINE_CURVE_WITH_KNOTS('',1,(#5539,#5540),.UNSPECIFIED.,.F.,
  .F.,(2,2),(0.,0.3),.PIECEWISE_BEZIER_KNOTS.);
#5539 = CARTESIAN_POINT('',(0.909090909,0.636363636));
#5540 = CARTESIAN_POINT('',(0.909090909,0.909090909));
#5541 = ( GEOMETRIC_REPRESENTATION_CONTEXT(2) 
PARAMETRIC_REPRESENTATION_CONTEXT() REPRESENTATION_CONTEXT('2D SPACE',''
  ) );
#5542 = ORIENTED_EDGE('',*,*,#5543,.T.);
#5543 = EDGE_CURVE('',#5529,#5544,#5546,.T.);
#5544 = VERTEX_POINT('',#5545);
#5545 = CARTESIAN_POINT('',(1.,0.4,-12.));
#5546 = SURFACE_CURVE('',#5547,(#5551),.PCURVE_S1.);
#5547 = LINE('',#5548,#5549);
#5548 = CARTESIAN_POINT('',(1.,0.4,-11.));
#5549 = VECTOR('',#5550,1.);
#5550 = DIRECTION('',(0.,0.,-1.));
#5551 = PCURVE('',#5470,#5552);
#5552 = DEFINITIONAL_REPRESENTATION('',(#5553),#5556);
#5553 = B_SPLINE_CURVE_WITH_KNOTS('',1,(#5554,#5555),.UNSPECIFIED.,.F.,
  .F.,(2,2),(0.,1.),.PIECEWISE_BEZIER_KNOTS.);
#5554 = CARTESIAN_POINT('',(0.909090909,0.909090909));
#5555 = CARTESIAN_POINT('',(0.991735537,0.909090909));
#5556 = ( GEOMETRIC_REPRESENTATION_CONTEXT(2) 
PARAMETRIC_REPRESENTATION_CONTEXT() REPRESENTATION_CONTEXT('2D SPACE',''
  ) );
#5557 = ORIENTED_EDGE('',*,*,#5558,.T.);
#5558 = EDGE_CURVE('',#5544,#5559,#5561,.T.);
#5559 = VERTEX_POINT('',#5560);
#5560 = CARTESIAN_POINT('',(0.7,0.4,-12.));
#5561 = SURFACE_CURVE('',#5562,(#5566),.PCURVE_S1.);
#5562 = LINE('',#5563,#5564);
#5563 = CARTESIAN_POINT('',(1.,0.4,-12.));
#5564 = VECTOR('',#5565,1.);
#5565 = DIRECTION('',(-1.,0.,0.));
#5566 = PCURVE('',#5470,#5567);
#5567 = DEFINITIONAL_REPRESENTATION('',(#5568),#5571);
#5568 = B_SPLINE_CURVE_WITH_KNOTS('',1,(#5569,#5570),.UNSPECIFIED.,.F.,
  .F.,(2,2),(0.,0.3),.PIECEWISE_BEZIER_KNOTS.);
#5569 = CARTESIAN_POINT('',(0.991735537,0.909090909));
#5570 = CARTESIAN_POINT('',(0.991735537,0.636363636));
#5571 = ( GEOMETRIC_REPRESENTATION_CONTEXT(2) 
PARAMETRIC_REPRESENTATION_CONTEXT() REPRESENTATION_CONTEXT('2D SPACE',''
  ) );
#5572 = ORIENTED_EDGE('',*,*,#5573,.T.);
#5573 = EDGE_CURVE('',#5559,#5527,#5574,.T.);
#5574 = SURFACE_CURVE('',#5575,(#5579),.PCURVE_S1.);
#5575 = LINE('',#5576,#5577);
#5576 = CARTESIAN_POINT('',(0.7,0.4,-12.));
#5577 = VECTOR('',#5578,1.);
#5578 = DIRECTION('',(0.,0.,1.));
#5579 = PCURVE('',#5470,#5580);
#5580 = DEFINITIONAL_REPRESENTATION('',(#5581),#5584);
#5581 = B_SPLINE_CURVE_WITH_KNOTS('',1,(#5582,#5583),.UNSPECIFIED.,.F.,
  .F.,(2,2),(0.,1.),.PIECEWISE_BEZIER_KNOTS.);
#5582 = CARTESIAN_POINT('',(0.991735537,0.636363636));
#5583 = CARTESIAN_POINT('',(0.909090909,0.636363636));
#5584 = ( GEOMETRIC_REPRESENTATION_CONTEXT(2) 
PARAMETRIC_REPRESENTATION_CONTEXT() REPRESENTATION_CONTEXT('2D SPACE',''
  ) );
#5585 = ( GEOMETRIC_REPRESENTATION_CONTEXT(3) 
GLOBAL_UNCERTAINTY_ASSIGNED_CONTEXT((#5589)) 
GLOBAL_UNIT_ASSIGNED_CONTEXT((#5586,#5587,#5588)) REPRESENTATION_CONTEXT
('Context #1','3D Context with UNIT and UNCERTAINTY') );
#5586 = ( LENGTH_UNIT() NAMED_UNIT(*) SI_UNIT(.MILLI.,.METRE.) );
#5587 = ( NAMED_UNIT(*) PLANE_ANGLE_UNIT() SI_UNIT($,.RADIAN.) );
#5588 = ( NAMED_UNIT(*) SI_UNIT($,.STERADIAN.) SOLID_ANGLE_UNIT() );
#5589 = UNCERTAINTY_MEASURE_WITH_UNIT(LENGTH_MEASURE(1.E-07),#5586,
  'distance_accuracy_value','confusion accuracy');
#5590 = SHAPE_DEFINITION_REPRESENTATION(#5591,#5452);
#5591 = PRODUCT_DEFINITION_SHAPE('','',#5592);
#5592 = PRODUCT_DEFINITION('design','',#5593,#5596);
#5593 = PRODUCT_DEFINITION_FORMATION('','',#5594);
#5594 = PRODUCT('eMachineShop.26',
  'eMachineShop.26','',(#5595));
#5595 = PRODUCT_CONTEXT('',#2,'mechanical');
#5596 = PRODUCT_DEFINITION_CONTEXT('part definition',#2,'design');
#5597 = CONTEXT_DEPENDENT_SHAPE_REPRESENTATION(#5598,#5600);
#5598 = ( REPRESENTATION_RELATIONSHIP('','',#5452,#10) 
REPRESENTATION_RELATIONSHIP_WITH_TRANSFORMATION(#5599) 
SHAPE_REPRESENTATION_RELATIONSHIP() );
#5599 = ITEM_DEFINED_TRANSFORMATION('','',#11,#115);
#5600 = PRODUCT_DEFINITION_SHAPE('Placement','Placement of an item',
  #5601);
#5601 = NEXT_ASSEMBLY_USAGE_OCCURRENCE('26','','',#5,#5592,$);
#5602 = PRODUCT_RELATED_PRODUCT_CATEGORY('part',$,(#5594));
#5603 = MANIFOLD_SURFACE_SHAPE_REPRESENTATION('',(#11,#5604),#5679);
#5604 = SHELL_BASED_SURFACE_MODEL('',(#5605));
#5605 = OPEN_SHELL('',(#5606));
#5606 = ADVANCED_FACE('',(#5607),#5622,.T.);
#5607 = FACE_BOUND('',#5608,.T.);
#5608 = EDGE_LOOP('',(#5609,#5635,#5650,#5666));
#5609 = ORIENTED_EDGE('',*,*,#5610,.F.);
#5610 = EDGE_CURVE('',#5611,#5613,#5615,.T.);
#5611 = VERTEX_POINT('',#5612);
#5612 = CARTESIAN_POINT('',(3.6,1.224646799147E-17,-1.7));
#5613 = VERTEX_POINT('',#5614);
#5614 = CARTESIAN_POINT('',(3.6,-1.224646799147E-17,-2.5));
#5615 = SURFACE_CURVE('',#5616,(#5621),.PCURVE_S1.);
#5616 = CIRCLE('',#5617,0.4);
#5617 = AXIS2_PLACEMENT_3D('',#5618,#5619,#5620);
#5618 = CARTESIAN_POINT('',(3.6,0.,-2.1));
#5619 = DIRECTION('',(0.,-1.,6.123233995737E-17));
#5620 = DIRECTION('',(6.123233995737E-17,6.123233995737E-17,1.));
#5621 = PCURVE('',#5622,#5630);
#5622 = SURFACE_OF_REVOLUTION('',#5623,#5627);
#5623 = LINE('',#5624,#5625);
#5624 = CARTESIAN_POINT('',(3.6,-0.6,-1.7));
#5625 = VECTOR('',#5626,1.);
#5626 = DIRECTION('',(0.,1.,0.));
#5627 = AXIS1_PLACEMENT('',#5628,#5629);
#5628 = CARTESIAN_POINT('',(3.6,-1.,-2.1));
#5629 = DIRECTION('',(0.,-1.,0.));
#5630 = DEFINITIONAL_REPRESENTATION('',(#5631),#5634);
#5631 = B_SPLINE_CURVE_WITH_KNOTS('',1,(#5632,#5633),.UNSPECIFIED.,.F.,
  .F.,(2,2),(-8.881784197001E-16,3.14159265359),
  .PIECEWISE_BEZIER_KNOTS.);
#5632 = CARTESIAN_POINT('',(1.795896764634E-10,0.6));
#5633 = CARTESIAN_POINT('',(3.14159265318,0.6));
#5634 = ( GEOMETRIC_REPRESENTATION_CONTEXT(2) 
PARAMETRIC_REPRESENTATION_CONTEXT() REPRESENTATION_CONTEXT('2D SPACE',''
  ) );
#5635 = ORIENTED_EDGE('',*,*,#5636,.F.);
#5636 = EDGE_CURVE('',#5637,#5611,#5639,.T.);
#5637 = VERTEX_POINT('',#5638);
#5638 = CARTESIAN_POINT('',(3.6,-0.6,-1.7));
#5639 = SURFACE_CURVE('',#5640,(#5644),.PCURVE_S1.);
#5640 = LINE('',#5641,#5642);
#5641 = CARTESIAN_POINT('',(3.6,-0.6,-1.7));
#5642 = VECTOR('',#5643,1.);
#5643 = DIRECTION('',(0.,1.,0.));
#5644 = PCURVE('',#5622,#5645);
#5645 = DEFINITIONAL_REPRESENTATION('',(#5646),#5649);
#5646 = B_SPLINE_CURVE_WITH_KNOTS('',1,(#5647,#5648),.UNSPECIFIED.,.F.,
  .F.,(2,2),(0.,0.6),.PIECEWISE_BEZIER_KNOTS.);
#5647 = CARTESIAN_POINT('',(1.795896764634E-10,-2.39257568249E-26));
#5648 = CARTESIAN_POINT('',(1.795896764634E-10,0.6));
#5649 = ( GEOMETRIC_REPRESENTATION_CONTEXT(2) 
PARAMETRIC_REPRESENTATION_CONTEXT() REPRESENTATION_CONTEXT('2D SPACE',''
  ) );
#5650 = ORIENTED_EDGE('',*,*,#5651,.F.);
#5651 = EDGE_CURVE('',#5652,#5637,#5654,.T.);
#5652 = VERTEX_POINT('',#5653);
#5653 = CARTESIAN_POINT('',(3.6,-0.6,-2.5));
#5654 = SURFACE_CURVE('',#5655,(#5660),.PCURVE_S1.);
#5655 = CIRCLE('',#5656,0.4);
#5656 = AXIS2_PLACEMENT_3D('',#5657,#5658,#5659);
#5657 = CARTESIAN_POINT('',(3.6,-0.6,-2.1));
#5658 = DIRECTION('',(0.,1.,6.123233995737E-17));
#5659 = DIRECTION('',(6.123233995737E-17,6.123233995737E-17,-1.));
#5660 = PCURVE('',#5622,#5661);
#5661 = DEFINITIONAL_REPRESENTATION('',(#5662),#5665);
#5662 = B_SPLINE_CURVE_WITH_KNOTS('',1,(#5663,#5664),.UNSPECIFIED.,.F.,
  .F.,(2,2),(6.123233995737E-17,3.14159265359),
  .PIECEWISE_BEZIER_KNOTS.);
#5663 = CARTESIAN_POINT('',(3.14159265318,-4.185442197064E-16));
#5664 = CARTESIAN_POINT('',(1.795896764634E-10,-2.39257568249E-26));
#5665 = ( GEOMETRIC_REPRESENTATION_CONTEXT(2) 
PARAMETRIC_REPRESENTATION_CONTEXT() REPRESENTATION_CONTEXT('2D SPACE',''
  ) );
#5666 = ORIENTED_EDGE('',*,*,#5667,.F.);
#5667 = EDGE_CURVE('',#5613,#5652,#5668,.T.);
#5668 = SURFACE_CURVE('',#5669,(#5673),.PCURVE_S1.);
#5669 = LINE('',#5670,#5671);
#5670 = CARTESIAN_POINT('',(3.6,0.,-2.5));
#5671 = VECTOR('',#5672,1.);
#5672 = DIRECTION('',(0.,-1.,0.));
#5673 = PCURVE('',#5622,#5674);
#5674 = DEFINITIONAL_REPRESENTATION('',(#5675),#5678);
#5675 = B_SPLINE_CURVE_WITH_KNOTS('',1,(#5676,#5677),.UNSPECIFIED.,.F.,
  .F.,(2,2),(0.,0.6),.PIECEWISE_BEZIER_KNOTS.);
#5676 = CARTESIAN_POINT('',(3.14159265318,0.6));
#5677 = CARTESIAN_POINT('',(3.14159265318,-4.185442197064E-16));
#5678 = ( GEOMETRIC_REPRESENTATION_CONTEXT(2) 
PARAMETRIC_REPRESENTATION_CONTEXT() REPRESENTATION_CONTEXT('2D SPACE',''
  ) );
#5679 = ( GEOMETRIC_REPRESENTATION_CONTEXT(3) 
GLOBAL_UNCERTAINTY_ASSIGNED_CONTEXT((#5683)) 
GLOBAL_UNIT_ASSIGNED_CONTEXT((#5680,#5681,#5682)) REPRESENTATION_CONTEXT
('Context #1','3D Context with UNIT and UNCERTAINTY') );
#5680 = ( LENGTH_UNIT() NAMED_UNIT(*) SI_UNIT(.MILLI.,.METRE.) );
#5681 = ( NAMED_UNIT(*) PLANE_ANGLE_UNIT() SI_UNIT($,.RADIAN.) );
#5682 = ( NAMED_UNIT(*) SI_UNIT($,.STERADIAN.) SOLID_ANGLE_UNIT() );
#5683 = UNCERTAINTY_MEASURE_WITH_UNIT(LENGTH_MEASURE(1.E-07),#5680,
  'distance_accuracy_value','confusion accuracy');
#5684 = SHAPE_DEFINITION_REPRESENTATION(#5685,#5603);
#5685 = PRODUCT_DEFINITION_SHAPE('','',#5686);
#5686 = PRODUCT_DEFINITION('design','',#5687,#5690);
#5687 = PRODUCT_DEFINITION_FORMATION('','',#5688);
#5688 = PRODUCT('eMachineShop.27',
  'eMachineShop.27','',(#5689));
#5689 = PRODUCT_CONTEXT('',#2,'mechanical');
#5690 = PRODUCT_DEFINITION_CONTEXT('part definition',#2,'design');
#5691 = CONTEXT_DEPENDENT_SHAPE_REPRESENTATION(#5692,#5694);
#5692 = ( REPRESENTATION_RELATIONSHIP('','',#5603,#10) 
REPRESENTATION_RELATIONSHIP_WITH_TRANSFORMATION(#5693) 
SHAPE_REPRESENTATION_RELATIONSHIP() );
#5693 = ITEM_DEFINED_TRANSFORMATION('','',#11,#119);
#5694 = PRODUCT_DEFINITION_SHAPE('Placement','Placement of an item',
  #5695);
#5695 = NEXT_ASSEMBLY_USAGE_OCCURRENCE('27','','',#5,#5686,$);
#5696 = PRODUCT_RELATED_PRODUCT_CATEGORY('part',$,(#5688));
#5697 = MANIFOLD_SURFACE_SHAPE_REPRESENTATION('',(#11,#5698),#5773);
#5698 = SHELL_BASED_SURFACE_MODEL('',(#5699));
#5699 = OPEN_SHELL('',(#5700));
#5700 = ADVANCED_FACE('',(#5701),#5716,.T.);
#5701 = FACE_BOUND('',#5702,.T.);
#5702 = EDGE_LOOP('',(#5703,#5729,#5744,#5760));
#5703 = ORIENTED_EDGE('',*,*,#5704,.F.);
#5704 = EDGE_CURVE('',#5705,#5707,#5709,.T.);
#5705 = VERTEX_POINT('',#5706);
#5706 = CARTESIAN_POINT('',(3.6,1.224646799147E-17,-9.2));
#5707 = VERTEX_POINT('',#5708);
#5708 = CARTESIAN_POINT('',(3.6,-1.224646799147E-17,-10.));
#5709 = SURFACE_CURVE('',#5710,(#5715),.PCURVE_S1.);
#5710 = CIRCLE('',#5711,0.4);
#5711 = AXIS2_PLACEMENT_3D('',#5712,#5713,#5714);
#5712 = CARTESIAN_POINT('',(3.6,0.,-9.6));
#5713 = DIRECTION('',(0.,-1.,6.123233995737E-17));
#5714 = DIRECTION('',(6.123233995737E-17,6.123233995737E-17,1.));
#5715 = PCURVE('',#5716,#5724);
#5716 = SURFACE_OF_REVOLUTION('',#5717,#5721);
#5717 = LINE('',#5718,#5719);
#5718 = CARTESIAN_POINT('',(3.6,-0.6,-9.2));
#5719 = VECTOR('',#5720,1.);
#5720 = DIRECTION('',(0.,1.,0.));
#5721 = AXIS1_PLACEMENT('',#5722,#5723);
#5722 = CARTESIAN_POINT('',(3.6,-1.,-9.6));
#5723 = DIRECTION('',(0.,-1.,0.));
#5724 = DEFINITIONAL_REPRESENTATION('',(#5725),#5728);
#5725 = B_SPLINE_CURVE_WITH_KNOTS('',1,(#5726,#5727),.UNSPECIFIED.,.F.,
  .F.,(2,2),(-8.881784197001E-16,3.14159265359),
  .PIECEWISE_BEZIER_KNOTS.);
#5726 = CARTESIAN_POINT('',(1.795896764634E-10,0.6));
#5727 = CARTESIAN_POINT('',(3.14159265318,0.6));
#5728 = ( GEOMETRIC_REPRESENTATION_CONTEXT(2) 
PARAMETRIC_REPRESENTATION_CONTEXT() REPRESENTATION_CONTEXT('2D SPACE',''
  ) );
#5729 = ORIENTED_EDGE('',*,*,#5730,.F.);
#5730 = EDGE_CURVE('',#5731,#5705,#5733,.T.);
#5731 = VERTEX_POINT('',#5732);
#5732 = CARTESIAN_POINT('',(3.6,-0.6,-9.2));
#5733 = SURFACE_CURVE('',#5734,(#5738),.PCURVE_S1.);
#5734 = LINE('',#5735,#5736);
#5735 = CARTESIAN_POINT('',(3.6,-0.6,-9.2));
#5736 = VECTOR('',#5737,1.);
#5737 = DIRECTION('',(0.,1.,0.));
#5738 = PCURVE('',#5716,#5739);
#5739 = DEFINITIONAL_REPRESENTATION('',(#5740),#5743);
#5740 = B_SPLINE_CURVE_WITH_KNOTS('',1,(#5741,#5742),.UNSPECIFIED.,.F.,
  .F.,(2,2),(0.,0.6),.PIECEWISE_BEZIER_KNOTS.);
#5741 = CARTESIAN_POINT('',(1.795896764634E-10,-2.39257568249E-26));
#5742 = CARTESIAN_POINT('',(1.795896764634E-10,0.6));
#5743 = ( GEOMETRIC_REPRESENTATION_CONTEXT(2) 
PARAMETRIC_REPRESENTATION_CONTEXT() REPRESENTATION_CONTEXT('2D SPACE',''
  ) );
#5744 = ORIENTED_EDGE('',*,*,#5745,.F.);
#5745 = EDGE_CURVE('',#5746,#5731,#5748,.T.);
#5746 = VERTEX_POINT('',#5747);
#5747 = CARTESIAN_POINT('',(3.6,-0.6,-10.));
#5748 = SURFACE_CURVE('',#5749,(#5754),.PCURVE_S1.);
#5749 = CIRCLE('',#5750,0.4);
#5750 = AXIS2_PLACEMENT_3D('',#5751,#5752,#5753);
#5751 = CARTESIAN_POINT('',(3.6,-0.6,-9.6));
#5752 = DIRECTION('',(0.,1.,6.123233995737E-17));
#5753 = DIRECTION('',(6.123233995737E-17,6.123233995737E-17,-1.));
#5754 = PCURVE('',#5716,#5755);
#5755 = DEFINITIONAL_REPRESENTATION('',(#5756),#5759);
#5756 = B_SPLINE_CURVE_WITH_KNOTS('',1,(#5757,#5758),.UNSPECIFIED.,.F.,
  .F.,(2,2),(6.123233995737E-17,3.14159265359),
  .PIECEWISE_BEZIER_KNOTS.);
#5757 = CARTESIAN_POINT('',(3.14159265318,-4.185442197064E-16));
#5758 = CARTESIAN_POINT('',(1.795896764634E-10,-2.39257568249E-26));
#5759 = ( GEOMETRIC_REPRESENTATION_CONTEXT(2) 
PARAMETRIC_REPRESENTATION_CONTEXT() REPRESENTATION_CONTEXT('2D SPACE',''
  ) );
#5760 = ORIENTED_EDGE('',*,*,#5761,.F.);
#5761 = EDGE_CURVE('',#5707,#5746,#5762,.T.);
#5762 = SURFACE_CURVE('',#5763,(#5767),.PCURVE_S1.);
#5763 = LINE('',#5764,#5765);
#5764 = CARTESIAN_POINT('',(3.6,0.,-10.));
#5765 = VECTOR('',#5766,1.);
#5766 = DIRECTION('',(0.,-1.,0.));
#5767 = PCURVE('',#5716,#5768);
#5768 = DEFINITIONAL_REPRESENTATION('',(#5769),#5772);
#5769 = B_SPLINE_CURVE_WITH_KNOTS('',1,(#5770,#5771),.UNSPECIFIED.,.F.,
  .F.,(2,2),(0.,0.6),.PIECEWISE_BEZIER_KNOTS.);
#5770 = CARTESIAN_POINT('',(3.14159265318,0.6));
#5771 = CARTESIAN_POINT('',(3.14159265318,-4.185442197064E-16));
#5772 = ( GEOMETRIC_REPRESENTATION_CONTEXT(2) 
PARAMETRIC_REPRESENTATION_CONTEXT() REPRESENTATION_CONTEXT('2D SPACE',''
  ) );
#5773 = ( GEOMETRIC_REPRESENTATION_CONTEXT(3) 
GLOBAL_UNCERTAINTY_ASSIGNED_CONTEXT((#5777)) 
GLOBAL_UNIT_ASSIGNED_CONTEXT((#5774,#5775,#5776)) REPRESENTATION_CONTEXT
('Context #1','3D Context with UNIT and UNCERTAINTY') );
#5774 = ( LENGTH_UNIT() NAMED_UNIT(*) SI_UNIT(.MILLI.,.METRE.) );
#5775 = ( NAMED_UNIT(*) PLANE_ANGLE_UNIT() SI_UNIT($,.RADIAN.) );
#5776 = ( NAMED_UNIT(*) SI_UNIT($,.STERADIAN.) SOLID_ANGLE_UNIT() );
#5777 = UNCERTAINTY_MEASURE_WITH_UNIT(LENGTH_MEASURE(1.E-07),#5774,
  'distance_accuracy_value','confusion accuracy');
#5778 = SHAPE_DEFINITION_REPRESENTATION(#5779,#5697);
#5779 = PRODUCT_DEFINITION_SHAPE('','',#5780);
#5780 = PRODUCT_DEFINITION('design','',#5781,#5784);
#5781 = PRODUCT_DEFINITION_FORMATION('','',#5782);
#5782 = PRODUCT('eMachineShop.28',
  'eMachineShop.28','',(#5783));
#5783 = PRODUCT_CONTEXT('',#2,'mechanical');
#5784 = PRODUCT_DEFINITION_CONTEXT('part definition',#2,'design');
#5785 = CONTEXT_DEPENDENT_SHAPE_REPRESENTATION(#5786,#5788);
#5786 = ( REPRESENTATION_RELATIONSHIP('','',#5697,#10) 
REPRESENTATION_RELATIONSHIP_WITH_TRANSFORMATION(#5787) 
SHAPE_REPRESENTATION_RELATIONSHIP() );
#5787 = ITEM_DEFINED_TRANSFORMATION('','',#11,#123);
#5788 = PRODUCT_DEFINITION_SHAPE('Placement','Placement of an item',
  #5789);
#5789 = NEXT_ASSEMBLY_USAGE_OCCURRENCE('28','','',#5,#5780,$);
#5790 = PRODUCT_RELATED_PRODUCT_CATEGORY('part',$,(#5782));
#5791 = MANIFOLD_SURFACE_SHAPE_REPRESENTATION('',(#11,#5792),#5846);
#5792 = SHELL_BASED_SURFACE_MODEL('',(#5793));
#5793 = OPEN_SHELL('',(#5794));
#5794 = ADVANCED_FACE('',(#5795),#5814,.T.);
#5795 = FACE_BOUND('',#5796,.T.);
#5796 = EDGE_LOOP('',(#5797,#5828));
#5797 = ORIENTED_EDGE('',*,*,#5798,.T.);
#5798 = EDGE_CURVE('',#5799,#5801,#5803,.T.);
#5799 = VERTEX_POINT('',#5800);
#5800 = CARTESIAN_POINT('',(3.6,-0.6,-10.));
#5801 = VERTEX_POINT('',#5802);
#5802 = CARTESIAN_POINT('',(3.6,-0.6,-9.2));
#5803 = SURFACE_CURVE('',#5804,(#5813),.PCURVE_S1.);
#5804 = B_SPLINE_CURVE_WITH_KNOTS('',7,(#5805,#5806,#5807,#5808,#5809,
    #5810,#5811,#5812),.UNSPECIFIED.,.F.,.F.,(8,8),(0.,1.),
  .PIECEWISE_BEZIER_KNOTS.);
#5805 = CARTESIAN_POINT('',(3.600000004,-0.6,-10.));
#5806 = CARTESIAN_POINT('',(3.779519583086,-0.600000000032,
    -9.999999998205));
#5807 = CARTESIAN_POINT('',(3.958881984539,-0.600000000064,
    -9.905982512512));
#5808 = CARTESIAN_POINT('',(4.08018583046,-0.600000000086,
    -9.718150294009));
#5809 = CARTESIAN_POINT('',(4.080185830412,-0.600000000086,
    -9.481849705794));
#5810 = CARTESIAN_POINT('',(3.958881984413,-0.600000000064,
    -9.29401748734));
#5811 = CARTESIAN_POINT('',(3.779519582922,-0.600000000032,
    -9.200000001721));
#5812 = CARTESIAN_POINT('',(3.600000003836,-0.6,-9.2));
#5813 = PCURVE('',#5814,#5823);
#5814 = SURFACE_OF_REVOLUTION('',#5815,#5820);
#5815 = CIRCLE('',#5816,0.4);
#5816 = AXIS2_PLACEMENT_3D('',#5817,#5818,#5819);
#5817 = CARTESIAN_POINT('',(3.6,-0.6,-9.6));
#5818 = DIRECTION('',(3.552713678801E-15,-1.,6.123233995737E-17));
#5819 = DIRECTION('',(1.402715769533E-14,-6.123233995732E-17,-1.));
#5820 = AXIS1_PLACEMENT('',#5821,#5822);
#5821 = CARTESIAN_POINT('',(3.6,-0.6,-9.6));
#5822 = DIRECTION('',(0.,0.,-1.));
#5823 = DEFINITIONAL_REPRESENTATION('',(#5824),#5827);
#5824 = B_SPLINE_CURVE_WITH_KNOTS('',1,(#5825,#5826),.UNSPECIFIED.,.F.,
  .F.,(2,2),(0.,1.),.PIECEWISE_BEZIER_KNOTS.);
#5825 = CARTESIAN_POINT('',(6.283185307359,1.E-08));
#5826 = CARTESIAN_POINT('',(6.283185307359,3.141592644));
#5827 = ( GEOMETRIC_REPRESENTATION_CONTEXT(2) 
PARAMETRIC_REPRESENTATION_CONTEXT() REPRESENTATION_CONTEXT('2D SPACE',''
  ) );
#5828 = ORIENTED_EDGE('',*,*,#5829,.T.);
#5829 = EDGE_CURVE('',#5801,#5799,#5830,.T.);
#5830 = SURFACE_CURVE('',#5831,(#5840),.PCURVE_S1.);
#5831 = B_SPLINE_CURVE_WITH_KNOTS('',7,(#5832,#5833,#5834,#5835,#5836,
    #5837,#5838,#5839),.UNSPECIFIED.,.F.,.F.,(8,8),(0.,1.),
  .PIECEWISE_BEZIER_KNOTS.);
#5832 = CARTESIAN_POINT('',(3.599999996164,-0.6,-9.2));
#5833 = CARTESIAN_POINT('',(3.420480417078,-0.600000000074,
    -9.200000001722));
#5834 = CARTESIAN_POINT('',(3.241118015587,-0.600000000147,
    -9.29401748734));
#5835 = CARTESIAN_POINT('',(3.119814169588,-0.600000000197,
    -9.481849705794));
#5836 = CARTESIAN_POINT('',(3.11981416954,-0.600000000197,
    -9.718150294009));
#5837 = CARTESIAN_POINT('',(3.241118015461,-0.600000000147,
    -9.905982512512));
#5838 = CARTESIAN_POINT('',(3.420480416914,-0.600000000074,
    -9.999999998205));
#5839 = CARTESIAN_POINT('',(3.599999996,-0.6,-10.));
#5840 = PCURVE('',#5814,#5841);
#5841 = DEFINITIONAL_REPRESENTATION('',(#5842),#5845);
#5842 = B_SPLINE_CURVE_WITH_KNOTS('',1,(#5843,#5844),.UNSPECIFIED.,.F.,
  .F.,(2,2),(0.,1.),.PIECEWISE_BEZIER_KNOTS.);
#5843 = CARTESIAN_POINT('',(3.14159265318,3.141592644));
#5844 = CARTESIAN_POINT('',(3.14159265318,9.999999302426E-09));
#5845 = ( GEOMETRIC_REPRESENTATION_CONTEXT(2) 
PARAMETRIC_REPRESENTATION_CONTEXT() REPRESENTATION_CONTEXT('2D SPACE',''
  ) );
#5846 = ( GEOMETRIC_REPRESENTATION_CONTEXT(3) 
GLOBAL_UNCERTAINTY_ASSIGNED_CONTEXT((#5850)) 
GLOBAL_UNIT_ASSIGNED_CONTEXT((#5847,#5848,#5849)) REPRESENTATION_CONTEXT
('Context #1','3D Context with UNIT and UNCERTAINTY') );
#5847 = ( LENGTH_UNIT() NAMED_UNIT(*) SI_UNIT(.MILLI.,.METRE.) );
#5848 = ( NAMED_UNIT(*) PLANE_ANGLE_UNIT() SI_UNIT($,.RADIAN.) );
#5849 = ( NAMED_UNIT(*) SI_UNIT($,.STERADIAN.) SOLID_ANGLE_UNIT() );
#5850 = UNCERTAINTY_MEASURE_WITH_UNIT(LENGTH_MEASURE(1.E-05),#5847,
  'distance_accuracy_value','confusion accuracy');
#5851 = SHAPE_DEFINITION_REPRESENTATION(#5852,#5791);
#5852 = PRODUCT_DEFINITION_SHAPE('','',#5853);
#5853 = PRODUCT_DEFINITION('design','',#5854,#5857);
#5854 = PRODUCT_DEFINITION_FORMATION('','',#5855);
#5855 = PRODUCT('eMachineShop.29',
  'eMachineShop.29','',(#5856));
#5856 = PRODUCT_CONTEXT('',#2,'mechanical');
#5857 = PRODUCT_DEFINITION_CONTEXT('part definition',#2,'design');
#5858 = CONTEXT_DEPENDENT_SHAPE_REPRESENTATION(#5859,#5861);
#5859 = ( REPRESENTATION_RELATIONSHIP('','',#5791,#10) 
REPRESENTATION_RELATIONSHIP_WITH_TRANSFORMATION(#5860) 
SHAPE_REPRESENTATION_RELATIONSHIP() );
#5860 = ITEM_DEFINED_TRANSFORMATION('','',#11,#127);
#5861 = PRODUCT_DEFINITION_SHAPE('Placement','Placement of an item',
  #5862);
#5862 = NEXT_ASSEMBLY_USAGE_OCCURRENCE('29','','',#5,#5853,$);
#5863 = PRODUCT_RELATED_PRODUCT_CATEGORY('part',$,(#5855));
#5864 = MANIFOLD_SURFACE_SHAPE_REPRESENTATION('',(#11,#5865),#5919);
#5865 = SHELL_BASED_SURFACE_MODEL('',(#5866));
#5866 = OPEN_SHELL('',(#5867));
#5867 = ADVANCED_FACE('',(#5868),#5887,.T.);
#5868 = FACE_BOUND('',#5869,.T.);
#5869 = EDGE_LOOP('',(#5870,#5901));
#5870 = ORIENTED_EDGE('',*,*,#5871,.T.);
#5871 = EDGE_CURVE('',#5872,#5874,#5876,.T.);
#5872 = VERTEX_POINT('',#5873);
#5873 = CARTESIAN_POINT('',(3.6,-0.6,-2.5));
#5874 = VERTEX_POINT('',#5875);
#5875 = CARTESIAN_POINT('',(3.6,-0.6,-1.7));
#5876 = SURFACE_CURVE('',#5877,(#5886),.PCURVE_S1.);
#5877 = B_SPLINE_CURVE_WITH_KNOTS('',7,(#5878,#5879,#5880,#5881,#5882,
    #5883,#5884,#5885),.UNSPECIFIED.,.F.,.F.,(8,8),(0.,1.),
  .PIECEWISE_BEZIER_KNOTS.);
#5878 = CARTESIAN_POINT('',(3.600000004,-0.6,-2.5));
#5879 = CARTESIAN_POINT('',(3.779519583086,-0.600000000032,
    -2.499999998205));
#5880 = CARTESIAN_POINT('',(3.958881984538,-0.600000000064,
    -2.405982512512));
#5881 = CARTESIAN_POINT('',(4.08018583046,-0.600000000086,
    -2.218150294009));
#5882 = CARTESIAN_POINT('',(4.080185830412,-0.600000000086,
    -1.981849705794));
#5883 = CARTESIAN_POINT('',(3.958881984413,-0.600000000064,
    -1.79401748734));
#5884 = CARTESIAN_POINT('',(3.779519582922,-0.600000000032,
    -1.700000001722));
#5885 = CARTESIAN_POINT('',(3.600000003836,-0.6,-1.7));
#5886 = PCURVE('',#5887,#5896);
#5887 = SURFACE_OF_REVOLUTION('',#5888,#5893);
#5888 = CIRCLE('',#5889,0.4);
#5889 = AXIS2_PLACEMENT_3D('',#5890,#5891,#5892);
#5890 = CARTESIAN_POINT('',(3.6,-0.6,-2.1));
#5891 = DIRECTION('',(3.552713678801E-15,-1.,6.123233995737E-17));
#5892 = DIRECTION('',(1.402715769533E-14,-6.123233995732E-17,-1.));
#5893 = AXIS1_PLACEMENT('',#5894,#5895);
#5894 = CARTESIAN_POINT('',(3.6,-0.6,-2.1));
#5895 = DIRECTION('',(0.,0.,-1.));
#5896 = DEFINITIONAL_REPRESENTATION('',(#5897),#5900);
#5897 = B_SPLINE_CURVE_WITH_KNOTS('',1,(#5898,#5899),.UNSPECIFIED.,.F.,
  .F.,(2,2),(0.,1.),.PIECEWISE_BEZIER_KNOTS.);
#5898 = CARTESIAN_POINT('',(6.283185307359,1.E-08));
#5899 = CARTESIAN_POINT('',(6.283185307359,3.141592644));
#5900 = ( GEOMETRIC_REPRESENTATION_CONTEXT(2) 
PARAMETRIC_REPRESENTATION_CONTEXT() REPRESENTATION_CONTEXT('2D SPACE',''
  ) );
#5901 = ORIENTED_EDGE('',*,*,#5902,.T.);
#5902 = EDGE_CURVE('',#5874,#5872,#5903,.T.);
#5903 = SURFACE_CURVE('',#5904,(#5913),.PCURVE_S1.);
#5904 = B_SPLINE_CURVE_WITH_KNOTS('',7,(#5905,#5906,#5907,#5908,#5909,
    #5910,#5911,#5912),.UNSPECIFIED.,.F.,.F.,(8,8),(0.,1.),
  .PIECEWISE_BEZIER_KNOTS.);
#5905 = CARTESIAN_POINT('',(3.599999996164,-0.6,-1.7));
#5906 = CARTESIAN_POINT('',(3.420480417078,-0.600000000074,
    -1.700000001722));
#5907 = CARTESIAN_POINT('',(3.241118015587,-0.600000000147,
    -1.79401748734));
#5908 = CARTESIAN_POINT('',(3.119814169588,-0.600000000197,
    -1.981849705794));
#5909 = CARTESIAN_POINT('',(3.11981416954,-0.600000000197,
    -2.218150294009));
#5910 = CARTESIAN_POINT('',(3.241118015462,-0.600000000147,
    -2.405982512512));
#5911 = CARTESIAN_POINT('',(3.420480416914,-0.600000000074,
    -2.499999998205));
#5912 = CARTESIAN_POINT('',(3.599999996,-0.6,-2.5));
#5913 = PCURVE('',#5887,#5914);
#5914 = DEFINITIONAL_REPRESENTATION('',(#5915),#5918);
#5915 = B_SPLINE_CURVE_WITH_KNOTS('',1,(#5916,#5917),.UNSPECIFIED.,.F.,
  .F.,(2,2),(0.,1.),.PIECEWISE_BEZIER_KNOTS.);
#5916 = CARTESIAN_POINT('',(3.14159265318,3.141592644));
#5917 = CARTESIAN_POINT('',(3.14159265318,9.999999302426E-09));
#5918 = ( GEOMETRIC_REPRESENTATION_CONTEXT(2) 
PARAMETRIC_REPRESENTATION_CONTEXT() REPRESENTATION_CONTEXT('2D SPACE',''
  ) );
#5919 = ( GEOMETRIC_REPRESENTATION_CONTEXT(3) 
GLOBAL_UNCERTAINTY_ASSIGNED_CONTEXT((#5923)) 
GLOBAL_UNIT_ASSIGNED_CONTEXT((#5920,#5921,#5922)) REPRESENTATION_CONTEXT
('Context #1','3D Context with UNIT and UNCERTAINTY') );
#5920 = ( LENGTH_UNIT() NAMED_UNIT(*) SI_UNIT(.MILLI.,.METRE.) );
#5921 = ( NAMED_UNIT(*) PLANE_ANGLE_UNIT() SI_UNIT($,.RADIAN.) );
#5922 = ( NAMED_UNIT(*) SI_UNIT($,.STERADIAN.) SOLID_ANGLE_UNIT() );
#5923 = UNCERTAINTY_MEASURE_WITH_UNIT(LENGTH_MEASURE(1.E-05),#5920,
  'distance_accuracy_value','confusion accuracy');
#5924 = SHAPE_DEFINITION_REPRESENTATION(#5925,#5864);
#5925 = PRODUCT_DEFINITION_SHAPE('','',#5926);
#5926 = PRODUCT_DEFINITION('design','',#5927,#5930);
#5927 = PRODUCT_DEFINITION_FORMATION('','',#5928);
#5928 = PRODUCT('eMachineShop.30',
  'eMachineShop.30','',(#5929));
#5929 = PRODUCT_CONTEXT('',#2,'mechanical');
#5930 = PRODUCT_DEFINITION_CONTEXT('part definition',#2,'design');
#5931 = CONTEXT_DEPENDENT_SHAPE_REPRESENTATION(#5932,#5934);
#5932 = ( REPRESENTATION_RELATIONSHIP('','',#5864,#10) 
REPRESENTATION_RELATIONSHIP_WITH_TRANSFORMATION(#5933) 
SHAPE_REPRESENTATION_RELATIONSHIP() );
#5933 = ITEM_DEFINED_TRANSFORMATION('','',#11,#131);
#5934 = PRODUCT_DEFINITION_SHAPE('Placement','Placement of an item',
  #5935);
#5935 = NEXT_ASSEMBLY_USAGE_OCCURRENCE('30','','',#5,#5926,$);
#5936 = PRODUCT_RELATED_PRODUCT_CATEGORY('part',$,(#5928));
#5937 = MANIFOLD_SURFACE_SHAPE_REPRESENTATION('',(#11,#5938),#6008);
#5938 = SHELL_BASED_SURFACE_MODEL('',(#5939));
#5939 = OPEN_SHELL('',(#5940));
#5940 = ADVANCED_FACE('',(#5941),#5955,.T.);
#5941 = FACE_BOUND('',#5942,.T.);
#5942 = EDGE_LOOP('',(#5943,#5965,#5980,#5995));
#5943 = ORIENTED_EDGE('',*,*,#5944,.T.);
#5944 = EDGE_CURVE('',#5945,#5947,#5949,.T.);
#5945 = VERTEX_POINT('',#5946);
#5946 = CARTESIAN_POINT('',(6.2,0.4,-12.));
#5947 = VERTEX_POINT('',#5948);
#5948 = CARTESIAN_POINT('',(6.2,-0.8,-12.));
#5949 = SURFACE_CURVE('',#5950,(#5954),.PCURVE_S1.);
#5950 = LINE('',#5951,#5952);
#5951 = CARTESIAN_POINT('',(6.2,0.4,-12.));
#5952 = VECTOR('',#5953,1.);
#5953 = DIRECTION('',(0.,-1.,0.));
#5954 = PCURVE('',#5955,#5960);
#5955 = B_SPLINE_SURFACE_WITH_KNOTS('',1,1,(
    (#5956,#5957)
    ,(#5958,#5959
    )),.UNSPECIFIED.,.F.,.F.,.F.,(2,2),(2,2),(0.,1.),(0.,1.),
  .PIECEWISE_BEZIER_KNOTS.);
#5956 = CARTESIAN_POINT('',(6.2,0.4,-12.));
#5957 = CARTESIAN_POINT('',(6.2,0.4,-11.));
#5958 = CARTESIAN_POINT('',(6.2,-0.8,-12.));
#5959 = CARTESIAN_POINT('',(6.2,-0.8,-11.));
#5960 = DEFINITIONAL_REPRESENTATION('',(#5961),#5964);
#5961 = B_SPLINE_CURVE_WITH_KNOTS('',1,(#5962,#5963),.UNSPECIFIED.,.F.,
  .F.,(2,2),(0.,1.2),.PIECEWISE_BEZIER_KNOTS.);
#5962 = CARTESIAN_POINT('',(0.,0.));
#5963 = CARTESIAN_POINT('',(1.,0.));
#5964 = ( GEOMETRIC_REPRESENTATION_CONTEXT(2) 
PARAMETRIC_REPRESENTATION_CONTEXT() REPRESENTATION_CONTEXT('2D SPACE',''
  ) );
#5965 = ORIENTED_EDGE('',*,*,#5966,.T.);
#5966 = EDGE_CURVE('',#5947,#5967,#5969,.T.);
#5967 = VERTEX_POINT('',#5968);
#5968 = CARTESIAN_POINT('',(6.2,-0.8,-11.));
#5969 = SURFACE_CURVE('',#5970,(#5974),.PCURVE_S1.);
#5970 = LINE('',#5971,#5972);
#5971 = CARTESIAN_POINT('',(6.2,-0.8,-12.));
#5972 = VECTOR('',#5973,1.);
#5973 = DIRECTION('',(0.,0.,1.));
#5974 = PCURVE('',#5955,#5975);
#5975 = DEFINITIONAL_REPRESENTATION('',(#5976),#5979);
#5976 = B_SPLINE_CURVE_WITH_KNOTS('',1,(#5977,#5978),.UNSPECIFIED.,.F.,
  .F.,(2,2),(0.,1.),.PIECEWISE_BEZIER_KNOTS.);
#5977 = CARTESIAN_POINT('',(1.,0.));
#5978 = CARTESIAN_POINT('',(1.,1.));
#5979 = ( GEOMETRIC_REPRESENTATION_CONTEXT(2) 
PARAMETRIC_REPRESENTATION_CONTEXT() REPRESENTATION_CONTEXT('2D SPACE',''
  ) );
#5980 = ORIENTED_EDGE('',*,*,#5981,.T.);
#5981 = EDGE_CURVE('',#5967,#5982,#5984,.T.);
#5982 = VERTEX_POINT('',#5983);
#5983 = CARTESIAN_POINT('',(6.2,0.4,-11.));
#5984 = SURFACE_CURVE('',#5985,(#5989),.PCURVE_S1.);
#5985 = LINE('',#5986,#5987);
#5986 = CARTESIAN_POINT('',(6.2,-0.8,-11.));
#5987 = VECTOR('',#5988,1.);
#5988 = DIRECTION('',(0.,1.,0.));
#5989 = PCURVE('',#5955,#5990);
#5990 = DEFINITIONAL_REPRESENTATION('',(#5991),#5994);
#5991 = B_SPLINE_CURVE_WITH_KNOTS('',1,(#5992,#5993),.UNSPECIFIED.,.F.,
  .F.,(2,2),(0.,1.2),.PIECEWISE_BEZIER_KNOTS.);
#5992 = CARTESIAN_POINT('',(1.,1.));
#5993 = CARTESIAN_POINT('',(0.,1.));
#5994 = ( GEOMETRIC_REPRESENTATION_CONTEXT(2) 
PARAMETRIC_REPRESENTATION_CONTEXT() REPRESENTATION_CONTEXT('2D SPACE',''
  ) );
#5995 = ORIENTED_EDGE('',*,*,#5996,.T.);
#5996 = EDGE_CURVE('',#5982,#5945,#5997,.T.);
#5997 = SURFACE_CURVE('',#5998,(#6002),.PCURVE_S1.);
#5998 = LINE('',#5999,#6000);
#5999 = CARTESIAN_POINT('',(6.2,0.4,-11.));
#6000 = VECTOR('',#6001,1.);
#6001 = DIRECTION('',(0.,0.,-1.));
#6002 = PCURVE('',#5955,#6003);
#6003 = DEFINITIONAL_REPRESENTATION('',(#6004),#6007);
#6004 = B_SPLINE_CURVE_WITH_KNOTS('',1,(#6005,#6006),.UNSPECIFIED.,.F.,
  .F.,(2,2),(0.,1.),.PIECEWISE_BEZIER_KNOTS.);
#6005 = CARTESIAN_POINT('',(0.,1.));
#6006 = CARTESIAN_POINT('',(0.,0.));
#6007 = ( GEOMETRIC_REPRESENTATION_CONTEXT(2) 
PARAMETRIC_REPRESENTATION_CONTEXT() REPRESENTATION_CONTEXT('2D SPACE',''
  ) );
#6008 = ( GEOMETRIC_REPRESENTATION_CONTEXT(3) 
GLOBAL_UNCERTAINTY_ASSIGNED_CONTEXT((#6012)) 
GLOBAL_UNIT_ASSIGNED_CONTEXT((#6009,#6010,#6011)) REPRESENTATION_CONTEXT
('Context #1','3D Context with UNIT and UNCERTAINTY') );
#6009 = ( LENGTH_UNIT() NAMED_UNIT(*) SI_UNIT(.MILLI.,.METRE.) );
#6010 = ( NAMED_UNIT(*) PLANE_ANGLE_UNIT() SI_UNIT($,.RADIAN.) );
#6011 = ( NAMED_UNIT(*) SI_UNIT($,.STERADIAN.) SOLID_ANGLE_UNIT() );
#6012 = UNCERTAINTY_MEASURE_WITH_UNIT(LENGTH_MEASURE(1.E-07),#6009,
  'distance_accuracy_value','confusion accuracy');
#6013 = SHAPE_DEFINITION_REPRESENTATION(#6014,#5937);
#6014 = PRODUCT_DEFINITION_SHAPE('','',#6015);
#6015 = PRODUCT_DEFINITION('design','',#6016,#6019);
#6016 = PRODUCT_DEFINITION_FORMATION('','',#6017);
#6017 = PRODUCT('eMachineShop.31',
  'eMachineShop.31','',(#6018));
#6018 = PRODUCT_CONTEXT('',#2,'mechanical');
#6019 = PRODUCT_DEFINITION_CONTEXT('part definition',#2,'design');
#6020 = CONTEXT_DEPENDENT_SHAPE_REPRESENTATION(#6021,#6023);
#6021 = ( REPRESENTATION_RELATIONSHIP('','',#5937,#10) 
REPRESENTATION_RELATIONSHIP_WITH_TRANSFORMATION(#6022) 
SHAPE_REPRESENTATION_RELATIONSHIP() );
#6022 = ITEM_DEFINED_TRANSFORMATION('','',#11,#135);
#6023 = PRODUCT_DEFINITION_SHAPE('Placement','Placement of an item',
  #6024);
#6024 = NEXT_ASSEMBLY_USAGE_OCCURRENCE('31','','',#5,#6015,$);
#6025 = PRODUCT_RELATED_PRODUCT_CATEGORY('part',$,(#6017));
#6026 = MANIFOLD_SURFACE_SHAPE_REPRESENTATION('',(#11,#6027),#6102);
#6027 = SHELL_BASED_SURFACE_MODEL('',(#6028));
#6028 = OPEN_SHELL('',(#6029));
#6029 = ADVANCED_FACE('',(#6030),#6044,.T.);
#6030 = FACE_BOUND('',#6031,.T.);
#6031 = EDGE_LOOP('',(#6032,#6057,#6073,#6088));
#6032 = ORIENTED_EDGE('',*,*,#6033,.F.);
#6033 = EDGE_CURVE('',#6034,#6036,#6038,.T.);
#6034 = VERTEX_POINT('',#6035);
#6035 = CARTESIAN_POINT('',(6.2,-0.799999999952,-11.));
#6036 = VERTEX_POINT('',#6037);
#6037 = CARTESIAN_POINT('',(6.2,-0.8,-12.));
#6038 = SURFACE_CURVE('',#6039,(#6043),.PCURVE_S1.);
#6039 = LINE('',#6040,#6041);
#6040 = CARTESIAN_POINT('',(6.2,-0.8,-11.));
#6041 = VECTOR('',#6042,1.);
#6042 = DIRECTION('',(0.,0.,-1.));
#6043 = PCURVE('',#6044,#6052);
#6044 = SURFACE_OF_REVOLUTION('',#6045,#6049);
#6045 = LINE('',#6046,#6047);
#6046 = CARTESIAN_POINT('',(6.2,-0.8,-11.));
#6047 = VECTOR('',#6048,1.);
#6048 = DIRECTION('',(0.,0.,-1.));
#6049 = AXIS1_PLACEMENT('',#6050,#6051);
#6050 = CARTESIAN_POINT('',(6.6,-0.8,-11.));
#6051 = DIRECTION('',(0.,0.,1.));
#6052 = DEFINITIONAL_REPRESENTATION('',(#6053),#6056);
#6053 = B_SPLINE_CURVE_WITH_KNOTS('',1,(#6054,#6055),.UNSPECIFIED.,.F.,
  .F.,(2,2),(0.,1.),.PIECEWISE_BEZIER_KNOTS.);
#6054 = CARTESIAN_POINT('',(1.795896764634E-10,-3.987612989802E-26));
#6055 = CARTESIAN_POINT('',(1.795896764634E-10,1.));
#6056 = ( GEOMETRIC_REPRESENTATION_CONTEXT(2) 
PARAMETRIC_REPRESENTATION_CONTEXT() REPRESENTATION_CONTEXT('2D SPACE',''
  ) );
#6057 = ORIENTED_EDGE('',*,*,#6058,.F.);
#6058 = EDGE_CURVE('',#6059,#6034,#6061,.T.);
#6059 = VERTEX_POINT('',#6060);
#6060 = CARTESIAN_POINT('',(6.28628606323,-1.048160363758,-11.));
#6061 = SURFACE_CURVE('',#6062,(#6067),.PCURVE_S1.);
#6062 = CIRCLE('',#6063,0.4);
#6063 = AXIS2_PLACEMENT_3D('',#6064,#6065,#6066);
#6064 = CARTESIAN_POINT('',(6.6,-0.8,-11.));
#6065 = DIRECTION('',(0.,6.982962677686E-15,-1.));
#6066 = DIRECTION('',(-0.784284841352,-0.620400908789,
    -4.332236391274E-15));
#6067 = PCURVE('',#6044,#6068);
#6068 = DEFINITIONAL_REPRESENTATION('',(#6069),#6072);
#6069 = B_SPLINE_CURVE_WITH_KNOTS('',1,(#6070,#6071),.UNSPECIFIED.,.F.,
  .F.,(2,2),(0.,0.669253777684),.PIECEWISE_BEZIER_KNOTS.);
#6070 = CARTESIAN_POINT('',(0.66925377718,-1.486041905484E-16));
#6071 = CARTESIAN_POINT('',(1.795896764634E-10,-3.987612989802E-26));
#6072 = ( GEOMETRIC_REPRESENTATION_CONTEXT(2) 
PARAMETRIC_REPRESENTATION_CONTEXT() REPRESENTATION_CONTEXT('2D SPACE',''
  ) );
#6073 = ORIENTED_EDGE('',*,*,#6074,.F.);
#6074 = EDGE_CURVE('',#6075,#6059,#6077,.T.);
#6075 = VERTEX_POINT('',#6076);
#6076 = CARTESIAN_POINT('',(6.286286063259,-1.048160363795,-12.));
#6077 = SURFACE_CURVE('',#6078,(#6082),.PCURVE_S1.);
#6078 = LINE('',#6079,#6080);
#6079 = CARTESIAN_POINT('',(6.286286063,-1.048160364,-12.));
#6080 = VECTOR('',#6081,1.);
#6081 = DIRECTION('',(0.,0.,1.));
#6082 = PCURVE('',#6044,#6083);
#6083 = DEFINITIONAL_REPRESENTATION('',(#6084),#6087);
#6084 = B_SPLINE_CURVE_WITH_KNOTS('',1,(#6085,#6086),.UNSPECIFIED.,.F.,
  .F.,(2,2),(0.,1.),.PIECEWISE_BEZIER_KNOTS.);
#6085 = CARTESIAN_POINT('',(0.66925377718,1.));
#6086 = CARTESIAN_POINT('',(0.66925377718,-1.486041905484E-16));
#6087 = ( GEOMETRIC_REPRESENTATION_CONTEXT(2) 
PARAMETRIC_REPRESENTATION_CONTEXT() REPRESENTATION_CONTEXT('2D SPACE',''
  ) );
#6088 = ORIENTED_EDGE('',*,*,#6089,.F.);
#6089 = EDGE_CURVE('',#6036,#6075,#6090,.T.);
#6090 = SURFACE_CURVE('',#6091,(#6096),.PCURVE_S1.);
#6091 = CIRCLE('',#6092,0.4);
#6092 = AXIS2_PLACEMENT_3D('',#6093,#6094,#6095);
#6093 = CARTESIAN_POINT('',(6.6,-0.8,-12.));
#6094 = DIRECTION('',(0.,0.,1.));
#6095 = DIRECTION('',(1.,0.,-0.));
#6096 = PCURVE('',#6044,#6097);
#6097 = DEFINITIONAL_REPRESENTATION('',(#6098),#6101);
#6098 = B_SPLINE_CURVE_WITH_KNOTS('',1,(#6099,#6100),.UNSPECIFIED.,.F.,
  .F.,(2,2),(3.14159265359,3.810846431274),.PIECEWISE_BEZIER_KNOTS.);
#6099 = CARTESIAN_POINT('',(1.795896764634E-10,1.));
#6100 = CARTESIAN_POINT('',(0.66925377718,1.));
#6101 = ( GEOMETRIC_REPRESENTATION_CONTEXT(2) 
PARAMETRIC_REPRESENTATION_CONTEXT() REPRESENTATION_CONTEXT('2D SPACE',''
  ) );
#6102 = ( GEOMETRIC_REPRESENTATION_CONTEXT(3) 
GLOBAL_UNCERTAINTY_ASSIGNED_CONTEXT((#6106)) 
GLOBAL_UNIT_ASSIGNED_CONTEXT((#6103,#6104,#6105)) REPRESENTATION_CONTEXT
('Context #1','3D Context with UNIT and UNCERTAINTY') );
#6103 = ( LENGTH_UNIT() NAMED_UNIT(*) SI_UNIT(.MILLI.,.METRE.) );
#6104 = ( NAMED_UNIT(*) PLANE_ANGLE_UNIT() SI_UNIT($,.RADIAN.) );
#6105 = ( NAMED_UNIT(*) SI_UNIT($,.STERADIAN.) SOLID_ANGLE_UNIT() );
#6106 = UNCERTAINTY_MEASURE_WITH_UNIT(LENGTH_MEASURE(1.E-07),#6103,
  'distance_accuracy_value','confusion accuracy');
#6107 = SHAPE_DEFINITION_REPRESENTATION(#6108,#6026);
#6108 = PRODUCT_DEFINITION_SHAPE('','',#6109);
#6109 = PRODUCT_DEFINITION('design','',#6110,#6113);
#6110 = PRODUCT_DEFINITION_FORMATION('','',#6111);
#6111 = PRODUCT('eMachineShop.32',
  'eMachineShop.32','',(#6112));
#6112 = PRODUCT_CONTEXT('',#2,'mechanical');
#6113 = PRODUCT_DEFINITION_CONTEXT('part definition',#2,'design');
#6114 = CONTEXT_DEPENDENT_SHAPE_REPRESENTATION(#6115,#6117);
#6115 = ( REPRESENTATION_RELATIONSHIP('','',#6026,#10) 
REPRESENTATION_RELATIONSHIP_WITH_TRANSFORMATION(#6116) 
SHAPE_REPRESENTATION_RELATIONSHIP() );
#6116 = ITEM_DEFINED_TRANSFORMATION('','',#11,#139);
#6117 = PRODUCT_DEFINITION_SHAPE('Placement','Placement of an item',
  #6118);
#6118 = NEXT_ASSEMBLY_USAGE_OCCURRENCE('32','','',#5,#6109,$);
#6119 = PRODUCT_RELATED_PRODUCT_CATEGORY('part',$,(#6111));
#6120 = MANIFOLD_SURFACE_SHAPE_REPRESENTATION('',(#11,#6121),#6191);
#6121 = SHELL_BASED_SURFACE_MODEL('',(#6122));
#6122 = OPEN_SHELL('',(#6123));
#6123 = ADVANCED_FACE('',(#6124),#6138,.T.);
#6124 = FACE_BOUND('',#6125,.T.);
#6125 = EDGE_LOOP('',(#6126,#6148,#6163,#6178));
#6126 = ORIENTED_EDGE('',*,*,#6127,.T.);
#6127 = EDGE_CURVE('',#6128,#6130,#6132,.T.);
#6128 = VERTEX_POINT('',#6129);
#6129 = CARTESIAN_POINT('',(6.286286063,-1.048160364,-12.));
#6130 = VERTEX_POINT('',#6131);
#6131 = CARTESIAN_POINT('',(6.574499694,-1.412507963,-12.));
#6132 = SURFACE_CURVE('',#6133,(#6137),.PCURVE_S1.);
#6133 = LINE('',#6134,#6135);
#6134 = CARTESIAN_POINT('',(6.286286063,-1.048160364,-12.));
#6135 = VECTOR('',#6136,1.);
#6136 = DIRECTION('',(0.620400909345,-0.784284840912,0.));
#6137 = PCURVE('',#6138,#6143);
#6138 = B_SPLINE_SURFACE_WITH_KNOTS('',1,1,(
    (#6139,#6140)
    ,(#6141,#6142
    )),.UNSPECIFIED.,.F.,.F.,.F.,(2,2),(2,2),(0.,1.),(0.,1.),
  .PIECEWISE_BEZIER_KNOTS.);
#6139 = CARTESIAN_POINT('',(6.286286063,-1.048160364,-12.));
#6140 = CARTESIAN_POINT('',(6.286286063,-1.048160364,-11.));
#6141 = CARTESIAN_POINT('',(6.574499694,-1.412507963,-12.));
#6142 = CARTESIAN_POINT('',(6.574499694,-1.412507963,-11.));
#6143 = DEFINITIONAL_REPRESENTATION('',(#6144),#6147);
#6144 = B_SPLINE_CURVE_WITH_KNOTS('',1,(#6145,#6146),.UNSPECIFIED.,.F.,
  .F.,(2,2),(0.,0.464560297476),.PIECEWISE_BEZIER_KNOTS.);
#6145 = CARTESIAN_POINT('',(0.,0.));
#6146 = CARTESIAN_POINT('',(1.,0.));
#6147 = ( GEOMETRIC_REPRESENTATION_CONTEXT(2) 
PARAMETRIC_REPRESENTATION_CONTEXT() REPRESENTATION_CONTEXT('2D SPACE',''
  ) );
#6148 = ORIENTED_EDGE('',*,*,#6149,.T.);
#6149 = EDGE_CURVE('',#6130,#6150,#6152,.T.);
#6150 = VERTEX_POINT('',#6151);
#6151 = CARTESIAN_POINT('',(6.574499694,-1.412507963,-11.));
#6152 = SURFACE_CURVE('',#6153,(#6157),.PCURVE_S1.);
#6153 = LINE('',#6154,#6155);
#6154 = CARTESIAN_POINT('',(6.574499694,-1.412507963,-12.));
#6155 = VECTOR('',#6156,1.);
#6156 = DIRECTION('',(0.,0.,1.));
#6157 = PCURVE('',#6138,#6158);
#6158 = DEFINITIONAL_REPRESENTATION('',(#6159),#6162);
#6159 = B_SPLINE_CURVE_WITH_KNOTS('',1,(#6160,#6161),.UNSPECIFIED.,.F.,
  .F.,(2,2),(0.,1.),.PIECEWISE_BEZIER_KNOTS.);
#6160 = CARTESIAN_POINT('',(1.,0.));
#6161 = CARTESIAN_POINT('',(1.,1.));
#6162 = ( GEOMETRIC_REPRESENTATION_CONTEXT(2) 
PARAMETRIC_REPRESENTATION_CONTEXT() REPRESENTATION_CONTEXT('2D SPACE',''
  ) );
#6163 = ORIENTED_EDGE('',*,*,#6164,.T.);
#6164 = EDGE_CURVE('',#6150,#6165,#6167,.T.);
#6165 = VERTEX_POINT('',#6166);
#6166 = CARTESIAN_POINT('',(6.286286063,-1.048160364,-11.));
#6167 = SURFACE_CURVE('',#6168,(#6172),.PCURVE_S1.);
#6168 = LINE('',#6169,#6170);
#6169 = CARTESIAN_POINT('',(6.574499694,-1.412507963,-11.));
#6170 = VECTOR('',#6171,1.);
#6171 = DIRECTION('',(-0.620400909345,0.784284840912,0.));
#6172 = PCURVE('',#6138,#6173);
#6173 = DEFINITIONAL_REPRESENTATION('',(#6174),#6177);
#6174 = B_SPLINE_CURVE_WITH_KNOTS('',1,(#6175,#6176),.UNSPECIFIED.,.F.,
  .F.,(2,2),(0.,0.464560297476),.PIECEWISE_BEZIER_KNOTS.);
#6175 = CARTESIAN_POINT('',(1.,1.));
#6176 = CARTESIAN_POINT('',(0.,1.));
#6177 = ( GEOMETRIC_REPRESENTATION_CONTEXT(2) 
PARAMETRIC_REPRESENTATION_CONTEXT() REPRESENTATION_CONTEXT('2D SPACE',''
  ) );
#6178 = ORIENTED_EDGE('',*,*,#6179,.T.);
#6179 = EDGE_CURVE('',#6165,#6128,#6180,.T.);
#6180 = SURFACE_CURVE('',#6181,(#6185),.PCURVE_S1.);
#6181 = LINE('',#6182,#6183);
#6182 = CARTESIAN_POINT('',(6.286286063,-1.048160364,-11.));
#6183 = VECTOR('',#6184,1.);
#6184 = DIRECTION('',(0.,0.,-1.));
#6185 = PCURVE('',#6138,#6186);
#6186 = DEFINITIONAL_REPRESENTATION('',(#6187),#6190);
#6187 = B_SPLINE_CURVE_WITH_KNOTS('',1,(#6188,#6189),.UNSPECIFIED.,.F.,
  .F.,(2,2),(0.,1.),.PIECEWISE_BEZIER_KNOTS.);
#6188 = CARTESIAN_POINT('',(0.,1.));
#6189 = CARTESIAN_POINT('',(0.,0.));
#6190 = ( GEOMETRIC_REPRESENTATION_CONTEXT(2) 
PARAMETRIC_REPRESENTATION_CONTEXT() REPRESENTATION_CONTEXT('2D SPACE',''
  ) );
#6191 = ( GEOMETRIC_REPRESENTATION_CONTEXT(3) 
GLOBAL_UNCERTAINTY_ASSIGNED_CONTEXT((#6195)) 
GLOBAL_UNIT_ASSIGNED_CONTEXT((#6192,#6193,#6194)) REPRESENTATION_CONTEXT
('Context #1','3D Context with UNIT and UNCERTAINTY') );
#6192 = ( LENGTH_UNIT() NAMED_UNIT(*) SI_UNIT(.MILLI.,.METRE.) );
#6193 = ( NAMED_UNIT(*) PLANE_ANGLE_UNIT() SI_UNIT($,.RADIAN.) );
#6194 = ( NAMED_UNIT(*) SI_UNIT($,.STERADIAN.) SOLID_ANGLE_UNIT() );
#6195 = UNCERTAINTY_MEASURE_WITH_UNIT(LENGTH_MEASURE(1.E-07),#6192,
  'distance_accuracy_value','confusion accuracy');
#6196 = SHAPE_DEFINITION_REPRESENTATION(#6197,#6120);
#6197 = PRODUCT_DEFINITION_SHAPE('','',#6198);
#6198 = PRODUCT_DEFINITION('design','',#6199,#6202);
#6199 = PRODUCT_DEFINITION_FORMATION('','',#6200);
#6200 = PRODUCT('eMachineShop.33',
  'eMachineShop.33','',(#6201));
#6201 = PRODUCT_CONTEXT('',#2,'mechanical');
#6202 = PRODUCT_DEFINITION_CONTEXT('part definition',#2,'design');
#6203 = CONTEXT_DEPENDENT_SHAPE_REPRESENTATION(#6204,#6206);
#6204 = ( REPRESENTATION_RELATIONSHIP('','',#6120,#10) 
REPRESENTATION_RELATIONSHIP_WITH_TRANSFORMATION(#6205) 
SHAPE_REPRESENTATION_RELATIONSHIP() );
#6205 = ITEM_DEFINED_TRANSFORMATION('','',#11,#143);
#6206 = PRODUCT_DEFINITION_SHAPE('Placement','Placement of an item',
  #6207);
#6207 = NEXT_ASSEMBLY_USAGE_OCCURRENCE('33','','',#5,#6198,$);
#6208 = PRODUCT_RELATED_PRODUCT_CATEGORY('part',$,(#6200));
#6209 = MANIFOLD_SURFACE_SHAPE_REPRESENTATION('',(#11,#6210),#6285);
#6210 = SHELL_BASED_SURFACE_MODEL('',(#6211));
#6211 = OPEN_SHELL('',(#6212));
#6212 = ADVANCED_FACE('',(#6213),#6228,.T.);
#6213 = FACE_BOUND('',#6214,.T.);
#6214 = EDGE_LOOP('',(#6215,#6241,#6256,#6272));
#6215 = ORIENTED_EDGE('',*,*,#6216,.F.);
#6216 = EDGE_CURVE('',#6217,#6219,#6221,.T.);
#6217 = VERTEX_POINT('',#6218);
#6218 = CARTESIAN_POINT('',(6.59442506,-1.818893847,-12.));
#6219 = VERTEX_POINT('',#6220);
#6220 = CARTESIAN_POINT('',(6.57449969428,-1.412507962779,-12.));
#6221 = SURFACE_CURVE('',#6222,(#6227),.PCURVE_S1.);
#6222 = CIRCLE('',#6223,0.350000000295);
#6223 = AXIS2_PLACEMENT_3D('',#6224,#6225,#6226);
#6224 = CARTESIAN_POINT('',(6.3,-1.629648281,-12.));
#6225 = DIRECTION('',(0.,0.,1.));
#6226 = DIRECTION('',(1.,0.,-0.));
#6227 = PCURVE('',#6228,#6236);
#6228 = SURFACE_OF_REVOLUTION('',#6229,#6233);
#6229 = LINE('',#6230,#6231);
#6230 = CARTESIAN_POINT('',(5.95,-1.629648281,-11.));
#6231 = VECTOR('',#6232,1.);
#6232 = DIRECTION('',(0.,0.,-1.));
#6233 = AXIS1_PLACEMENT('',#6234,#6235);
#6234 = CARTESIAN_POINT('',(6.3,-1.629648281,-11.));
#6235 = DIRECTION('',(0.,0.,1.));
#6236 = DEFINITIONAL_REPRESENTATION('',(#6237),#6240);
#6237 = B_SPLINE_CURVE_WITH_KNOTS('',1,(#6238,#6239),.UNSPECIFIED.,.F.,
  .F.,(2,2),(5.711914369027,6.952439085295),.PIECEWISE_BEZIER_KNOTS.);
#6238 = CARTESIAN_POINT('',(2.57032171418,1.));
#6239 = CARTESIAN_POINT('',(3.81084643118,1.));
#6240 = ( GEOMETRIC_REPRESENTATION_CONTEXT(2) 
PARAMETRIC_REPRESENTATION_CONTEXT() REPRESENTATION_CONTEXT('2D SPACE',''
  ) );
#6241 = ORIENTED_EDGE('',*,*,#6242,.F.);
#6242 = EDGE_CURVE('',#6243,#6217,#6245,.T.);
#6243 = VERTEX_POINT('',#6244);
#6244 = CARTESIAN_POINT('',(6.594425059876,-1.818893847113,-11.));
#6245 = SURFACE_CURVE('',#6246,(#6250),.PCURVE_S1.);
#6246 = LINE('',#6247,#6248);
#6247 = CARTESIAN_POINT('',(6.59442506,-1.818893847,-11.));
#6248 = VECTOR('',#6249,1.);
#6249 = DIRECTION('',(0.,0.,-1.));
#6250 = PCURVE('',#6228,#6251);
#6251 = DEFINITIONAL_REPRESENTATION('',(#6252),#6255);
#6252 = B_SPLINE_CURVE_WITH_KNOTS('',1,(#6253,#6254),.UNSPECIFIED.,.F.,
  .F.,(2,2),(0.,1.),.PIECEWISE_BEZIER_KNOTS.);
#6253 = CARTESIAN_POINT('',(2.57032171418,-5.707260695552E-16));
#6254 = CARTESIAN_POINT('',(2.57032171418,1.));
#6255 = ( GEOMETRIC_REPRESENTATION_CONTEXT(2) 
PARAMETRIC_REPRESENTATION_CONTEXT() REPRESENTATION_CONTEXT('2D SPACE',''
  ) );
#6256 = ORIENTED_EDGE('',*,*,#6257,.F.);
#6257 = EDGE_CURVE('',#6258,#6243,#6260,.T.);
#6258 = VERTEX_POINT('',#6259);
#6259 = CARTESIAN_POINT('',(6.57449969428,-1.412507963087,-11.));
#6260 = SURFACE_CURVE('',#6261,(#6266),.PCURVE_S1.);
#6261 = CIRCLE('',#6262,0.35);
#6262 = AXIS2_PLACEMENT_3D('',#6263,#6264,#6265);
#6263 = CARTESIAN_POINT('',(6.300000000087,-1.629648281251,-11.));
#6264 = DIRECTION('',(-3.775699216404E-15,-5.874169148501E-15,-1.));
#6265 = DIRECTION('',(0.784284841352,0.620400908789,-6.605563539038E-15)
  );
#6266 = PCURVE('',#6228,#6267);
#6267 = DEFINITIONAL_REPRESENTATION('',(#6268),#6271);
#6268 = B_SPLINE_CURVE_WITH_KNOTS('',1,(#6269,#6270),.UNSPECIFIED.,.F.,
  .F.,(2,2),(2.053912595557E-15,1.240524716058),
  .PIECEWISE_BEZIER_KNOTS.);
#6269 = CARTESIAN_POINT('',(3.81084643118,-8.461778902412E-16));
#6270 = CARTESIAN_POINT('',(2.57032171418,-5.707260695552E-16));
#6271 = ( GEOMETRIC_REPRESENTATION_CONTEXT(2) 
PARAMETRIC_REPRESENTATION_CONTEXT() REPRESENTATION_CONTEXT('2D SPACE',''
  ) );
#6272 = ORIENTED_EDGE('',*,*,#6273,.F.);
#6273 = EDGE_CURVE('',#6219,#6258,#6274,.T.);
#6274 = SURFACE_CURVE('',#6275,(#6279),.PCURVE_S1.);
#6275 = LINE('',#6276,#6277);
#6276 = CARTESIAN_POINT('',(6.574499694,-1.412507963,-12.));
#6277 = VECTOR('',#6278,1.);
#6278 = DIRECTION('',(0.,0.,1.));
#6279 = PCURVE('',#6228,#6280);
#6280 = DEFINITIONAL_REPRESENTATION('',(#6281),#6284);
#6281 = B_SPLINE_CURVE_WITH_KNOTS('',1,(#6282,#6283),.UNSPECIFIED.,.F.,
  .F.,(2,2),(0.,1.),.PIECEWISE_BEZIER_KNOTS.);
#6282 = CARTESIAN_POINT('',(3.81084643118,1.));
#6283 = CARTESIAN_POINT('',(3.81084643118,-8.461778902412E-16));
#6284 = ( GEOMETRIC_REPRESENTATION_CONTEXT(2) 
PARAMETRIC_REPRESENTATION_CONTEXT() REPRESENTATION_CONTEXT('2D SPACE',''
  ) );
#6285 = ( GEOMETRIC_REPRESENTATION_CONTEXT(3) 
GLOBAL_UNCERTAINTY_ASSIGNED_CONTEXT((#6289)) 
GLOBAL_UNIT_ASSIGNED_CONTEXT((#6286,#6287,#6288)) REPRESENTATION_CONTEXT
('Context #1','3D Context with UNIT and UNCERTAINTY') );
#6286 = ( LENGTH_UNIT() NAMED_UNIT(*) SI_UNIT(.MILLI.,.METRE.) );
#6287 = ( NAMED_UNIT(*) PLANE_ANGLE_UNIT() SI_UNIT($,.RADIAN.) );
#6288 = ( NAMED_UNIT(*) SI_UNIT($,.STERADIAN.) SOLID_ANGLE_UNIT() );
#6289 = UNCERTAINTY_MEASURE_WITH_UNIT(LENGTH_MEASURE(1.E-07),#6286,
  'distance_accuracy_value','confusion accuracy');
#6290 = SHAPE_DEFINITION_REPRESENTATION(#6291,#6209);
#6291 = PRODUCT_DEFINITION_SHAPE('','',#6292);
#6292 = PRODUCT_DEFINITION('design','',#6293,#6296);
#6293 = PRODUCT_DEFINITION_FORMATION('','',#6294);
#6294 = PRODUCT('eMachineShop.34',
  'eMachineShop.34','',(#6295));
#6295 = PRODUCT_CONTEXT('',#2,'mechanical');
#6296 = PRODUCT_DEFINITION_CONTEXT('part definition',#2,'design');
#6297 = CONTEXT_DEPENDENT_SHAPE_REPRESENTATION(#6298,#6300);
#6298 = ( REPRESENTATION_RELATIONSHIP('','',#6209,#10) 
REPRESENTATION_RELATIONSHIP_WITH_TRANSFORMATION(#6299) 
SHAPE_REPRESENTATION_RELATIONSHIP() );
#6299 = ITEM_DEFINED_TRANSFORMATION('','',#11,#147);
#6300 = PRODUCT_DEFINITION_SHAPE('Placement','Placement of an item',
  #6301);
#6301 = NEXT_ASSEMBLY_USAGE_OCCURRENCE('34','','',#5,#6292,$);
#6302 = PRODUCT_RELATED_PRODUCT_CATEGORY('part',$,(#6294));
#6303 = MANIFOLD_SURFACE_SHAPE_REPRESENTATION('',(#11,#6304),#6408);
#6304 = SHELL_BASED_SURFACE_MODEL('',(#6305));
#6305 = OPEN_SHELL('',(#6306));
#6306 = ADVANCED_FACE('',(#6307),#6321,.T.);
#6307 = FACE_BOUND('',#6308,.T.);
#6308 = EDGE_LOOP('',(#6309,#6331,#6348,#6363,#6378,#6393));
#6309 = ORIENTED_EDGE('',*,*,#6310,.T.);
#6310 = EDGE_CURVE('',#6311,#6313,#6315,.T.);
#6311 = VERTEX_POINT('',#6312);
#6312 = CARTESIAN_POINT('',(6.263514218,-2.333719353,-11.99886171));
#6313 = VERTEX_POINT('',#6314);
#6314 = CARTESIAN_POINT('',(6.263514218,-2.333719353,-11.00113829));
#6315 = SURFACE_CURVE('',#6316,(#6320),.PCURVE_S1.);
#6316 = LINE('',#6317,#6318);
#6317 = CARTESIAN_POINT('',(6.263514218,-2.333719353,-11.99886171));
#6318 = VECTOR('',#6319,1.);
#6319 = DIRECTION('',(0.,0.,1.));
#6320 = PCURVE('',#6321,#6326);
#6321 = B_SPLINE_SURFACE_WITH_KNOTS('',1,1,(
    (#6322,#6323)
    ,(#6324,#6325
    )),.UNSPECIFIED.,.F.,.F.,.F.,(2,2),(2,2),(0.,1.),(0.,1.),
  .PIECEWISE_BEZIER_KNOTS.);
#6322 = CARTESIAN_POINT('',(6.59442506,-1.818893847,-12.));
#6323 = CARTESIAN_POINT('',(6.59442506,-1.818893847,-11.));
#6324 = CARTESIAN_POINT('',(6.263514218,-2.333719353,-12.));
#6325 = CARTESIAN_POINT('',(6.263514218,-2.333719353,-11.));
#6326 = DEFINITIONAL_REPRESENTATION('',(#6327),#6330);
#6327 = B_SPLINE_CURVE_WITH_KNOTS('',1,(#6328,#6329),.UNSPECIFIED.,.F.,
  .F.,(2,2),(0.,0.99772342),.PIECEWISE_BEZIER_KNOTS.);
#6328 = CARTESIAN_POINT('',(1.,1.13829E-03));
#6329 = CARTESIAN_POINT('',(1.,0.99886171));
#6330 = ( GEOMETRIC_REPRESENTATION_CONTEXT(2) 
PARAMETRIC_REPRESENTATION_CONTEXT() REPRESENTATION_CONTEXT('2D SPACE',''
  ) );
#6331 = ORIENTED_EDGE('',*,*,#6332,.T.);
#6332 = EDGE_CURVE('',#6313,#6333,#6335,.T.);
#6333 = VERTEX_POINT('',#6334);
#6334 = CARTESIAN_POINT('',(6.285187774,-2.3,-11.));
#6335 = SURFACE_CURVE('',#6336,(#6341),.PCURVE_S1.);
#6336 = ( BOUNDED_CURVE() B_SPLINE_CURVE(3,(#6337,#6338,#6339,#6340),
.UNSPECIFIED.,.F.,.F.) B_SPLINE_CURVE_WITH_KNOTS((4,4),(0.,1.),
.PIECEWISE_BEZIER_KNOTS.) CURVE() GEOMETRIC_REPRESENTATION_ITEM() 
RATIONAL_B_SPLINE_CURVE((1.,0.999620461808,0.999620461808,1.)) 
REPRESENTATION_ITEM('') );
#6337 = CARTESIAN_POINT('',(6.263514218,-2.333719353,-11.00113829));
#6338 = CARTESIAN_POINT('',(6.270729133,-2.322494509,-11.000379574));
#6339 = CARTESIAN_POINT('',(6.277956395,-2.311250457,-11.));
#6340 = CARTESIAN_POINT('',(6.285187774,-2.3,-11.));
#6341 = PCURVE('',#6321,#6342);
#6342 = DEFINITIONAL_REPRESENTATION('',(#6343),#6347);
#6343 = B_SPLINE_CURVE_WITH_KNOTS('',2,(#6344,#6345,#6346),
  .UNSPECIFIED.,.F.,.F.,(3,3),(0.,1.),.PIECEWISE_BEZIER_KNOTS.);
#6344 = CARTESIAN_POINT('',(1.,0.99886171));
#6345 = CARTESIAN_POINT('',(0.967288988,1.));
#6346 = CARTESIAN_POINT('',(0.934503336,1.));
#6347 = ( GEOMETRIC_REPRESENTATION_CONTEXT(2) 
PARAMETRIC_REPRESENTATION_CONTEXT() REPRESENTATION_CONTEXT('2D SPACE',''
  ) );
#6348 = ORIENTED_EDGE('',*,*,#6349,.T.);
#6349 = EDGE_CURVE('',#6333,#6350,#6352,.T.);
#6350 = VERTEX_POINT('',#6351);
#6351 = CARTESIAN_POINT('',(6.59442506,-1.818893847,-11.));
#6352 = SURFACE_CURVE('',#6353,(#6357),.PCURVE_S1.);
#6353 = LINE('',#6354,#6355);
#6354 = CARTESIAN_POINT('',(6.285187774,-2.3,-11.));
#6355 = VECTOR('',#6356,1.);
#6356 = DIRECTION('',(0.540701617755,0.841214455747,0.));
#6357 = PCURVE('',#6321,#6358);
#6358 = DEFINITIONAL_REPRESENTATION('',(#6359),#6362);
#6359 = B_SPLINE_CURVE_WITH_KNOTS('',1,(#6360,#6361),.UNSPECIFIED.,.F.,
  .F.,(2,2),(0.,0.571918551463),.PIECEWISE_BEZIER_KNOTS.);
#6360 = CARTESIAN_POINT('',(0.934503336,1.));
#6361 = CARTESIAN_POINT('',(0.,1.));
#6362 = ( GEOMETRIC_REPRESENTATION_CONTEXT(2) 
PARAMETRIC_REPRESENTATION_CONTEXT() REPRESENTATION_CONTEXT('2D SPACE',''
  ) );
#6363 = ORIENTED_EDGE('',*,*,#6364,.T.);
#6364 = EDGE_CURVE('',#6350,#6365,#6367,.T.);
#6365 = VERTEX_POINT('',#6366);
#6366 = CARTESIAN_POINT('',(6.59442506,-1.818893847,-12.));
#6367 = SURFACE_CURVE('',#6368,(#6372),.PCURVE_S1.);
#6368 = LINE('',#6369,#6370);
#6369 = CARTESIAN_POINT('',(6.59442506,-1.818893847,-11.));
#6370 = VECTOR('',#6371,1.);
#6371 = DIRECTION('',(0.,0.,-1.));
#6372 = PCURVE('',#6321,#6373);
#6373 = DEFINITIONAL_REPRESENTATION('',(#6374),#6377);
#6374 = B_SPLINE_CURVE_WITH_KNOTS('',1,(#6375,#6376),.UNSPECIFIED.,.F.,
  .F.,(2,2),(0.,1.),.PIECEWISE_BEZIER_KNOTS.);
#6375 = CARTESIAN_POINT('',(0.,1.));
#6376 = CARTESIAN_POINT('',(0.,0.));
#6377 = ( GEOMETRIC_REPRESENTATION_CONTEXT(2) 
PARAMETRIC_REPRESENTATION_CONTEXT() REPRESENTATION_CONTEXT('2D SPACE',''
  ) );
#6378 = ORIENTED_EDGE('',*,*,#6379,.T.);
#6379 = EDGE_CURVE('',#6365,#6380,#6382,.T.);
#6380 = VERTEX_POINT('',#6381);
#6381 = CARTESIAN_POINT('',(6.285187774,-2.3,-12.));
#6382 = SURFACE_CURVE('',#6383,(#6387),.PCURVE_S1.);
#6383 = LINE('',#6384,#6385);
#6384 = CARTESIAN_POINT('',(6.59442506,-1.818893847,-12.));
#6385 = VECTOR('',#6386,1.);
#6386 = DIRECTION('',(-0.540701617755,-0.841214455747,0.));
#6387 = PCURVE('',#6321,#6388);
#6388 = DEFINITIONAL_REPRESENTATION('',(#6389),#6392);
#6389 = B_SPLINE_CURVE_WITH_KNOTS('',1,(#6390,#6391),.UNSPECIFIED.,.F.,
  .F.,(2,2),(0.,0.571918551463),.PIECEWISE_BEZIER_KNOTS.);
#6390 = CARTESIAN_POINT('',(0.,0.));
#6391 = CARTESIAN_POINT('',(0.934503336,0.));
#6392 = ( GEOMETRIC_REPRESENTATION_CONTEXT(2) 
PARAMETRIC_REPRESENTATION_CONTEXT() REPRESENTATION_CONTEXT('2D SPACE',''
  ) );
#6393 = ORIENTED_EDGE('',*,*,#6394,.T.);
#6394 = EDGE_CURVE('',#6380,#6311,#6395,.T.);
#6395 = SURFACE_CURVE('',#6396,(#6401),.PCURVE_S1.);
#6396 = ( BOUNDED_CURVE() B_SPLINE_CURVE(3,(#6397,#6398,#6399,#6400),
.UNSPECIFIED.,.F.,.F.) B_SPLINE_CURVE_WITH_KNOTS((4,4),(0.,1.),
.PIECEWISE_BEZIER_KNOTS.) CURVE() GEOMETRIC_REPRESENTATION_ITEM() 
RATIONAL_B_SPLINE_CURVE((1.,0.999620461808,0.999620461808,1.)) 
REPRESENTATION_ITEM('') );
#6397 = CARTESIAN_POINT('',(6.285187774,-2.3,-12.));
#6398 = CARTESIAN_POINT('',(6.277956395,-2.311250457,-12.));
#6399 = CARTESIAN_POINT('',(6.270729133,-2.322494509,-11.999620426));
#6400 = CARTESIAN_POINT('',(6.263514218,-2.333719353,-11.99886171));
#6401 = PCURVE('',#6321,#6402);
#6402 = DEFINITIONAL_REPRESENTATION('',(#6403),#6407);
#6403 = B_SPLINE_CURVE_WITH_KNOTS('',2,(#6404,#6405,#6406),
  .UNSPECIFIED.,.F.,.F.,(3,3),(0.,1.),.PIECEWISE_BEZIER_KNOTS.);
#6404 = CARTESIAN_POINT('',(0.934503336,0.));
#6405 = CARTESIAN_POINT('',(0.967288988,0.));
#6406 = CARTESIAN_POINT('',(1.,1.13829E-03));
#6407 = ( GEOMETRIC_REPRESENTATION_CONTEXT(2) 
PARAMETRIC_REPRESENTATION_CONTEXT() REPRESENTATION_CONTEXT('2D SPACE',''
  ) );
#6408 = ( GEOMETRIC_REPRESENTATION_CONTEXT(3) 
GLOBAL_UNCERTAINTY_ASSIGNED_CONTEXT((#6412)) 
GLOBAL_UNIT_ASSIGNED_CONTEXT((#6409,#6410,#6411)) REPRESENTATION_CONTEXT
('Context #1','3D Context with UNIT and UNCERTAINTY') );
#6409 = ( LENGTH_UNIT() NAMED_UNIT(*) SI_UNIT(.MILLI.,.METRE.) );
#6410 = ( NAMED_UNIT(*) PLANE_ANGLE_UNIT() SI_UNIT($,.RADIAN.) );
#6411 = ( NAMED_UNIT(*) SI_UNIT($,.STERADIAN.) SOLID_ANGLE_UNIT() );
#6412 = UNCERTAINTY_MEASURE_WITH_UNIT(LENGTH_MEASURE(1.E-06),#6409,
  'distance_accuracy_value','confusion accuracy');
#6413 = SHAPE_DEFINITION_REPRESENTATION(#6414,#6303);
#6414 = PRODUCT_DEFINITION_SHAPE('','',#6415);
#6415 = PRODUCT_DEFINITION('design','',#6416,#6419);
#6416 = PRODUCT_DEFINITION_FORMATION('','',#6417);
#6417 = PRODUCT('eMachineShop.35',
  'eMachineShop.35','',(#6418));
#6418 = PRODUCT_CONTEXT('',#2,'mechanical');
#6419 = PRODUCT_DEFINITION_CONTEXT('part definition',#2,'design');
#6420 = CONTEXT_DEPENDENT_SHAPE_REPRESENTATION(#6421,#6423);
#6421 = ( REPRESENTATION_RELATIONSHIP('','',#6303,#10) 
REPRESENTATION_RELATIONSHIP_WITH_TRANSFORMATION(#6422) 
SHAPE_REPRESENTATION_RELATIONSHIP() );
#6422 = ITEM_DEFINED_TRANSFORMATION('','',#11,#151);
#6423 = PRODUCT_DEFINITION_SHAPE('Placement','Placement of an item',
  #6424);
#6424 = NEXT_ASSEMBLY_USAGE_OCCURRENCE('35','','',#5,#6415,$);
#6425 = PRODUCT_RELATED_PRODUCT_CATEGORY('part',$,(#6417));
#6426 = MANIFOLD_SURFACE_SHAPE_REPRESENTATION('',(#11,#6427),#6542);
#6427 = SHELL_BASED_SURFACE_MODEL('',(#6428));
#6428 = OPEN_SHELL('',(#6429));
#6429 = ADVANCED_FACE('',(#6430),#6446,.T.);
#6430 = FACE_BOUND('',#6431,.T.);
#6431 = EDGE_LOOP('',(#6432,#6460,#6478,#6493,#6511,#6529));
#6432 = ORIENTED_EDGE('',*,*,#6433,.F.);
#6433 = EDGE_CURVE('',#6434,#6436,#6438,.T.);
#6434 = VERTEX_POINT('',#6435);
#6435 = CARTESIAN_POINT('',(6.215104940702,-2.441115688328,
    -11.97967318304));
#6436 = VERTEX_POINT('',#6437);
#6437 = CARTESIAN_POINT('',(6.2,-2.55,-11.93301270199));
#6438 = SURFACE_CURVE('',#6439,(#6445),.PCURVE_S1.);
#6439 = B_SPLINE_CURVE_WITH_KNOTS('',4,(#6440,#6441,#6442,#6443,#6444),
  .UNSPECIFIED.,.F.,.F.,(5,5),(0.5,1.),.PIECEWISE_BEZIER_KNOTS.);
#6440 = CARTESIAN_POINT('',(6.215104940702,-2.441115688328,
    -11.97967318304));
#6441 = CARTESIAN_POINT('',(6.207238673908,-2.468922148026,
    -11.97149276356));
#6442 = CARTESIAN_POINT('',(6.20229362657,-2.496633863359,
    -11.96098921023));
#6443 = CARTESIAN_POINT('',(6.2,-2.5237597396,-11.94816252303));
#6444 = CARTESIAN_POINT('',(6.2,-2.55,-11.93301270198));
#6445 = PCURVE('',#6446,#6454);
#6446 = SURFACE_OF_REVOLUTION('',#6447,#6451);
#6447 = LINE('',#6448,#6449);
#6448 = CARTESIAN_POINT('',(6.2,-2.55,-10.99515195));
#6449 = VECTOR('',#6450,1.);
#6450 = DIRECTION('',(0.,0.,-1.));
#6451 = AXIS1_PLACEMENT('',#6452,#6453);
#6452 = CARTESIAN_POINT('',(6.6,-2.55,-11.));
#6453 = DIRECTION('',(0.,0.,1.));
#6454 = DEFINITIONAL_REPRESENTATION('',(#6455),#6459);
#6455 = B_SPLINE_CURVE_WITH_KNOTS('',2,(#6456,#6457,#6458),
  .UNSPECIFIED.,.F.,.F.,(3,3),(0.5,1.),.PIECEWISE_BEZIER_KNOTS.);
#6456 = CARTESIAN_POINT('',(6.00749548018,0.984521233043));
#6457 = CARTESIAN_POINT('',(6.15198400518,0.968160394095));
#6458 = CARTESIAN_POINT('',(6.28318530718,0.937860751982));
#6459 = ( GEOMETRIC_REPRESENTATION_CONTEXT(2) 
PARAMETRIC_REPRESENTATION_CONTEXT() REPRESENTATION_CONTEXT('2D SPACE',''
  ) );
#6460 = ORIENTED_EDGE('',*,*,#6461,.F.);
#6461 = EDGE_CURVE('',#6462,#6434,#6464,.T.);
#6462 = VERTEX_POINT('',#6463);
#6463 = CARTESIAN_POINT('',(6.263514217805,-2.33371935302,
    -11.99886170961));
#6464 = SURFACE_CURVE('',#6465,(#6471),.PCURVE_S1.);
#6465 = B_SPLINE_CURVE_WITH_KNOTS('',4,(#6466,#6467,#6468,#6469,#6470),
  .UNSPECIFIED.,.F.,.F.,(5,5),(0.,0.5),.PIECEWISE_BEZIER_KNOTS.);
#6466 = CARTESIAN_POINT('',(6.26351421761,-2.33371935304,-11.99886170923
    ));
#6467 = CARTESIAN_POINT('',(6.246447514894,-2.36027144125,
    -11.99706698502));
#6468 = CARTESIAN_POINT('',(6.232900750863,-2.38749432357,
    -11.99327065591));
#6469 = CARTESIAN_POINT('',(6.222604954209,-2.414603897061,
    -11.98747272192));
#6470 = CARTESIAN_POINT('',(6.215104940702,-2.441115688328,
    -11.97967318304));
#6471 = PCURVE('',#6446,#6472);
#6472 = DEFINITIONAL_REPRESENTATION('',(#6473),#6477);
#6473 = B_SPLINE_CURVE_WITH_KNOTS('',2,(#6474,#6475,#6476),
  .UNSPECIFIED.,.F.,.F.,(3,3),(0.,0.5),.PIECEWISE_BEZIER_KNOTS.);
#6474 = CARTESIAN_POINT('',(5.71191436818,1.003709759239));
#6475 = CARTESIAN_POINT('',(5.86973433918,1.000120310807));
#6476 = CARTESIAN_POINT('',(6.00749548018,0.984521233043));
#6477 = ( GEOMETRIC_REPRESENTATION_CONTEXT(2) 
PARAMETRIC_REPRESENTATION_CONTEXT() REPRESENTATION_CONTEXT('2D SPACE',''
  ) );
#6478 = ORIENTED_EDGE('',*,*,#6479,.F.);
#6479 = EDGE_CURVE('',#6480,#6462,#6482,.T.);
#6480 = VERTEX_POINT('',#6481);
#6481 = CARTESIAN_POINT('',(6.263514217805,-2.33371935302,
    -11.00113829038));
#6482 = SURFACE_CURVE('',#6483,(#6487),.PCURVE_S1.);
#6483 = LINE('',#6484,#6485);
#6484 = CARTESIAN_POINT('',(6.263514218,-2.333719353,-11.00113829));
#6485 = VECTOR('',#6486,1.);
#6486 = DIRECTION('',(0.,0.,-1.));
#6487 = PCURVE('',#6446,#6488);
#6488 = DEFINITIONAL_REPRESENTATION('',(#6489),#6492);
#6489 = B_SPLINE_CURVE_WITH_KNOTS('',1,(#6490,#6491),.UNSPECIFIED.,.F.,
  .F.,(2,2),(0.,0.99772342),.PIECEWISE_BEZIER_KNOTS.);
#6490 = CARTESIAN_POINT('',(5.71191436818,5.986340761268E-03));
#6491 = CARTESIAN_POINT('',(5.71191436818,1.003709759239));
#6492 = ( GEOMETRIC_REPRESENTATION_CONTEXT(2) 
PARAMETRIC_REPRESENTATION_CONTEXT() REPRESENTATION_CONTEXT('2D SPACE',''
  ) );
#6493 = ORIENTED_EDGE('',*,*,#6494,.F.);
#6494 = EDGE_CURVE('',#6495,#6480,#6497,.T.);
#6495 = VERTEX_POINT('',#6496);
#6496 = CARTESIAN_POINT('',(6.215105629621,-2.441113253099,
    -11.02032610108));
#6497 = SURFACE_CURVE('',#6498,(#6504),.PCURVE_S1.);
#6498 = B_SPLINE_CURVE_WITH_KNOTS('',4,(#6499,#6500,#6501,#6502,#6503),
  .UNSPECIFIED.,.F.,.F.,(5,5),(0.5,1.),.PIECEWISE_BEZIER_KNOTS.);
#6499 = CARTESIAN_POINT('',(6.215105629621,-2.441113253099,
    -11.02032610108));
#6500 = CARTESIAN_POINT('',(6.222605659188,-2.414602045443,
    -11.01252687975));
#6501 = CARTESIAN_POINT('',(6.232901363811,-2.387493093826,
    -11.00672917091));
#6502 = CARTESIAN_POINT('',(6.246447897819,-2.360270845502,
    -11.00293297458));
#6503 = CARTESIAN_POINT('',(6.26351421761,-2.33371935304,-11.00113829076
    ));
#6504 = PCURVE('',#6446,#6505);
#6505 = DEFINITIONAL_REPRESENTATION('',(#6506),#6510);
#6506 = B_SPLINE_CURVE_WITH_KNOTS('',2,(#6507,#6508,#6509),
  .UNSPECIFIED.,.F.,.F.,(3,3),(0.5,1.),.PIECEWISE_BEZIER_KNOTS.);
#6507 = CARTESIAN_POINT('',(6.00748915318,2.517415108242E-02));
#6508 = CARTESIAN_POINT('',(5.86973079818,9.575708417462E-03));
#6509 = CARTESIAN_POINT('',(5.71191436818,5.986340761268E-03));
#6510 = ( GEOMETRIC_REPRESENTATION_CONTEXT(2) 
PARAMETRIC_REPRESENTATION_CONTEXT() REPRESENTATION_CONTEXT('2D SPACE',''
  ) );
#6511 = ORIENTED_EDGE('',*,*,#6512,.F.);
#6512 = EDGE_CURVE('',#6513,#6495,#6515,.T.);
#6513 = VERTEX_POINT('',#6514);
#6514 = CARTESIAN_POINT('',(6.2,-2.55,-11.066987298));
#6515 = SURFACE_CURVE('',#6516,(#6522),.PCURVE_S1.);
#6516 = B_SPLINE_CURVE_WITH_KNOTS('',4,(#6517,#6518,#6519,#6520,#6521),
  .UNSPECIFIED.,.F.,.F.,(5,5),(0.,0.5),.PIECEWISE_BEZIER_KNOTS.);
#6517 = CARTESIAN_POINT('',(6.2,-2.55,-11.06698729801));
#6518 = CARTESIAN_POINT('',(6.2,-2.5237591686,-11.05183714679));
#6519 = CARTESIAN_POINT('',(6.202293726282,-2.496632680246,
    -11.03901023022));
#6520 = CARTESIAN_POINT('',(6.207238997868,-2.468920331204,
    -11.02850654832));
#6521 = CARTESIAN_POINT('',(6.215105629621,-2.441113253099,
    -11.02032610108));
#6522 = PCURVE('',#6446,#6523);
#6523 = DEFINITIONAL_REPRESENTATION('',(#6524),#6528);
#6524 = B_SPLINE_CURVE_WITH_KNOTS('',2,(#6525,#6526,#6527),
  .UNSPECIFIED.,.F.,.F.,(3,3),(0.,0.5),.PIECEWISE_BEZIER_KNOTS.);
#6525 = CARTESIAN_POINT('',(6.28318530718,7.183534801829E-02));
#6526 = CARTESIAN_POINT('',(6.15198115018,4.153504556338E-02));
#6527 = CARTESIAN_POINT('',(6.00748915318,2.517415108242E-02));
#6528 = ( GEOMETRIC_REPRESENTATION_CONTEXT(2) 
PARAMETRIC_REPRESENTATION_CONTEXT() REPRESENTATION_CONTEXT('2D SPACE',''
  ) );
#6529 = ORIENTED_EDGE('',*,*,#6530,.F.);
#6530 = EDGE_CURVE('',#6436,#6513,#6531,.T.);
#6531 = SURFACE_CURVE('',#6532,(#6536),.PCURVE_S1.);
#6532 = LINE('',#6533,#6534);
#6533 = CARTESIAN_POINT('',(6.2,-2.55,-11.933012702));
#6534 = VECTOR('',#6535,1.);
#6535 = DIRECTION('',(0.,0.,1.));
#6536 = PCURVE('',#6446,#6537);
#6537 = DEFINITIONAL_REPRESENTATION('',(#6538),#6541);
#6538 = B_SPLINE_CURVE_WITH_KNOTS('',1,(#6539,#6540),.UNSPECIFIED.,.F.,
  .F.,(2,2),(0.,0.866025404),.PIECEWISE_BEZIER_KNOTS.);
#6539 = CARTESIAN_POINT('',(6.28318530718,0.937860751982));
#6540 = CARTESIAN_POINT('',(6.28318530718,7.183534801829E-02));
#6541 = ( GEOMETRIC_REPRESENTATION_CONTEXT(2) 
PARAMETRIC_REPRESENTATION_CONTEXT() REPRESENTATION_CONTEXT('2D SPACE',''
  ) );
#6542 = ( GEOMETRIC_REPRESENTATION_CONTEXT(3) 
GLOBAL_UNCERTAINTY_ASSIGNED_CONTEXT((#6546)) 
GLOBAL_UNIT_ASSIGNED_CONTEXT((#6543,#6544,#6545)) REPRESENTATION_CONTEXT
('Context #1','3D Context with UNIT and UNCERTAINTY') );
#6543 = ( LENGTH_UNIT() NAMED_UNIT(*) SI_UNIT(.MILLI.,.METRE.) );
#6544 = ( NAMED_UNIT(*) PLANE_ANGLE_UNIT() SI_UNIT($,.RADIAN.) );
#6545 = ( NAMED_UNIT(*) SI_UNIT($,.STERADIAN.) SOLID_ANGLE_UNIT() );
#6546 = UNCERTAINTY_MEASURE_WITH_UNIT(LENGTH_MEASURE(1.E-05),#6543,
  'distance_accuracy_value','confusion accuracy');
#6547 = SHAPE_DEFINITION_REPRESENTATION(#6548,#6426);
#6548 = PRODUCT_DEFINITION_SHAPE('','',#6549);
#6549 = PRODUCT_DEFINITION('design','',#6550,#6553);
#6550 = PRODUCT_DEFINITION_FORMATION('','',#6551);
#6551 = PRODUCT('eMachineShop.36',
  'eMachineShop.36','',(#6552));
#6552 = PRODUCT_CONTEXT('',#2,'mechanical');
#6553 = PRODUCT_DEFINITION_CONTEXT('part definition',#2,'design');
#6554 = CONTEXT_DEPENDENT_SHAPE_REPRESENTATION(#6555,#6557);
#6555 = ( REPRESENTATION_RELATIONSHIP('','',#6426,#10) 
REPRESENTATION_RELATIONSHIP_WITH_TRANSFORMATION(#6556) 
SHAPE_REPRESENTATION_RELATIONSHIP() );
#6556 = ITEM_DEFINED_TRANSFORMATION('','',#11,#155);
#6557 = PRODUCT_DEFINITION_SHAPE('Placement','Placement of an item',
  #6558);
#6558 = NEXT_ASSEMBLY_USAGE_OCCURRENCE('36','','',#5,#6549,$);
#6559 = PRODUCT_RELATED_PRODUCT_CATEGORY('part',$,(#6551));
#6560 = MANIFOLD_SURFACE_SHAPE_REPRESENTATION('',(#11,#6561),#6714);
#6561 = SHELL_BASED_SURFACE_MODEL('',(#6562));
#6562 = OPEN_SHELL('',(#6563));
#6563 = ADVANCED_FACE('',(#6564),#6578,.T.);
#6564 = FACE_BOUND('',#6565,.T.);
#6565 = EDGE_LOOP('',(#6566,#6589,#6605,#6621,#6637,#6653,#6669,#6685,
    #6701));
#6566 = ORIENTED_EDGE('',*,*,#6567,.T.);
#6567 = EDGE_CURVE('',#6568,#6570,#6572,.T.);
#6568 = VERTEX_POINT('',#6569);
#6569 = CARTESIAN_POINT('',(6.2,-2.55,-11.93301270168));
#6570 = VERTEX_POINT('',#6571);
#6571 = CARTESIAN_POINT('',(6.2,-2.653553390656,-11.85355339065));
#6572 = SURFACE_CURVE('',#6573,(#6577),.PCURVE_S1.);
#6573 = B_SPLINE_CURVE_WITH_KNOTS('',2,(#6574,#6575,#6576),
  .UNSPECIFIED.,.F.,.F.,(3,3),(0.,0.25),.PIECEWISE_BEZIER_KNOTS.);
#6574 = CARTESIAN_POINT('',(6.2,-2.55,-11.93301270136));
#6575 = CARTESIAN_POINT('',(6.2,-2.607007203703,-11.90009957754));
#6576 = CARTESIAN_POINT('',(6.2,-2.653553390656,-11.85355339065));
#6577 = PCURVE('',#6578,#6583);
#6578 = B_SPLINE_SURFACE_WITH_KNOTS('',1,1,(
    (#6579,#6580)
    ,(#6581,#6582
    )),.UNSPECIFIED.,.F.,.F.,.F.,(2,2),(2,2),(0.,1.),(0.,1.),
  .PIECEWISE_BEZIER_KNOTS.);
#6579 = CARTESIAN_POINT('',(6.2,-2.8015,-11.938208854));
#6580 = CARTESIAN_POINT('',(6.2,-2.55,-11.938208854));
#6581 = CARTESIAN_POINT('',(6.2,-2.8015,-11.061791146));
#6582 = CARTESIAN_POINT('',(6.2,-2.55,-11.061791146));
#6583 = DEFINITIONAL_REPRESENTATION('',(#6584),#6588);
#6584 = B_SPLINE_CURVE_WITH_KNOTS('',2,(#6585,#6586,#6587),
  .UNSPECIFIED.,.F.,.F.,(3,3),(0.,0.25),.PIECEWISE_BEZIER_KNOTS.);
#6585 = CARTESIAN_POINT('',(5.928854E-03,1.));
#6586 = CARTESIAN_POINT('',(4.3483006E-02,0.773331198));
#6587 = CARTESIAN_POINT('',(9.6592598E-02,0.588256896));
#6588 = ( GEOMETRIC_REPRESENTATION_CONTEXT(2) 
PARAMETRIC_REPRESENTATION_CONTEXT() REPRESENTATION_CONTEXT('2D SPACE',''
  ) );
#6589 = ORIENTED_EDGE('',*,*,#6590,.T.);
#6590 = EDGE_CURVE('',#6570,#6591,#6593,.T.);
#6591 = VERTEX_POINT('',#6592);
#6592 = CARTESIAN_POINT('',(6.2,-2.733012701799,-11.74999999957));
#6593 = SURFACE_CURVE('',#6594,(#6598),.PCURVE_S1.);
#6594 = B_SPLINE_CURVE_WITH_KNOTS('',2,(#6595,#6596,#6597),
  .UNSPECIFIED.,.F.,.F.,(3,3),(0.25,0.5),.PIECEWISE_BEZIER_KNOTS.);
#6595 = CARTESIAN_POINT('',(6.2,-2.653553390656,-11.85355339065));
#6596 = CARTESIAN_POINT('',(6.2,-2.700099577609,-11.80700720375));
#6597 = CARTESIAN_POINT('',(6.2,-2.733012701798,-11.74999999957));
#6598 = PCURVE('',#6578,#6599);
#6599 = DEFINITIONAL_REPRESENTATION('',(#6600),#6604);
#6600 = B_SPLINE_CURVE_WITH_KNOTS('',2,(#6601,#6602,#6603),
  .UNSPECIFIED.,.F.,.F.,(3,3),(0.25,0.5),.PIECEWISE_BEZIER_KNOTS.);
#6601 = CARTESIAN_POINT('',(9.6592598E-02,0.588256896));
#6602 = CARTESIAN_POINT('',(0.14970219,0.403182594));
#6603 = CARTESIAN_POINT('',(0.214747891,0.272315301));
#6604 = ( GEOMETRIC_REPRESENTATION_CONTEXT(2) 
PARAMETRIC_REPRESENTATION_CONTEXT() REPRESENTATION_CONTEXT('2D SPACE',''
  ) );
#6605 = ORIENTED_EDGE('',*,*,#6606,.T.);
#6606 = EDGE_CURVE('',#6591,#6607,#6609,.T.);
#6607 = VERTEX_POINT('',#6608);
#6608 = CARTESIAN_POINT('',(6.2,-2.782962913083,-11.62940952239));
#6609 = SURFACE_CURVE('',#6610,(#6614),.PCURVE_S1.);
#6610 = B_SPLINE_CURVE_WITH_KNOTS('',2,(#6611,#6612,#6613),
  .UNSPECIFIED.,.F.,.F.,(3,3),(0.5,0.75),.PIECEWISE_BEZIER_KNOTS.);
#6611 = CARTESIAN_POINT('',(6.2,-2.733012701798,-11.74999999957));
#6612 = CARTESIAN_POINT('',(6.2,-2.76592582624,-11.69299279626));
#6613 = CARTESIAN_POINT('',(6.2,-2.782962913083,-11.62940952239));
#6614 = PCURVE('',#6578,#6615);
#6615 = DEFINITIONAL_REPRESENTATION('',(#6616),#6620);
#6616 = B_SPLINE_CURVE_WITH_KNOTS('',2,(#6617,#6618,#6619),
  .UNSPECIFIED.,.F.,.F.,(3,3),(0.5,0.75),.PIECEWISE_BEZIER_KNOTS.);
#6617 = CARTESIAN_POINT('',(0.214747891,0.272315301));
#6618 = CARTESIAN_POINT('',(0.279793591,0.141448007));
#6619 = CARTESIAN_POINT('',(0.352342643,7.3706111E-02));
#6620 = ( GEOMETRIC_REPRESENTATION_CONTEXT(2) 
PARAMETRIC_REPRESENTATION_CONTEXT() REPRESENTATION_CONTEXT('2D SPACE',''
  ) );
#6621 = ORIENTED_EDGE('',*,*,#6622,.T.);
#6622 = EDGE_CURVE('',#6607,#6623,#6625,.T.);
#6623 = VERTEX_POINT('',#6624);
#6624 = CARTESIAN_POINT('',(6.2,-2.799999999928,-11.5));
#6625 = SURFACE_CURVE('',#6626,(#6630),.PCURVE_S1.);
#6626 = B_SPLINE_CURVE_WITH_KNOTS('',2,(#6627,#6628,#6629),
  .UNSPECIFIED.,.F.,.F.,(3,3),(0.75,1.),.PIECEWISE_BEZIER_KNOTS.);
#6627 = CARTESIAN_POINT('',(6.2,-2.782962913083,-11.62940952239));
#6628 = CARTESIAN_POINT('',(6.2,-2.799999999927,-11.56582624852));
#6629 = CARTESIAN_POINT('',(6.2,-2.799999999928,-11.5));
#6630 = PCURVE('',#6578,#6631);
#6631 = DEFINITIONAL_REPRESENTATION('',(#6632),#6636);
#6632 = B_SPLINE_CURVE_WITH_KNOTS('',2,(#6633,#6634,#6635),
  .UNSPECIFIED.,.F.,.F.,(3,3),(0.75,1.),.PIECEWISE_BEZIER_KNOTS.);
#6633 = CARTESIAN_POINT('',(0.352342643,7.3706111E-02));
#6634 = CARTESIAN_POINT('',(0.424891695,5.964215E-03));
#6635 = CARTESIAN_POINT('',(0.5,5.964215E-03));
#6636 = ( GEOMETRIC_REPRESENTATION_CONTEXT(2) 
PARAMETRIC_REPRESENTATION_CONTEXT() REPRESENTATION_CONTEXT('2D SPACE',''
  ) );
#6637 = ORIENTED_EDGE('',*,*,#6638,.T.);
#6638 = EDGE_CURVE('',#6623,#6639,#6641,.T.);
#6639 = VERTEX_POINT('',#6640);
#6640 = CARTESIAN_POINT('',(6.2,-2.782962913083,-11.3705904776));
#6641 = SURFACE_CURVE('',#6642,(#6646),.PCURVE_S1.);
#6642 = B_SPLINE_CURVE_WITH_KNOTS('',2,(#6643,#6644,#6645),
  .UNSPECIFIED.,.F.,.F.,(3,3),(0.,0.25),.PIECEWISE_BEZIER_KNOTS.);
#6643 = CARTESIAN_POINT('',(6.2,-2.799999999928,-11.5));
#6644 = CARTESIAN_POINT('',(6.2,-2.799999999928,-11.43417375148));
#6645 = CARTESIAN_POINT('',(6.2,-2.782962913084,-11.3705904776));
#6646 = PCURVE('',#6578,#6647);
#6647 = DEFINITIONAL_REPRESENTATION('',(#6648),#6652);
#6648 = B_SPLINE_CURVE_WITH_KNOTS('',2,(#6649,#6650,#6651),
  .UNSPECIFIED.,.F.,.F.,(3,3),(0.,0.25),.PIECEWISE_BEZIER_KNOTS.);
#6649 = CARTESIAN_POINT('',(0.5,5.964215E-03));
#6650 = CARTESIAN_POINT('',(0.575108305,5.964215E-03));
#6651 = CARTESIAN_POINT('',(0.647657357,7.3706111E-02));
#6652 = ( GEOMETRIC_REPRESENTATION_CONTEXT(2) 
PARAMETRIC_REPRESENTATION_CONTEXT() REPRESENTATION_CONTEXT('2D SPACE',''
  ) );
#6653 = ORIENTED_EDGE('',*,*,#6654,.T.);
#6654 = EDGE_CURVE('',#6639,#6655,#6657,.T.);
#6655 = VERTEX_POINT('',#6656);
#6656 = CARTESIAN_POINT('',(6.2,-2.733012701799,-11.25000000042));
#6657 = SURFACE_CURVE('',#6658,(#6662),.PCURVE_S1.);
#6658 = B_SPLINE_CURVE_WITH_KNOTS('',2,(#6659,#6660,#6661),
  .UNSPECIFIED.,.F.,.F.,(3,3),(0.25,0.5),.PIECEWISE_BEZIER_KNOTS.);
#6659 = CARTESIAN_POINT('',(6.2,-2.782962913083,-11.3705904776));
#6660 = CARTESIAN_POINT('',(6.2,-2.765925826239,-11.30700720373));
#6661 = CARTESIAN_POINT('',(6.2,-2.733012701798,-11.25000000042));
#6662 = PCURVE('',#6578,#6663);
#6663 = DEFINITIONAL_REPRESENTATION('',(#6664),#6668);
#6664 = B_SPLINE_CURVE_WITH_KNOTS('',2,(#6665,#6666,#6667),
  .UNSPECIFIED.,.F.,.F.,(3,3),(0.25,0.5),.PIECEWISE_BEZIER_KNOTS.);
#6665 = CARTESIAN_POINT('',(0.647657357,7.3706111E-02));
#6666 = CARTESIAN_POINT('',(0.720206409,0.141448007));
#6667 = CARTESIAN_POINT('',(0.785252109,0.272315301));
#6668 = ( GEOMETRIC_REPRESENTATION_CONTEXT(2) 
PARAMETRIC_REPRESENTATION_CONTEXT() REPRESENTATION_CONTEXT('2D SPACE',''
  ) );
#6669 = ORIENTED_EDGE('',*,*,#6670,.T.);
#6670 = EDGE_CURVE('',#6655,#6671,#6673,.T.);
#6671 = VERTEX_POINT('',#6672);
#6672 = CARTESIAN_POINT('',(6.2,-2.653553390656,-11.14644660934));
#6673 = SURFACE_CURVE('',#6674,(#6678),.PCURVE_S1.);
#6674 = B_SPLINE_CURVE_WITH_KNOTS('',2,(#6675,#6676,#6677),
  .UNSPECIFIED.,.F.,.F.,(3,3),(0.5,0.75),.PIECEWISE_BEZIER_KNOTS.);
#6675 = CARTESIAN_POINT('',(6.2,-2.733012701798,-11.25000000042));
#6676 = CARTESIAN_POINT('',(6.2,-2.700099577609,-11.19299279624));
#6677 = CARTESIAN_POINT('',(6.2,-2.653553390656,-11.14644660934));
#6678 = PCURVE('',#6578,#6679);
#6679 = DEFINITIONAL_REPRESENTATION('',(#6680),#6684);
#6680 = B_SPLINE_CURVE_WITH_KNOTS('',2,(#6681,#6682,#6683),
  .UNSPECIFIED.,.F.,.F.,(3,3),(0.5,0.75),.PIECEWISE_BEZIER_KNOTS.);
#6681 = CARTESIAN_POINT('',(0.785252109,0.272315301));
#6682 = CARTESIAN_POINT('',(0.85029781,0.403182594));
#6683 = CARTESIAN_POINT('',(0.903407402,0.588256896));
#6684 = ( GEOMETRIC_REPRESENTATION_CONTEXT(2) 
PARAMETRIC_REPRESENTATION_CONTEXT() REPRESENTATION_CONTEXT('2D SPACE',''
  ) );
#6685 = ORIENTED_EDGE('',*,*,#6686,.T.);
#6686 = EDGE_CURVE('',#6671,#6687,#6689,.T.);
#6687 = VERTEX_POINT('',#6688);
#6688 = CARTESIAN_POINT('',(6.2,-2.55,-11.06698729831));
#6689 = SURFACE_CURVE('',#6690,(#6694),.PCURVE_S1.);
#6690 = B_SPLINE_CURVE_WITH_KNOTS('',2,(#6691,#6692,#6693),
  .UNSPECIFIED.,.F.,.F.,(3,3),(0.75,1.),.PIECEWISE_BEZIER_KNOTS.);
#6691 = CARTESIAN_POINT('',(6.2,-2.653553390656,-11.14644660934));
#6692 = CARTESIAN_POINT('',(6.2,-2.607007203703,-11.09990042245));
#6693 = CARTESIAN_POINT('',(6.2,-2.55,-11.06698729863));
#6694 = PCURVE('',#6578,#6695);
#6695 = DEFINITIONAL_REPRESENTATION('',(#6696),#6700);
#6696 = B_SPLINE_CURVE_WITH_KNOTS('',2,(#6697,#6698,#6699),
  .UNSPECIFIED.,.F.,.F.,(3,3),(0.75,1.),.PIECEWISE_BEZIER_KNOTS.);
#6697 = CARTESIAN_POINT('',(0.903407402,0.588256896));
#6698 = CARTESIAN_POINT('',(0.956516994,0.773331198));
#6699 = CARTESIAN_POINT('',(0.994071146,1.));
#6700 = ( GEOMETRIC_REPRESENTATION_CONTEXT(2) 
PARAMETRIC_REPRESENTATION_CONTEXT() REPRESENTATION_CONTEXT('2D SPACE',''
  ) );
#6701 = ORIENTED_EDGE('',*,*,#6702,.T.);
#6702 = EDGE_CURVE('',#6687,#6568,#6703,.T.);
#6703 = SURFACE_CURVE('',#6704,(#6708),.PCURVE_S1.);
#6704 = LINE('',#6705,#6706);
#6705 = CARTESIAN_POINT('',(6.2,-2.55,-11.066987298));
#6706 = VECTOR('',#6707,1.);
#6707 = DIRECTION('',(0.,0.,-1.));
#6708 = PCURVE('',#6578,#6709);
#6709 = DEFINITIONAL_REPRESENTATION('',(#6710),#6713);
#6710 = B_SPLINE_CURVE_WITH_KNOTS('',1,(#6711,#6712),.UNSPECIFIED.,.F.,
  .F.,(2,2),(0.,0.866025404),.PIECEWISE_BEZIER_KNOTS.);
#6711 = CARTESIAN_POINT('',(0.994071146,1.));
#6712 = CARTESIAN_POINT('',(5.928854E-03,1.));
#6713 = ( GEOMETRIC_REPRESENTATION_CONTEXT(2) 
PARAMETRIC_REPRESENTATION_CONTEXT() REPRESENTATION_CONTEXT('2D SPACE',''
  ) );
#6714 = ( GEOMETRIC_REPRESENTATION_CONTEXT(3) 
GLOBAL_UNCERTAINTY_ASSIGNED_CONTEXT((#6718)) 
GLOBAL_UNIT_ASSIGNED_CONTEXT((#6715,#6716,#6717)) REPRESENTATION_CONTEXT
('Context #1','3D Context with UNIT and UNCERTAINTY') );
#6715 = ( LENGTH_UNIT() NAMED_UNIT(*) SI_UNIT(.MILLI.,.METRE.) );
#6716 = ( NAMED_UNIT(*) PLANE_ANGLE_UNIT() SI_UNIT($,.RADIAN.) );
#6717 = ( NAMED_UNIT(*) SI_UNIT($,.STERADIAN.) SOLID_ANGLE_UNIT() );
#6718 = UNCERTAINTY_MEASURE_WITH_UNIT(LENGTH_MEASURE(1.E-05),#6715,
  'distance_accuracy_value','confusion accuracy');
#6719 = SHAPE_DEFINITION_REPRESENTATION(#6720,#6560);
#6720 = PRODUCT_DEFINITION_SHAPE('','',#6721);
#6721 = PRODUCT_DEFINITION('design','',#6722,#6725);
#6722 = PRODUCT_DEFINITION_FORMATION('','',#6723);
#6723 = PRODUCT('eMachineShop.37',
  'eMachineShop.37','',(#6724));
#6724 = PRODUCT_CONTEXT('',#2,'mechanical');
#6725 = PRODUCT_DEFINITION_CONTEXT('part definition',#2,'design');
#6726 = CONTEXT_DEPENDENT_SHAPE_REPRESENTATION(#6727,#6729);
#6727 = ( REPRESENTATION_RELATIONSHIP('','',#6560,#10) 
REPRESENTATION_RELATIONSHIP_WITH_TRANSFORMATION(#6728) 
SHAPE_REPRESENTATION_RELATIONSHIP() );
#6728 = ITEM_DEFINED_TRANSFORMATION('','',#11,#159);
#6729 = PRODUCT_DEFINITION_SHAPE('Placement','Placement of an item',
  #6730);
#6730 = NEXT_ASSEMBLY_USAGE_OCCURRENCE('37','','',#5,#6721,$);
#6731 = PRODUCT_RELATED_PRODUCT_CATEGORY('part',$,(#6723));
#6732 = MANIFOLD_SURFACE_SHAPE_REPRESENTATION('',(#11,#6733),#6886);
#6733 = SHELL_BASED_SURFACE_MODEL('',(#6734));
#6734 = OPEN_SHELL('',(#6735));
#6735 = ADVANCED_FACE('',(#6736),#6750,.T.);
#6736 = FACE_BOUND('',#6737,.T.);
#6737 = EDGE_LOOP('',(#6738,#6760,#6776,#6792,#6808,#6824,#6840,#6856,
    #6872));
#6738 = ORIENTED_EDGE('',*,*,#6739,.T.);
#6739 = EDGE_CURVE('',#6740,#6742,#6744,.T.);
#6740 = VERTEX_POINT('',#6741);
#6741 = CARTESIAN_POINT('',(6.5,-2.55,-11.93301270168));
#6742 = VERTEX_POINT('',#6743);
#6743 = CARTESIAN_POINT('',(6.5,-2.55,-11.06698729831));
#6744 = SURFACE_CURVE('',#6745,(#6749),.PCURVE_S1.);
#6745 = LINE('',#6746,#6747);
#6746 = CARTESIAN_POINT('',(6.5,-2.55,-11.933012702));
#6747 = VECTOR('',#6748,1.);
#6748 = DIRECTION('',(0.,0.,1.));
#6749 = PCURVE('',#6750,#6755);
#6750 = B_SPLINE_SURFACE_WITH_KNOTS('',1,1,(
    (#6751,#6752)
    ,(#6753,#6754
    )),.UNSPECIFIED.,.F.,.F.,.F.,(2,2),(2,2),(0.,1.),(0.,1.),
  .PIECEWISE_BEZIER_KNOTS.);
#6751 = CARTESIAN_POINT('',(6.5,-2.8015,-11.061791146));
#6752 = CARTESIAN_POINT('',(6.5,-2.55,-11.061791146));
#6753 = CARTESIAN_POINT('',(6.5,-2.8015,-11.938208854));
#6754 = CARTESIAN_POINT('',(6.5,-2.55,-11.938208854));
#6755 = DEFINITIONAL_REPRESENTATION('',(#6756),#6759);
#6756 = B_SPLINE_CURVE_WITH_KNOTS('',1,(#6757,#6758),.UNSPECIFIED.,.F.,
  .F.,(2,2),(0.,0.866025404),.PIECEWISE_BEZIER_KNOTS.);
#6757 = CARTESIAN_POINT('',(0.994071146,1.));
#6758 = CARTESIAN_POINT('',(5.928854E-03,1.));
#6759 = ( GEOMETRIC_REPRESENTATION_CONTEXT(2) 
PARAMETRIC_REPRESENTATION_CONTEXT() REPRESENTATION_CONTEXT('2D SPACE',''
  ) );
#6760 = ORIENTED_EDGE('',*,*,#6761,.T.);
#6761 = EDGE_CURVE('',#6742,#6762,#6764,.T.);
#6762 = VERTEX_POINT('',#6763);
#6763 = CARTESIAN_POINT('',(6.5,-2.653553390656,-11.14644660934));
#6764 = SURFACE_CURVE('',#6765,(#6769),.PCURVE_S1.);
#6765 = B_SPLINE_CURVE_WITH_KNOTS('',2,(#6766,#6767,#6768),
  .UNSPECIFIED.,.F.,.F.,(3,3),(0.,0.25),.PIECEWISE_BEZIER_KNOTS.);
#6766 = CARTESIAN_POINT('',(6.5,-2.55,-11.06698729863));
#6767 = CARTESIAN_POINT('',(6.5,-2.607007203703,-11.09990042245));
#6768 = CARTESIAN_POINT('',(6.5,-2.653553390656,-11.14644660934));
#6769 = PCURVE('',#6750,#6770);
#6770 = DEFINITIONAL_REPRESENTATION('',(#6771),#6775);
#6771 = B_SPLINE_CURVE_WITH_KNOTS('',2,(#6772,#6773,#6774),
  .UNSPECIFIED.,.F.,.F.,(3,3),(0.,0.25),.PIECEWISE_BEZIER_KNOTS.);
#6772 = CARTESIAN_POINT('',(5.928854E-03,1.));
#6773 = CARTESIAN_POINT('',(4.3483006E-02,0.773331198));
#6774 = CARTESIAN_POINT('',(9.6592598E-02,0.588256896));
#6775 = ( GEOMETRIC_REPRESENTATION_CONTEXT(2) 
PARAMETRIC_REPRESENTATION_CONTEXT() REPRESENTATION_CONTEXT('2D SPACE',''
  ) );
#6776 = ORIENTED_EDGE('',*,*,#6777,.T.);
#6777 = EDGE_CURVE('',#6762,#6778,#6780,.T.);
#6778 = VERTEX_POINT('',#6779);
#6779 = CARTESIAN_POINT('',(6.5,-2.733012701799,-11.25000000042));
#6780 = SURFACE_CURVE('',#6781,(#6785),.PCURVE_S1.);
#6781 = B_SPLINE_CURVE_WITH_KNOTS('',2,(#6782,#6783,#6784),
  .UNSPECIFIED.,.F.,.F.,(3,3),(0.25,0.5),.PIECEWISE_BEZIER_KNOTS.);
#6782 = CARTESIAN_POINT('',(6.5,-2.653553390656,-11.14644660934));
#6783 = CARTESIAN_POINT('',(6.5,-2.700099577609,-11.19299279624));
#6784 = CARTESIAN_POINT('',(6.5,-2.733012701798,-11.25000000042));
#6785 = PCURVE('',#6750,#6786);
#6786 = DEFINITIONAL_REPRESENTATION('',(#6787),#6791);
#6787 = B_SPLINE_CURVE_WITH_KNOTS('',2,(#6788,#6789,#6790),
  .UNSPECIFIED.,.F.,.F.,(3,3),(0.25,0.5),.PIECEWISE_BEZIER_KNOTS.);
#6788 = CARTESIAN_POINT('',(9.6592598E-02,0.588256896));
#6789 = CARTESIAN_POINT('',(0.14970219,0.403182594));
#6790 = CARTESIAN_POINT('',(0.214747891,0.272315301));
#6791 = ( GEOMETRIC_REPRESENTATION_CONTEXT(2) 
PARAMETRIC_REPRESENTATION_CONTEXT() REPRESENTATION_CONTEXT('2D SPACE',''
  ) );
#6792 = ORIENTED_EDGE('',*,*,#6793,.T.);
#6793 = EDGE_CURVE('',#6778,#6794,#6796,.T.);
#6794 = VERTEX_POINT('',#6795);
#6795 = CARTESIAN_POINT('',(6.5,-2.782962913083,-11.3705904776));
#6796 = SURFACE_CURVE('',#6797,(#6801),.PCURVE_S1.);
#6797 = B_SPLINE_CURVE_WITH_KNOTS('',2,(#6798,#6799,#6800),
  .UNSPECIFIED.,.F.,.F.,(3,3),(0.5,0.75),.PIECEWISE_BEZIER_KNOTS.);
#6798 = CARTESIAN_POINT('',(6.5,-2.733012701798,-11.25000000042));
#6799 = CARTESIAN_POINT('',(6.5,-2.76592582624,-11.30700720373));
#6800 = CARTESIAN_POINT('',(6.5,-2.782962913083,-11.3705904776));
#6801 = PCURVE('',#6750,#6802);
#6802 = DEFINITIONAL_REPRESENTATION('',(#6803),#6807);
#6803 = B_SPLINE_CURVE_WITH_KNOTS('',2,(#6804,#6805,#6806),
  .UNSPECIFIED.,.F.,.F.,(3,3),(0.5,0.75),.PIECEWISE_BEZIER_KNOTS.);
#6804 = CARTESIAN_POINT('',(0.214747891,0.272315301));
#6805 = CARTESIAN_POINT('',(0.279793591,0.141448007));
#6806 = CARTESIAN_POINT('',(0.352342643,7.3706111E-02));
#6807 = ( GEOMETRIC_REPRESENTATION_CONTEXT(2) 
PARAMETRIC_REPRESENTATION_CONTEXT() REPRESENTATION_CONTEXT('2D SPACE',''
  ) );
#6808 = ORIENTED_EDGE('',*,*,#6809,.T.);
#6809 = EDGE_CURVE('',#6794,#6810,#6812,.T.);
#6810 = VERTEX_POINT('',#6811);
#6811 = CARTESIAN_POINT('',(6.5,-2.799999999928,-11.5));
#6812 = SURFACE_CURVE('',#6813,(#6817),.PCURVE_S1.);
#6813 = B_SPLINE_CURVE_WITH_KNOTS('',2,(#6814,#6815,#6816),
  .UNSPECIFIED.,.F.,.F.,(3,3),(0.75,1.),.PIECEWISE_BEZIER_KNOTS.);
#6814 = CARTESIAN_POINT('',(6.5,-2.782962913083,-11.3705904776));
#6815 = CARTESIAN_POINT('',(6.5,-2.799999999927,-11.43417375148));
#6816 = CARTESIAN_POINT('',(6.5,-2.799999999928,-11.5));
#6817 = PCURVE('',#6750,#6818);
#6818 = DEFINITIONAL_REPRESENTATION('',(#6819),#6823);
#6819 = B_SPLINE_CURVE_WITH_KNOTS('',2,(#6820,#6821,#6822),
  .UNSPECIFIED.,.F.,.F.,(3,3),(0.75,1.),.PIECEWISE_BEZIER_KNOTS.);
#6820 = CARTESIAN_POINT('',(0.352342643,7.3706111E-02));
#6821 = CARTESIAN_POINT('',(0.424891695,5.964215E-03));
#6822 = CARTESIAN_POINT('',(0.5,5.964215E-03));
#6823 = ( GEOMETRIC_REPRESENTATION_CONTEXT(2) 
PARAMETRIC_REPRESENTATION_CONTEXT() REPRESENTATION_CONTEXT('2D SPACE',''
  ) );
#6824 = ORIENTED_EDGE('',*,*,#6825,.T.);
#6825 = EDGE_CURVE('',#6810,#6826,#6828,.T.);
#6826 = VERTEX_POINT('',#6827);
#6827 = CARTESIAN_POINT('',(6.5,-2.782962913083,-11.62940952239));
#6828 = SURFACE_CURVE('',#6829,(#6833),.PCURVE_S1.);
#6829 = B_SPLINE_CURVE_WITH_KNOTS('',2,(#6830,#6831,#6832),
  .UNSPECIFIED.,.F.,.F.,(3,3),(0.,0.25),.PIECEWISE_BEZIER_KNOTS.);
#6830 = CARTESIAN_POINT('',(6.5,-2.799999999928,-11.5));
#6831 = CARTESIAN_POINT('',(6.5,-2.799999999928,-11.56582624852));
#6832 = CARTESIAN_POINT('',(6.5,-2.782962913084,-11.62940952239));
#6833 = PCURVE('',#6750,#6834);
#6834 = DEFINITIONAL_REPRESENTATION('',(#6835),#6839);
#6835 = B_SPLINE_CURVE_WITH_KNOTS('',2,(#6836,#6837,#6838),
  .UNSPECIFIED.,.F.,.F.,(3,3),(0.,0.25),.PIECEWISE_BEZIER_KNOTS.);
#6836 = CARTESIAN_POINT('',(0.5,5.964215E-03));
#6837 = CARTESIAN_POINT('',(0.575108305,5.964215E-03));
#6838 = CARTESIAN_POINT('',(0.647657357,7.3706111E-02));
#6839 = ( GEOMETRIC_REPRESENTATION_CONTEXT(2) 
PARAMETRIC_REPRESENTATION_CONTEXT() REPRESENTATION_CONTEXT('2D SPACE',''
  ) );
#6840 = ORIENTED_EDGE('',*,*,#6841,.T.);
#6841 = EDGE_CURVE('',#6826,#6842,#6844,.T.);
#6842 = VERTEX_POINT('',#6843);
#6843 = CARTESIAN_POINT('',(6.5,-2.733012701799,-11.74999999957));
#6844 = SURFACE_CURVE('',#6845,(#6849),.PCURVE_S1.);
#6845 = B_SPLINE_CURVE_WITH_KNOTS('',2,(#6846,#6847,#6848),
  .UNSPECIFIED.,.F.,.F.,(3,3),(0.25,0.5),.PIECEWISE_BEZIER_KNOTS.);
#6846 = CARTESIAN_POINT('',(6.5,-2.782962913083,-11.62940952239));
#6847 = CARTESIAN_POINT('',(6.5,-2.765925826239,-11.69299279626));
#6848 = CARTESIAN_POINT('',(6.5,-2.733012701798,-11.74999999957));
#6849 = PCURVE('',#6750,#6850);
#6850 = DEFINITIONAL_REPRESENTATION('',(#6851),#6855);
#6851 = B_SPLINE_CURVE_WITH_KNOTS('',2,(#6852,#6853,#6854),
  .UNSPECIFIED.,.F.,.F.,(3,3),(0.25,0.5),.PIECEWISE_BEZIER_KNOTS.);
#6852 = CARTESIAN_POINT('',(0.647657357,7.3706111E-02));
#6853 = CARTESIAN_POINT('',(0.720206409,0.141448007));
#6854 = CARTESIAN_POINT('',(0.785252109,0.272315301));
#6855 = ( GEOMETRIC_REPRESENTATION_CONTEXT(2) 
PARAMETRIC_REPRESENTATION_CONTEXT() REPRESENTATION_CONTEXT('2D SPACE',''
  ) );
#6856 = ORIENTED_EDGE('',*,*,#6857,.T.);
#6857 = EDGE_CURVE('',#6842,#6858,#6860,.T.);
#6858 = VERTEX_POINT('',#6859);
#6859 = CARTESIAN_POINT('',(6.5,-2.653553390656,-11.85355339065));
#6860 = SURFACE_CURVE('',#6861,(#6865),.PCURVE_S1.);
#6861 = B_SPLINE_CURVE_WITH_KNOTS('',2,(#6862,#6863,#6864),
  .UNSPECIFIED.,.F.,.F.,(3,3),(0.5,0.75),.PIECEWISE_BEZIER_KNOTS.);
#6862 = CARTESIAN_POINT('',(6.5,-2.733012701798,-11.74999999957));
#6863 = CARTESIAN_POINT('',(6.5,-2.700099577609,-11.80700720375));
#6864 = CARTESIAN_POINT('',(6.5,-2.653553390656,-11.85355339065));
#6865 = PCURVE('',#6750,#6866);
#6866 = DEFINITIONAL_REPRESENTATION('',(#6867),#6871);
#6867 = B_SPLINE_CURVE_WITH_KNOTS('',2,(#6868,#6869,#6870),
  .UNSPECIFIED.,.F.,.F.,(3,3),(0.5,0.75),.PIECEWISE_BEZIER_KNOTS.);
#6868 = CARTESIAN_POINT('',(0.785252109,0.272315301));
#6869 = CARTESIAN_POINT('',(0.85029781,0.403182594));
#6870 = CARTESIAN_POINT('',(0.903407402,0.588256896));
#6871 = ( GEOMETRIC_REPRESENTATION_CONTEXT(2) 
PARAMETRIC_REPRESENTATION_CONTEXT() REPRESENTATION_CONTEXT('2D SPACE',''
  ) );
#6872 = ORIENTED_EDGE('',*,*,#6873,.T.);
#6873 = EDGE_CURVE('',#6858,#6740,#6874,.T.);
#6874 = SURFACE_CURVE('',#6875,(#6879),.PCURVE_S1.);
#6875 = B_SPLINE_CURVE_WITH_KNOTS('',2,(#6876,#6877,#6878),
  .UNSPECIFIED.,.F.,.F.,(3,3),(0.75,1.),.PIECEWISE_BEZIER_KNOTS.);
#6876 = CARTESIAN_POINT('',(6.5,-2.653553390656,-11.85355339065));
#6877 = CARTESIAN_POINT('',(6.5,-2.607007203703,-11.90009957754));
#6878 = CARTESIAN_POINT('',(6.5,-2.55,-11.93301270136));
#6879 = PCURVE('',#6750,#6880);
#6880 = DEFINITIONAL_REPRESENTATION('',(#6881),#6885);
#6881 = B_SPLINE_CURVE_WITH_KNOTS('',2,(#6882,#6883,#6884),
  .UNSPECIFIED.,.F.,.F.,(3,3),(0.75,1.),.PIECEWISE_BEZIER_KNOTS.);
#6882 = CARTESIAN_POINT('',(0.903407402,0.588256896));
#6883 = CARTESIAN_POINT('',(0.956516994,0.773331198));
#6884 = CARTESIAN_POINT('',(0.994071146,1.));
#6885 = ( GEOMETRIC_REPRESENTATION_CONTEXT(2) 
PARAMETRIC_REPRESENTATION_CONTEXT() REPRESENTATION_CONTEXT('2D SPACE',''
  ) );
#6886 = ( GEOMETRIC_REPRESENTATION_CONTEXT(3) 
GLOBAL_UNCERTAINTY_ASSIGNED_CONTEXT((#6890)) 
GLOBAL_UNIT_ASSIGNED_CONTEXT((#6887,#6888,#6889)) REPRESENTATION_CONTEXT
('Context #1','3D Context with UNIT and UNCERTAINTY') );
#6887 = ( LENGTH_UNIT() NAMED_UNIT(*) SI_UNIT(.MILLI.,.METRE.) );
#6888 = ( NAMED_UNIT(*) PLANE_ANGLE_UNIT() SI_UNIT($,.RADIAN.) );
#6889 = ( NAMED_UNIT(*) SI_UNIT($,.STERADIAN.) SOLID_ANGLE_UNIT() );
#6890 = UNCERTAINTY_MEASURE_WITH_UNIT(LENGTH_MEASURE(1.E-05),#6887,
  'distance_accuracy_value','confusion accuracy');
#6891 = SHAPE_DEFINITION_REPRESENTATION(#6892,#6732);
#6892 = PRODUCT_DEFINITION_SHAPE('','',#6893);
#6893 = PRODUCT_DEFINITION('design','',#6894,#6897);
#6894 = PRODUCT_DEFINITION_FORMATION('','',#6895);
#6895 = PRODUCT('eMachineShop.38',
  'eMachineShop.38','',(#6896));
#6896 = PRODUCT_CONTEXT('',#2,'mechanical');
#6897 = PRODUCT_DEFINITION_CONTEXT('part definition',#2,'design');
#6898 = CONTEXT_DEPENDENT_SHAPE_REPRESENTATION(#6899,#6901);
#6899 = ( REPRESENTATION_RELATIONSHIP('','',#6732,#10) 
REPRESENTATION_RELATIONSHIP_WITH_TRANSFORMATION(#6900) 
SHAPE_REPRESENTATION_RELATIONSHIP() );
#6900 = ITEM_DEFINED_TRANSFORMATION('','',#11,#163);
#6901 = PRODUCT_DEFINITION_SHAPE('Placement','Placement of an item',
  #6902);
#6902 = NEXT_ASSEMBLY_USAGE_OCCURRENCE('38','','',#5,#6893,$);
#6903 = PRODUCT_RELATED_PRODUCT_CATEGORY('part',$,(#6895));
#6904 = MANIFOLD_SURFACE_SHAPE_REPRESENTATION('',(#11,#6905),#6984);
#6905 = SHELL_BASED_SURFACE_MODEL('',(#6906));
#6906 = OPEN_SHELL('',(#6907));
#6907 = ADVANCED_FACE('',(#6908),#6922,.T.);
#6908 = FACE_BOUND('',#6909,.T.);
#6909 = EDGE_LOOP('',(#6910,#6935,#6953,#6968));
#6910 = ORIENTED_EDGE('',*,*,#6911,.F.);
#6911 = EDGE_CURVE('',#6912,#6914,#6916,.T.);
#6912 = VERTEX_POINT('',#6913);
#6913 = CARTESIAN_POINT('',(6.515878554201,-2.49592983813,-11.0399875021
    ));
#6914 = VERTEX_POINT('',#6915);
#6915 = CARTESIAN_POINT('',(6.515878554201,-2.49592983813,
    -11.96001249789));
#6916 = SURFACE_CURVE('',#6917,(#6921),.PCURVE_S1.);
#6917 = LINE('',#6918,#6919);
#6918 = CARTESIAN_POINT('',(6.515878554,-2.495929838,-11.039987502));
#6919 = VECTOR('',#6920,1.);
#6920 = DIRECTION('',(0.,0.,-1.));
#6921 = PCURVE('',#6922,#6930);
#6922 = SURFACE_OF_REVOLUTION('',#6923,#6927);
#6923 = LINE('',#6924,#6925);
#6924 = CARTESIAN_POINT('',(6.5,-2.55,-11.034467352));
#6925 = VECTOR('',#6926,1.);
#6926 = DIRECTION('',(0.,0.,-1.));
#6927 = AXIS1_PLACEMENT('',#6928,#6929);
#6928 = CARTESIAN_POINT('',(6.6,-2.55,-11.));
#6929 = DIRECTION('',(0.,0.,1.));
#6930 = DEFINITIONAL_REPRESENTATION('',(#6931),#6934);
#6931 = B_SPLINE_CURVE_WITH_KNOTS('',1,(#6932,#6933),.UNSPECIFIED.,.F.,
  .F.,(2,2),(0.,0.920024996),.PIECEWISE_BEZIER_KNOTS.);
#6932 = CARTESIAN_POINT('',(5.71191436818,5.52015020445E-03));
#6933 = CARTESIAN_POINT('',(5.71191436818,0.925545145796));
#6934 = ( GEOMETRIC_REPRESENTATION_CONTEXT(2) 
PARAMETRIC_REPRESENTATION_CONTEXT() REPRESENTATION_CONTEXT('2D SPACE',''
  ) );
#6935 = ORIENTED_EDGE('',*,*,#6936,.F.);
#6936 = EDGE_CURVE('',#6937,#6912,#6939,.T.);
#6937 = VERTEX_POINT('',#6938);
#6938 = CARTESIAN_POINT('',(6.5,-2.55,-11.06698729803));
#6939 = SURFACE_CURVE('',#6940,(#6946),.PCURVE_S1.);
#6940 = B_SPLINE_CURVE_WITH_KNOTS('',4,(#6941,#6942,#6943,#6944,#6945),
  .UNSPECIFIED.,.F.,.F.,(5,5),(0.,1.),.PIECEWISE_BEZIER_KNOTS.);
#6941 = CARTESIAN_POINT('',(6.5,-2.55,-11.06698729806));
#6942 = CARTESIAN_POINT('',(6.5,-2.5350916314,-11.05837994761));
#6943 = CARTESIAN_POINT('',(6.502970529193,-2.520599802044,
    -11.05101086482));
#6944 = CARTESIAN_POINT('',(6.508495177383,-2.507416771687,
    -11.04488004969));
#6945 = CARTESIAN_POINT('',(6.515878554402,-2.49592983826,-11.0399875022
    ));
#6946 = PCURVE('',#6922,#6947);
#6947 = DEFINITIONAL_REPRESENTATION('',(#6948),#6952);
#6948 = B_SPLINE_CURVE_WITH_KNOTS('',2,(#6949,#6950,#6951),
  .UNSPECIFIED.,.F.,.F.,(3,3),(0.,1.),.PIECEWISE_BEZIER_KNOTS.);
#6949 = CARTESIAN_POINT('',(6.28318530718,3.251994606247E-02));
#6950 = CARTESIAN_POINT('',(5.98501793518,1.530524517627E-02));
#6951 = CARTESIAN_POINT('',(5.71191436818,5.52015020445E-03));
#6952 = ( GEOMETRIC_REPRESENTATION_CONTEXT(2) 
PARAMETRIC_REPRESENTATION_CONTEXT() REPRESENTATION_CONTEXT('2D SPACE',''
  ) );
#6953 = ORIENTED_EDGE('',*,*,#6954,.F.);
#6954 = EDGE_CURVE('',#6955,#6937,#6957,.T.);
#6955 = VERTEX_POINT('',#6956);
#6956 = CARTESIAN_POINT('',(6.5,-2.55,-11.93301270196));
#6957 = SURFACE_CURVE('',#6958,(#6962),.PCURVE_S1.);
#6958 = LINE('',#6959,#6960);
#6959 = CARTESIAN_POINT('',(6.5,-2.55,-11.933012702));
#6960 = VECTOR('',#6961,1.);
#6961 = DIRECTION('',(0.,0.,1.));
#6962 = PCURVE('',#6922,#6963);
#6963 = DEFINITIONAL_REPRESENTATION('',(#6964),#6967);
#6964 = B_SPLINE_CURVE_WITH_KNOTS('',1,(#6965,#6966),.UNSPECIFIED.,.F.,
  .F.,(2,2),(0.,0.866025404),.PIECEWISE_BEZIER_KNOTS.);
#6965 = CARTESIAN_POINT('',(6.28318530718,0.898545349938));
#6966 = CARTESIAN_POINT('',(6.28318530718,3.251994606247E-02));
#6967 = ( GEOMETRIC_REPRESENTATION_CONTEXT(2) 
PARAMETRIC_REPRESENTATION_CONTEXT() REPRESENTATION_CONTEXT('2D SPACE',''
  ) );
#6968 = ORIENTED_EDGE('',*,*,#6969,.F.);
#6969 = EDGE_CURVE('',#6914,#6955,#6970,.T.);
#6970 = SURFACE_CURVE('',#6971,(#6977),.PCURVE_S1.);
#6971 = B_SPLINE_CURVE_WITH_KNOTS('',4,(#6972,#6973,#6974,#6975,#6976),
  .UNSPECIFIED.,.F.,.F.,(5,5),(0.,1.),.PIECEWISE_BEZIER_KNOTS.);
#6972 = CARTESIAN_POINT('',(6.515878554402,-2.49592983826,
    -11.96001249779));
#6973 = CARTESIAN_POINT('',(6.508495177383,-2.507416771687,
    -11.95511995031));
#6974 = CARTESIAN_POINT('',(6.502970529193,-2.520599802044,
    -11.94898913517));
#6975 = CARTESIAN_POINT('',(6.5,-2.5350916314,-11.94162005238));
#6976 = CARTESIAN_POINT('',(6.5,-2.55,-11.93301270193));
#6977 = PCURVE('',#6922,#6978);
#6978 = DEFINITIONAL_REPRESENTATION('',(#6979),#6983);
#6979 = B_SPLINE_CURVE_WITH_KNOTS('',2,(#6980,#6981,#6982),
  .UNSPECIFIED.,.F.,.F.,(3,3),(0.,1.),.PIECEWISE_BEZIER_KNOTS.);
#6980 = CARTESIAN_POINT('',(5.71191436818,0.925545145796));
#6981 = CARTESIAN_POINT('',(5.98501793518,0.915760050824));
#6982 = CARTESIAN_POINT('',(6.28318530718,0.898545349938));
#6983 = ( GEOMETRIC_REPRESENTATION_CONTEXT(2) 
PARAMETRIC_REPRESENTATION_CONTEXT() REPRESENTATION_CONTEXT('2D SPACE',''
  ) );
#6984 = ( GEOMETRIC_REPRESENTATION_CONTEXT(3) 
GLOBAL_UNCERTAINTY_ASSIGNED_CONTEXT((#6988)) 
GLOBAL_UNIT_ASSIGNED_CONTEXT((#6985,#6986,#6987)) REPRESENTATION_CONTEXT
('Context #1','3D Context with UNIT and UNCERTAINTY') );
#6985 = ( LENGTH_UNIT() NAMED_UNIT(*) SI_UNIT(.MILLI.,.METRE.) );
#6986 = ( NAMED_UNIT(*) PLANE_ANGLE_UNIT() SI_UNIT($,.RADIAN.) );
#6987 = ( NAMED_UNIT(*) SI_UNIT($,.STERADIAN.) SOLID_ANGLE_UNIT() );
#6988 = UNCERTAINTY_MEASURE_WITH_UNIT(LENGTH_MEASURE(1.E-05),#6985,
  'distance_accuracy_value','confusion accuracy');
#6989 = SHAPE_DEFINITION_REPRESENTATION(#6990,#6904);
#6990 = PRODUCT_DEFINITION_SHAPE('','',#6991);
#6991 = PRODUCT_DEFINITION('design','',#6992,#6995);
#6992 = PRODUCT_DEFINITION_FORMATION('','',#6993);
#6993 = PRODUCT('eMachineShop.39',
  'eMachineShop.39','',(#6994));
#6994 = PRODUCT_CONTEXT('',#2,'mechanical');
#6995 = PRODUCT_DEFINITION_CONTEXT('part definition',#2,'design');
#6996 = CONTEXT_DEPENDENT_SHAPE_REPRESENTATION(#6997,#6999);
#6997 = ( REPRESENTATION_RELATIONSHIP('','',#6904,#10) 
REPRESENTATION_RELATIONSHIP_WITH_TRANSFORMATION(#6998) 
SHAPE_REPRESENTATION_RELATIONSHIP() );
#6998 = ITEM_DEFINED_TRANSFORMATION('','',#11,#167);
#6999 = PRODUCT_DEFINITION_SHAPE('Placement','Placement of an item',
  #7000);
#7000 = NEXT_ASSEMBLY_USAGE_OCCURRENCE('39','','',#5,#6991,$);
#7001 = PRODUCT_RELATED_PRODUCT_CATEGORY('part',$,(#6993));
#7002 = MANIFOLD_SURFACE_SHAPE_REPRESENTATION('',(#11,#7003),#7107);
#7003 = SHELL_BASED_SURFACE_MODEL('',(#7004));
#7004 = OPEN_SHELL('',(#7005));
#7005 = ADVANCED_FACE('',(#7006),#7020,.T.);
#7006 = FACE_BOUND('',#7007,.T.);
#7007 = EDGE_LOOP('',(#7008,#7030,#7047,#7062,#7079,#7094));
#7008 = ORIENTED_EDGE('',*,*,#7009,.T.);
#7009 = EDGE_CURVE('',#7010,#7012,#7014,.T.);
#7010 = VERTEX_POINT('',#7011);
#7011 = CARTESIAN_POINT('',(6.846789396,-1.981104333,-11.));
#7012 = VERTEX_POINT('',#7013);
#7013 = CARTESIAN_POINT('',(6.641815026,-2.3,-11.));
#7014 = SURFACE_CURVE('',#7015,(#7019),.PCURVE_S1.);
#7015 = LINE('',#7016,#7017);
#7016 = CARTESIAN_POINT('',(6.846789396,-1.981104333,-11.));
#7017 = VECTOR('',#7018,1.);
#7018 = DIRECTION('',(-0.540701617887,-0.841214455662,0.));
#7019 = PCURVE('',#7020,#7025);
#7020 = B_SPLINE_SURFACE_WITH_KNOTS('',1,1,(
    (#7021,#7022)
    ,(#7023,#7024
    )),.UNSPECIFIED.,.F.,.F.,.F.,(2,2),(2,2),(0.,1.),(0.,1.),
  .PIECEWISE_BEZIER_KNOTS.);
#7021 = CARTESIAN_POINT('',(6.515878554,-2.495929838,-12.));
#7022 = CARTESIAN_POINT('',(6.515878554,-2.495929838,-11.));
#7023 = CARTESIAN_POINT('',(6.846789396,-1.981104333,-12.));
#7024 = CARTESIAN_POINT('',(6.846789396,-1.981104333,-11.));
#7025 = DEFINITIONAL_REPRESENTATION('',(#7026),#7029);
#7026 = B_SPLINE_CURVE_WITH_KNOTS('',1,(#7027,#7028),.UNSPECIFIED.,.F.,
  .F.,(2,2),(0.,0.379089618413),.PIECEWISE_BEZIER_KNOTS.);
#7027 = CARTESIAN_POINT('',(1.,1.));
#7028 = CARTESIAN_POINT('',(0.380575236,1.));
#7029 = ( GEOMETRIC_REPRESENTATION_CONTEXT(2) 
PARAMETRIC_REPRESENTATION_CONTEXT() REPRESENTATION_CONTEXT('2D SPACE',''
  ) );
#7030 = ORIENTED_EDGE('',*,*,#7031,.T.);
#7031 = EDGE_CURVE('',#7012,#7032,#7034,.T.);
#7032 = VERTEX_POINT('',#7033);
#7033 = CARTESIAN_POINT('',(6.515878554,-2.495929838,-11.039987502));
#7034 = SURFACE_CURVE('',#7035,(#7040),.PCURVE_S1.);
#7035 = ( BOUNDED_CURVE() B_SPLINE_CURVE(3,(#7036,#7037,#7038,#7039),
.UNSPECIFIED.,.F.,.F.) B_SPLINE_CURVE_WITH_KNOTS((4,4),(0.,1.),
.PIECEWISE_BEZIER_KNOTS.) CURVE() GEOMETRIC_REPRESENTATION_ITEM() 
RATIONAL_B_SPLINE_CURVE((1.,0.986534850033,0.986534850033,1.)) 
REPRESENTATION_ITEM('') );
#7036 = CARTESIAN_POINT('',(6.641815026,-2.3,-11.));
#7037 = CARTESIAN_POINT('',(6.59838607,-2.367566038,-11.));
#7038 = CARTESIAN_POINT('',(6.55583428,-2.433767395,-11.013511096));
#7039 = CARTESIAN_POINT('',(6.515878554,-2.495929838,-11.039987502));
#7040 = PCURVE('',#7020,#7041);
#7041 = DEFINITIONAL_REPRESENTATION('',(#7042),#7046);
#7042 = B_SPLINE_CURVE_WITH_KNOTS('',2,(#7043,#7044,#7045),
  .UNSPECIFIED.,.F.,.F.,(3,3),(0.,1.),.PIECEWISE_BEZIER_KNOTS.);
#7043 = CARTESIAN_POINT('',(0.380575236,1.));
#7044 = CARTESIAN_POINT('',(0.182361548,1.));
#7045 = CARTESIAN_POINT('',(0.,0.960012498));
#7046 = ( GEOMETRIC_REPRESENTATION_CONTEXT(2) 
PARAMETRIC_REPRESENTATION_CONTEXT() REPRESENTATION_CONTEXT('2D SPACE',''
  ) );
#7047 = ORIENTED_EDGE('',*,*,#7048,.T.);
#7048 = EDGE_CURVE('',#7032,#7049,#7051,.T.);
#7049 = VERTEX_POINT('',#7050);
#7050 = CARTESIAN_POINT('',(6.515878554,-2.495929838,-11.960012498));
#7051 = SURFACE_CURVE('',#7052,(#7056),.PCURVE_S1.);
#7052 = LINE('',#7053,#7054);
#7053 = CARTESIAN_POINT('',(6.515878554,-2.495929838,-11.039987502));
#7054 = VECTOR('',#7055,1.);
#7055 = DIRECTION('',(0.,0.,-1.));
#7056 = PCURVE('',#7020,#7057);
#7057 = DEFINITIONAL_REPRESENTATION('',(#7058),#7061);
#7058 = B_SPLINE_CURVE_WITH_KNOTS('',1,(#7059,#7060),.UNSPECIFIED.,.F.,
  .F.,(2,2),(0.,0.920024996),.PIECEWISE_BEZIER_KNOTS.);
#7059 = CARTESIAN_POINT('',(0.,0.960012498));
#7060 = CARTESIAN_POINT('',(0.,3.9987502E-02));
#7061 = ( GEOMETRIC_REPRESENTATION_CONTEXT(2) 
PARAMETRIC_REPRESENTATION_CONTEXT() REPRESENTATION_CONTEXT('2D SPACE',''
  ) );
#7062 = ORIENTED_EDGE('',*,*,#7063,.T.);
#7063 = EDGE_CURVE('',#7049,#7064,#7066,.T.);
#7064 = VERTEX_POINT('',#7065);
#7065 = CARTESIAN_POINT('',(6.641815026,-2.3,-12.));
#7066 = SURFACE_CURVE('',#7067,(#7072),.PCURVE_S1.);
#7067 = ( BOUNDED_CURVE() B_SPLINE_CURVE(3,(#7068,#7069,#7070,#7071),
.UNSPECIFIED.,.F.,.F.) B_SPLINE_CURVE_WITH_KNOTS((4,4),(0.,1.),
.PIECEWISE_BEZIER_KNOTS.) CURVE() GEOMETRIC_REPRESENTATION_ITEM() 
RATIONAL_B_SPLINE_CURVE((1.,0.986534850033,0.986534850033,1.)) 
REPRESENTATION_ITEM('') );
#7068 = CARTESIAN_POINT('',(6.515878554,-2.495929838,-11.960012498));
#7069 = CARTESIAN_POINT('',(6.55583428,-2.433767395,-11.986488904));
#7070 = CARTESIAN_POINT('',(6.59838607,-2.367566038,-12.));
#7071 = CARTESIAN_POINT('',(6.641815026,-2.3,-12.));
#7072 = PCURVE('',#7020,#7073);
#7073 = DEFINITIONAL_REPRESENTATION('',(#7074),#7078);
#7074 = B_SPLINE_CURVE_WITH_KNOTS('',2,(#7075,#7076,#7077),
  .UNSPECIFIED.,.F.,.F.,(3,3),(0.,1.),.PIECEWISE_BEZIER_KNOTS.);
#7075 = CARTESIAN_POINT('',(0.,3.9987502E-02));
#7076 = CARTESIAN_POINT('',(0.182361548,0.));
#7077 = CARTESIAN_POINT('',(0.380575236,0.));
#7078 = ( GEOMETRIC_REPRESENTATION_CONTEXT(2) 
PARAMETRIC_REPRESENTATION_CONTEXT() REPRESENTATION_CONTEXT('2D SPACE',''
  ) );
#7079 = ORIENTED_EDGE('',*,*,#7080,.T.);
#7080 = EDGE_CURVE('',#7064,#7081,#7083,.T.);
#7081 = VERTEX_POINT('',#7082);
#7082 = CARTESIAN_POINT('',(6.846789396,-1.981104333,-12.));
#7083 = SURFACE_CURVE('',#7084,(#7088),.PCURVE_S1.);
#7084 = LINE('',#7085,#7086);
#7085 = CARTESIAN_POINT('',(6.641815026,-2.3,-12.));
#7086 = VECTOR('',#7087,1.);
#7087 = DIRECTION('',(0.540701617887,0.841214455662,0.));
#7088 = PCURVE('',#7020,#7089);
#7089 = DEFINITIONAL_REPRESENTATION('',(#7090),#7093);
#7090 = B_SPLINE_CURVE_WITH_KNOTS('',1,(#7091,#7092),.UNSPECIFIED.,.F.,
  .F.,(2,2),(0.,0.379089618413),.PIECEWISE_BEZIER_KNOTS.);
#7091 = CARTESIAN_POINT('',(0.380575236,0.));
#7092 = CARTESIAN_POINT('',(1.,0.));
#7093 = ( GEOMETRIC_REPRESENTATION_CONTEXT(2) 
PARAMETRIC_REPRESENTATION_CONTEXT() REPRESENTATION_CONTEXT('2D SPACE',''
  ) );
#7094 = ORIENTED_EDGE('',*,*,#7095,.T.);
#7095 = EDGE_CURVE('',#7081,#7010,#7096,.T.);
#7096 = SURFACE_CURVE('',#7097,(#7101),.PCURVE_S1.);
#7097 = LINE('',#7098,#7099);
#7098 = CARTESIAN_POINT('',(6.846789396,-1.981104333,-12.));
#7099 = VECTOR('',#7100,1.);
#7100 = DIRECTION('',(0.,0.,1.));
#7101 = PCURVE('',#7020,#7102);
#7102 = DEFINITIONAL_REPRESENTATION('',(#7103),#7106);
#7103 = B_SPLINE_CURVE_WITH_KNOTS('',1,(#7104,#7105),.UNSPECIFIED.,.F.,
  .F.,(2,2),(0.,1.),.PIECEWISE_BEZIER_KNOTS.);
#7104 = CARTESIAN_POINT('',(1.,0.));
#7105 = CARTESIAN_POINT('',(1.,1.));
#7106 = ( GEOMETRIC_REPRESENTATION_CONTEXT(2) 
PARAMETRIC_REPRESENTATION_CONTEXT() REPRESENTATION_CONTEXT('2D SPACE',''
  ) );
#7107 = ( GEOMETRIC_REPRESENTATION_CONTEXT(3) 
GLOBAL_UNCERTAINTY_ASSIGNED_CONTEXT((#7111)) 
GLOBAL_UNIT_ASSIGNED_CONTEXT((#7108,#7109,#7110)) REPRESENTATION_CONTEXT
('Context #1','3D Context with UNIT and UNCERTAINTY') );
#7108 = ( LENGTH_UNIT() NAMED_UNIT(*) SI_UNIT(.MILLI.,.METRE.) );
#7109 = ( NAMED_UNIT(*) PLANE_ANGLE_UNIT() SI_UNIT($,.RADIAN.) );
#7110 = ( NAMED_UNIT(*) SI_UNIT($,.STERADIAN.) SOLID_ANGLE_UNIT() );
#7111 = UNCERTAINTY_MEASURE_WITH_UNIT(LENGTH_MEASURE(2.E-04),#7108,
  'distance_accuracy_value','confusion accuracy');
#7112 = SHAPE_DEFINITION_REPRESENTATION(#7113,#7002);
#7113 = PRODUCT_DEFINITION_SHAPE('','',#7114);
#7114 = PRODUCT_DEFINITION('design','',#7115,#7118);
#7115 = PRODUCT_DEFINITION_FORMATION('','',#7116);
#7116 = PRODUCT('eMachineShop.40',
  'eMachineShop.40','',(#7117));
#7117 = PRODUCT_CONTEXT('',#2,'mechanical');
#7118 = PRODUCT_DEFINITION_CONTEXT('part definition',#2,'design');
#7119 = CONTEXT_DEPENDENT_SHAPE_REPRESENTATION(#7120,#7122);
#7120 = ( REPRESENTATION_RELATIONSHIP('','',#7002,#10) 
REPRESENTATION_RELATIONSHIP_WITH_TRANSFORMATION(#7121) 
SHAPE_REPRESENTATION_RELATIONSHIP() );
#7121 = ITEM_DEFINED_TRANSFORMATION('','',#11,#171);
#7122 = PRODUCT_DEFINITION_SHAPE('Placement','Placement of an item',
  #7123);
#7123 = NEXT_ASSEMBLY_USAGE_OCCURRENCE('40','','',#5,#7114,$);
#7124 = PRODUCT_RELATED_PRODUCT_CATEGORY('part',$,(#7116));
#7125 = MANIFOLD_SURFACE_SHAPE_REPRESENTATION('',(#11,#7126),#7201);
#7126 = SHELL_BASED_SURFACE_MODEL('',(#7127));
#7127 = OPEN_SHELL('',(#7128));
#7128 = ADVANCED_FACE('',(#7129),#7143,.T.);
#7129 = FACE_BOUND('',#7130,.T.);
#7130 = EDGE_LOOP('',(#7131,#7156,#7172,#7187));
#7131 = ORIENTED_EDGE('',*,*,#7132,.F.);
#7132 = EDGE_CURVE('',#7133,#7135,#7137,.T.);
#7133 = VERTEX_POINT('',#7134);
#7134 = CARTESIAN_POINT('',(6.846789396132,-1.981104332942,-11.));
#7135 = VERTEX_POINT('',#7136);
#7136 = CARTESIAN_POINT('',(6.846789396,-1.981104333,-12.));
#7137 = SURFACE_CURVE('',#7138,(#7142),.PCURVE_S1.);
#7138 = LINE('',#7139,#7140);
#7139 = CARTESIAN_POINT('',(6.846789396,-1.981104333,-11.));
#7140 = VECTOR('',#7141,1.);
#7141 = DIRECTION('',(0.,0.,-1.));
#7142 = PCURVE('',#7143,#7151);
#7143 = SURFACE_OF_REVOLUTION('',#7144,#7148);
#7144 = LINE('',#7145,#7146);
#7145 = CARTESIAN_POINT('',(5.65,-1.629648281,-11.));
#7146 = VECTOR('',#7147,1.);
#7147 = DIRECTION('',(0.,0.,-1.));
#7148 = AXIS1_PLACEMENT('',#7149,#7150);
#7149 = CARTESIAN_POINT('',(6.3,-1.629648281,-11.));
#7150 = DIRECTION('',(0.,0.,1.));
#7151 = DEFINITIONAL_REPRESENTATION('',(#7152),#7155);
#7152 = B_SPLINE_CURVE_WITH_KNOTS('',1,(#7153,#7154),.UNSPECIFIED.,.F.,
  .F.,(2,2),(0.,1.),.PIECEWISE_BEZIER_KNOTS.);
#7153 = CARTESIAN_POINT('',(2.57032171418,-5.707260695552E-16));
#7154 = CARTESIAN_POINT('',(2.57032171418,1.));
#7155 = ( GEOMETRIC_REPRESENTATION_CONTEXT(2) 
PARAMETRIC_REPRESENTATION_CONTEXT() REPRESENTATION_CONTEXT('2D SPACE',''
  ) );
#7156 = ORIENTED_EDGE('',*,*,#7157,.F.);
#7157 = EDGE_CURVE('',#7158,#7133,#7160,.T.);
#7158 = VERTEX_POINT('',#7159);
#7159 = CARTESIAN_POINT('',(6.809785146983,-1.226387690269,-11.));
#7160 = SURFACE_CURVE('',#7161,(#7166),.PCURVE_S1.);
#7161 = CIRCLE('',#7162,0.65);
#7162 = AXIS2_PLACEMENT_3D('',#7163,#7164,#7165);
#7163 = CARTESIAN_POINT('',(6.300000000087,-1.629648281251,-11.));
#7164 = DIRECTION('',(-3.775699216404E-15,-5.874169148501E-15,-1.));
#7165 = DIRECTION('',(0.784284841352,0.620400908789,-6.605563539038E-15)
  );
#7166 = PCURVE('',#7143,#7167);
#7167 = DEFINITIONAL_REPRESENTATION('',(#7168),#7171);
#7168 = B_SPLINE_CURVE_WITH_KNOTS('',1,(#7169,#7170),.UNSPECIFIED.,.F.,
  .F.,(2,2),(1.276756478319E-15,1.240524717038),
  .PIECEWISE_BEZIER_KNOTS.);
#7169 = CARTESIAN_POINT('',(3.81084643118,-8.461778902412E-16));
#7170 = CARTESIAN_POINT('',(2.57032171418,-5.707260695552E-16));
#7171 = ( GEOMETRIC_REPRESENTATION_CONTEXT(2) 
PARAMETRIC_REPRESENTATION_CONTEXT() REPRESENTATION_CONTEXT('2D SPACE',''
  ) );
#7172 = ORIENTED_EDGE('',*,*,#7173,.F.);
#7173 = EDGE_CURVE('',#7174,#7158,#7176,.T.);
#7174 = VERTEX_POINT('',#7175);
#7175 = CARTESIAN_POINT('',(6.809785146913,-1.226387690069,-12.));
#7176 = SURFACE_CURVE('',#7177,(#7181),.PCURVE_S1.);
#7177 = LINE('',#7178,#7179);
#7178 = CARTESIAN_POINT('',(6.809785147,-1.22638769,-12.));
#7179 = VECTOR('',#7180,1.);
#7180 = DIRECTION('',(0.,0.,1.));
#7181 = PCURVE('',#7143,#7182);
#7182 = DEFINITIONAL_REPRESENTATION('',(#7183),#7186);
#7183 = B_SPLINE_CURVE_WITH_KNOTS('',1,(#7184,#7185),.UNSPECIFIED.,.F.,
  .F.,(2,2),(0.,1.),.PIECEWISE_BEZIER_KNOTS.);
#7184 = CARTESIAN_POINT('',(3.81084643118,1.));
#7185 = CARTESIAN_POINT('',(3.81084643118,-8.461778902412E-16));
#7186 = ( GEOMETRIC_REPRESENTATION_CONTEXT(2) 
PARAMETRIC_REPRESENTATION_CONTEXT() REPRESENTATION_CONTEXT('2D SPACE',''
  ) );
#7187 = ORIENTED_EDGE('',*,*,#7188,.F.);
#7188 = EDGE_CURVE('',#7135,#7174,#7189,.T.);
#7189 = SURFACE_CURVE('',#7190,(#7195),.PCURVE_S1.);
#7190 = CIRCLE('',#7191,0.65000000005);
#7191 = AXIS2_PLACEMENT_3D('',#7192,#7193,#7194);
#7192 = CARTESIAN_POINT('',(6.3,-1.629648281,-12.));
#7193 = DIRECTION('',(0.,0.,1.));
#7194 = DIRECTION('',(1.,0.,-0.));
#7195 = PCURVE('',#7143,#7196);
#7196 = DEFINITIONAL_REPRESENTATION('',(#7197),#7200);
#7197 = B_SPLINE_CURVE_WITH_KNOTS('',1,(#7198,#7199),.UNSPECIFIED.,.F.,
  .F.,(2,2),(5.711914366967,6.952439084857),.PIECEWISE_BEZIER_KNOTS.);
#7198 = CARTESIAN_POINT('',(2.57032171418,1.));
#7199 = CARTESIAN_POINT('',(3.81084643118,1.));
#7200 = ( GEOMETRIC_REPRESENTATION_CONTEXT(2) 
PARAMETRIC_REPRESENTATION_CONTEXT() REPRESENTATION_CONTEXT('2D SPACE',''
  ) );
#7201 = ( GEOMETRIC_REPRESENTATION_CONTEXT(3) 
GLOBAL_UNCERTAINTY_ASSIGNED_CONTEXT((#7205)) 
GLOBAL_UNIT_ASSIGNED_CONTEXT((#7202,#7203,#7204)) REPRESENTATION_CONTEXT
('Context #1','3D Context with UNIT and UNCERTAINTY') );
#7202 = ( LENGTH_UNIT() NAMED_UNIT(*) SI_UNIT(.MILLI.,.METRE.) );
#7203 = ( NAMED_UNIT(*) PLANE_ANGLE_UNIT() SI_UNIT($,.RADIAN.) );
#7204 = ( NAMED_UNIT(*) SI_UNIT($,.STERADIAN.) SOLID_ANGLE_UNIT() );
#7205 = UNCERTAINTY_MEASURE_WITH_UNIT(LENGTH_MEASURE(1.E-07),#7202,
  'distance_accuracy_value','confusion accuracy');
#7206 = SHAPE_DEFINITION_REPRESENTATION(#7207,#7125);
#7207 = PRODUCT_DEFINITION_SHAPE('','',#7208);
#7208 = PRODUCT_DEFINITION('design','',#7209,#7212);
#7209 = PRODUCT_DEFINITION_FORMATION('','',#7210);
#7210 = PRODUCT('eMachineShop.41',
  'eMachineShop.41','',(#7211));
#7211 = PRODUCT_CONTEXT('',#2,'mechanical');
#7212 = PRODUCT_DEFINITION_CONTEXT('part definition',#2,'design');
#7213 = CONTEXT_DEPENDENT_SHAPE_REPRESENTATION(#7214,#7216);
#7214 = ( REPRESENTATION_RELATIONSHIP('','',#7125,#10) 
REPRESENTATION_RELATIONSHIP_WITH_TRANSFORMATION(#7215) 
SHAPE_REPRESENTATION_RELATIONSHIP() );
#7215 = ITEM_DEFINED_TRANSFORMATION('','',#11,#175);
#7216 = PRODUCT_DEFINITION_SHAPE('Placement','Placement of an item',
  #7217);
#7217 = NEXT_ASSEMBLY_USAGE_OCCURRENCE('41','','',#5,#7208,$);
#7218 = PRODUCT_RELATED_PRODUCT_CATEGORY('part',$,(#7210));
#7219 = MANIFOLD_SURFACE_SHAPE_REPRESENTATION('',(#11,#7220),#7290);
#7220 = SHELL_BASED_SURFACE_MODEL('',(#7221));
#7221 = OPEN_SHELL('',(#7222));
#7222 = ADVANCED_FACE('',(#7223),#7237,.T.);
#7223 = FACE_BOUND('',#7224,.T.);
#7224 = EDGE_LOOP('',(#7225,#7247,#7262,#7277));
#7225 = ORIENTED_EDGE('',*,*,#7226,.T.);
#7226 = EDGE_CURVE('',#7227,#7229,#7231,.T.);
#7227 = VERTEX_POINT('',#7228);
#7228 = CARTESIAN_POINT('',(6.809785147,-1.22638769,-12.));
#7229 = VERTEX_POINT('',#7230);
#7230 = CARTESIAN_POINT('',(6.521571516,-0.862040091,-12.));
#7231 = SURFACE_CURVE('',#7232,(#7236),.PCURVE_S1.);
#7232 = LINE('',#7233,#7234);
#7233 = CARTESIAN_POINT('',(6.809785147,-1.22638769,-12.));
#7234 = VECTOR('',#7235,1.);
#7235 = DIRECTION('',(-0.620400909345,0.784284840912,0.));
#7236 = PCURVE('',#7237,#7242);
#7237 = B_SPLINE_SURFACE_WITH_KNOTS('',1,1,(
    (#7238,#7239)
    ,(#7240,#7241
    )),.UNSPECIFIED.,.F.,.F.,.F.,(2,2),(2,2),(0.,1.),(0.,1.),
  .PIECEWISE_BEZIER_KNOTS.);
#7238 = CARTESIAN_POINT('',(6.809785147,-1.22638769,-12.));
#7239 = CARTESIAN_POINT('',(6.809785147,-1.22638769,-11.));
#7240 = CARTESIAN_POINT('',(6.521571516,-0.862040091,-12.));
#7241 = CARTESIAN_POINT('',(6.521571516,-0.862040091,-11.));
#7242 = DEFINITIONAL_REPRESENTATION('',(#7243),#7246);
#7243 = B_SPLINE_CURVE_WITH_KNOTS('',1,(#7244,#7245),.UNSPECIFIED.,.F.,
  .F.,(2,2),(0.,0.464560297476),.PIECEWISE_BEZIER_KNOTS.);
#7244 = CARTESIAN_POINT('',(0.,0.));
#7245 = CARTESIAN_POINT('',(1.,0.));
#7246 = ( GEOMETRIC_REPRESENTATION_CONTEXT(2) 
PARAMETRIC_REPRESENTATION_CONTEXT() REPRESENTATION_CONTEXT('2D SPACE',''
  ) );
#7247 = ORIENTED_EDGE('',*,*,#7248,.T.);
#7248 = EDGE_CURVE('',#7229,#7249,#7251,.T.);
#7249 = VERTEX_POINT('',#7250);
#7250 = CARTESIAN_POINT('',(6.521571516,-0.862040091,-11.));
#7251 = SURFACE_CURVE('',#7252,(#7256),.PCURVE_S1.);
#7252 = LINE('',#7253,#7254);
#7253 = CARTESIAN_POINT('',(6.521571516,-0.862040091,-12.));
#7254 = VECTOR('',#7255,1.);
#7255 = DIRECTION('',(0.,0.,1.));
#7256 = PCURVE('',#7237,#7257);
#7257 = DEFINITIONAL_REPRESENTATION('',(#7258),#7261);
#7258 = B_SPLINE_CURVE_WITH_KNOTS('',1,(#7259,#7260),.UNSPECIFIED.,.F.,
  .F.,(2,2),(0.,1.),.PIECEWISE_BEZIER_KNOTS.);
#7259 = CARTESIAN_POINT('',(1.,0.));
#7260 = CARTESIAN_POINT('',(1.,1.));
#7261 = ( GEOMETRIC_REPRESENTATION_CONTEXT(2) 
PARAMETRIC_REPRESENTATION_CONTEXT() REPRESENTATION_CONTEXT('2D SPACE',''
  ) );
#7262 = ORIENTED_EDGE('',*,*,#7263,.T.);
#7263 = EDGE_CURVE('',#7249,#7264,#7266,.T.);
#7264 = VERTEX_POINT('',#7265);
#7265 = CARTESIAN_POINT('',(6.809785147,-1.22638769,-11.));
#7266 = SURFACE_CURVE('',#7267,(#7271),.PCURVE_S1.);
#7267 = LINE('',#7268,#7269);
#7268 = CARTESIAN_POINT('',(6.521571516,-0.862040091,-11.));
#7269 = VECTOR('',#7270,1.);
#7270 = DIRECTION('',(0.620400909345,-0.784284840912,0.));
#7271 = PCURVE('',#7237,#7272);
#7272 = DEFINITIONAL_REPRESENTATION('',(#7273),#7276);
#7273 = B_SPLINE_CURVE_WITH_KNOTS('',1,(#7274,#7275),.UNSPECIFIED.,.F.,
  .F.,(2,2),(0.,0.464560297476),.PIECEWISE_BEZIER_KNOTS.);
#7274 = CARTESIAN_POINT('',(1.,1.));
#7275 = CARTESIAN_POINT('',(0.,1.));
#7276 = ( GEOMETRIC_REPRESENTATION_CONTEXT(2) 
PARAMETRIC_REPRESENTATION_CONTEXT() REPRESENTATION_CONTEXT('2D SPACE',''
  ) );
#7277 = ORIENTED_EDGE('',*,*,#7278,.T.);
#7278 = EDGE_CURVE('',#7264,#7227,#7279,.T.);
#7279 = SURFACE_CURVE('',#7280,(#7284),.PCURVE_S1.);
#7280 = LINE('',#7281,#7282);
#7281 = CARTESIAN_POINT('',(6.809785147,-1.22638769,-11.));
#7282 = VECTOR('',#7283,1.);
#7283 = DIRECTION('',(0.,0.,-1.));
#7284 = PCURVE('',#7237,#7285);
#7285 = DEFINITIONAL_REPRESENTATION('',(#7286),#7289);
#7286 = B_SPLINE_CURVE_WITH_KNOTS('',1,(#7287,#7288),.UNSPECIFIED.,.F.,
  .F.,(2,2),(0.,1.),.PIECEWISE_BEZIER_KNOTS.);
#7287 = CARTESIAN_POINT('',(0.,1.));
#7288 = CARTESIAN_POINT('',(0.,0.));
#7289 = ( GEOMETRIC_REPRESENTATION_CONTEXT(2) 
PARAMETRIC_REPRESENTATION_CONTEXT() REPRESENTATION_CONTEXT('2D SPACE',''
  ) );
#7290 = ( GEOMETRIC_REPRESENTATION_CONTEXT(3) 
GLOBAL_UNCERTAINTY_ASSIGNED_CONTEXT((#7294)) 
GLOBAL_UNIT_ASSIGNED_CONTEXT((#7291,#7292,#7293)) REPRESENTATION_CONTEXT
('Context #1','3D Context with UNIT and UNCERTAINTY') );
#7291 = ( LENGTH_UNIT() NAMED_UNIT(*) SI_UNIT(.MILLI.,.METRE.) );
#7292 = ( NAMED_UNIT(*) PLANE_ANGLE_UNIT() SI_UNIT($,.RADIAN.) );
#7293 = ( NAMED_UNIT(*) SI_UNIT($,.STERADIAN.) SOLID_ANGLE_UNIT() );
#7294 = UNCERTAINTY_MEASURE_WITH_UNIT(LENGTH_MEASURE(1.E-07),#7291,
  'distance_accuracy_value','confusion accuracy');
#7295 = SHAPE_DEFINITION_REPRESENTATION(#7296,#7219);
#7296 = PRODUCT_DEFINITION_SHAPE('','',#7297);
#7297 = PRODUCT_DEFINITION('design','',#7298,#7301);
#7298 = PRODUCT_DEFINITION_FORMATION('','',#7299);
#7299 = PRODUCT('eMachineShop.42',
  'eMachineShop.42','',(#7300));
#7300 = PRODUCT_CONTEXT('',#2,'mechanical');
#7301 = PRODUCT_DEFINITION_CONTEXT('part definition',#2,'design');
#7302 = CONTEXT_DEPENDENT_SHAPE_REPRESENTATION(#7303,#7305);
#7303 = ( REPRESENTATION_RELATIONSHIP('','',#7219,#10) 
REPRESENTATION_RELATIONSHIP_WITH_TRANSFORMATION(#7304) 
SHAPE_REPRESENTATION_RELATIONSHIP() );
#7304 = ITEM_DEFINED_TRANSFORMATION('','',#11,#179);
#7305 = PRODUCT_DEFINITION_SHAPE('Placement','Placement of an item',
  #7306);
#7306 = NEXT_ASSEMBLY_USAGE_OCCURRENCE('42','','',#5,#7297,$);
#7307 = PRODUCT_RELATED_PRODUCT_CATEGORY('part',$,(#7299));
#7308 = MANIFOLD_SURFACE_SHAPE_REPRESENTATION('',(#11,#7309),#7384);
#7309 = SHELL_BASED_SURFACE_MODEL('',(#7310));
#7310 = OPEN_SHELL('',(#7311));
#7311 = ADVANCED_FACE('',(#7312),#7327,.T.);
#7312 = FACE_BOUND('',#7313,.T.);
#7313 = EDGE_LOOP('',(#7314,#7340,#7355,#7371));
#7314 = ORIENTED_EDGE('',*,*,#7315,.F.);
#7315 = EDGE_CURVE('',#7316,#7318,#7320,.T.);
#7316 = VERTEX_POINT('',#7317);
#7317 = CARTESIAN_POINT('',(6.5,-0.8,-12.));
#7318 = VERTEX_POINT('',#7319);
#7319 = CARTESIAN_POINT('',(6.521571515988,-0.86204009101,-12.));
#7320 = SURFACE_CURVE('',#7321,(#7326),.PCURVE_S1.);
#7321 = CIRCLE('',#7322,1.E-01);
#7322 = AXIS2_PLACEMENT_3D('',#7323,#7324,#7325);
#7323 = CARTESIAN_POINT('',(6.6,-0.8,-12.));
#7324 = DIRECTION('',(0.,0.,1.));
#7325 = DIRECTION('',(1.,0.,-0.));
#7326 = PCURVE('',#7327,#7335);
#7327 = SURFACE_OF_REVOLUTION('',#7328,#7332);
#7328 = LINE('',#7329,#7330);
#7329 = CARTESIAN_POINT('',(6.5,-0.8,-11.));
#7330 = VECTOR('',#7331,1.);
#7331 = DIRECTION('',(0.,0.,-1.));
#7332 = AXIS1_PLACEMENT('',#7333,#7334);
#7333 = CARTESIAN_POINT('',(6.6,-0.8,-11.));
#7334 = DIRECTION('',(0.,0.,1.));
#7335 = DEFINITIONAL_REPRESENTATION('',(#7336),#7339);
#7336 = B_SPLINE_CURVE_WITH_KNOTS('',1,(#7337,#7338),.UNSPECIFIED.,.F.,
  .F.,(2,2),(3.14159265359,3.810846432825),.PIECEWISE_BEZIER_KNOTS.);
#7337 = CARTESIAN_POINT('',(1.795896764634E-10,1.));
#7338 = CARTESIAN_POINT('',(0.66925377718,1.));
#7339 = ( GEOMETRIC_REPRESENTATION_CONTEXT(2) 
PARAMETRIC_REPRESENTATION_CONTEXT() REPRESENTATION_CONTEXT('2D SPACE',''
  ) );
#7340 = ORIENTED_EDGE('',*,*,#7341,.F.);
#7341 = EDGE_CURVE('',#7342,#7316,#7344,.T.);
#7342 = VERTEX_POINT('',#7343);
#7343 = CARTESIAN_POINT('',(6.5,-0.799999999911,-11.));
#7344 = SURFACE_CURVE('',#7345,(#7349),.PCURVE_S1.);
#7345 = LINE('',#7346,#7347);
#7346 = CARTESIAN_POINT('',(6.5,-0.8,-11.));
#7347 = VECTOR('',#7348,1.);
#7348 = DIRECTION('',(0.,0.,-1.));
#7349 = PCURVE('',#7327,#7350);
#7350 = DEFINITIONAL_REPRESENTATION('',(#7351),#7354);
#7351 = B_SPLINE_CURVE_WITH_KNOTS('',1,(#7352,#7353),.UNSPECIFIED.,.F.,
  .F.,(2,2),(0.,1.),.PIECEWISE_BEZIER_KNOTS.);
#7352 = CARTESIAN_POINT('',(1.795896764634E-10,-3.987612989802E-26));
#7353 = CARTESIAN_POINT('',(1.795896764634E-10,1.));
#7354 = ( GEOMETRIC_REPRESENTATION_CONTEXT(2) 
PARAMETRIC_REPRESENTATION_CONTEXT() REPRESENTATION_CONTEXT('2D SPACE',''
  ) );
#7355 = ORIENTED_EDGE('',*,*,#7356,.F.);
#7356 = EDGE_CURVE('',#7357,#7342,#7359,.T.);
#7357 = VERTEX_POINT('',#7358);
#7358 = CARTESIAN_POINT('',(6.521571515932,-0.862040090939,-11.));
#7359 = SURFACE_CURVE('',#7360,(#7365),.PCURVE_S1.);
#7360 = CIRCLE('',#7361,0.1);
#7361 = AXIS2_PLACEMENT_3D('',#7362,#7363,#7364);
#7362 = CARTESIAN_POINT('',(6.6,-0.8,-11.));
#7363 = DIRECTION('',(3.944304526105E-31,6.982962677686E-15,-1.));
#7364 = DIRECTION('',(-0.784284841352,-0.620400908789,
    -4.332236391274E-15));
#7365 = PCURVE('',#7327,#7366);
#7366 = DEFINITIONAL_REPRESENTATION('',(#7367),#7370);
#7367 = B_SPLINE_CURVE_WITH_KNOTS('',1,(#7368,#7369),.UNSPECIFIED.,.F.,
  .F.,(2,2),(-2.6645352591E-15,0.669253779235),
  .PIECEWISE_BEZIER_KNOTS.);
#7368 = CARTESIAN_POINT('',(0.66925377718,-1.486041905484E-16));
#7369 = CARTESIAN_POINT('',(1.795896764634E-10,-3.987612989802E-26));
#7370 = ( GEOMETRIC_REPRESENTATION_CONTEXT(2) 
PARAMETRIC_REPRESENTATION_CONTEXT() REPRESENTATION_CONTEXT('2D SPACE',''
  ) );
#7371 = ORIENTED_EDGE('',*,*,#7372,.F.);
#7372 = EDGE_CURVE('',#7318,#7357,#7373,.T.);
#7373 = SURFACE_CURVE('',#7374,(#7378),.PCURVE_S1.);
#7374 = LINE('',#7375,#7376);
#7375 = CARTESIAN_POINT('',(6.521571516,-0.862040091,-12.));
#7376 = VECTOR('',#7377,1.);
#7377 = DIRECTION('',(0.,0.,1.));
#7378 = PCURVE('',#7327,#7379);
#7379 = DEFINITIONAL_REPRESENTATION('',(#7380),#7383);
#7380 = B_SPLINE_CURVE_WITH_KNOTS('',1,(#7381,#7382),.UNSPECIFIED.,.F.,
  .F.,(2,2),(0.,1.),.PIECEWISE_BEZIER_KNOTS.);
#7381 = CARTESIAN_POINT('',(0.66925377718,1.));
#7382 = CARTESIAN_POINT('',(0.66925377718,-1.486041905484E-16));
#7383 = ( GEOMETRIC_REPRESENTATION_CONTEXT(2) 
PARAMETRIC_REPRESENTATION_CONTEXT() REPRESENTATION_CONTEXT('2D SPACE',''
  ) );
#7384 = ( GEOMETRIC_REPRESENTATION_CONTEXT(3) 
GLOBAL_UNCERTAINTY_ASSIGNED_CONTEXT((#7388)) 
GLOBAL_UNIT_ASSIGNED_CONTEXT((#7385,#7386,#7387)) REPRESENTATION_CONTEXT
('Context #1','3D Context with UNIT and UNCERTAINTY') );
#7385 = ( LENGTH_UNIT() NAMED_UNIT(*) SI_UNIT(.MILLI.,.METRE.) );
#7386 = ( NAMED_UNIT(*) PLANE_ANGLE_UNIT() SI_UNIT($,.RADIAN.) );
#7387 = ( NAMED_UNIT(*) SI_UNIT($,.STERADIAN.) SOLID_ANGLE_UNIT() );
#7388 = UNCERTAINTY_MEASURE_WITH_UNIT(LENGTH_MEASURE(1.E-07),#7385,
  'distance_accuracy_value','confusion accuracy');
#7389 = SHAPE_DEFINITION_REPRESENTATION(#7390,#7308);
#7390 = PRODUCT_DEFINITION_SHAPE('','',#7391);
#7391 = PRODUCT_DEFINITION('design','',#7392,#7395);
#7392 = PRODUCT_DEFINITION_FORMATION('','',#7393);
#7393 = PRODUCT('eMachineShop.43',
  'eMachineShop.43','',(#7394));
#7394 = PRODUCT_CONTEXT('',#2,'mechanical');
#7395 = PRODUCT_DEFINITION_CONTEXT('part definition',#2,'design');
#7396 = CONTEXT_DEPENDENT_SHAPE_REPRESENTATION(#7397,#7399);
#7397 = ( REPRESENTATION_RELATIONSHIP('','',#7308,#10) 
REPRESENTATION_RELATIONSHIP_WITH_TRANSFORMATION(#7398) 
SHAPE_REPRESENTATION_RELATIONSHIP() );
#7398 = ITEM_DEFINED_TRANSFORMATION('','',#11,#183);
#7399 = PRODUCT_DEFINITION_SHAPE('Placement','Placement of an item',
  #7400);
#7400 = NEXT_ASSEMBLY_USAGE_OCCURRENCE('43','','',#5,#7391,$);
#7401 = PRODUCT_RELATED_PRODUCT_CATEGORY('part',$,(#7393));
#7402 = MANIFOLD_SURFACE_SHAPE_REPRESENTATION('',(#11,#7403),#7473);
#7403 = SHELL_BASED_SURFACE_MODEL('',(#7404));
#7404 = OPEN_SHELL('',(#7405));
#7405 = ADVANCED_FACE('',(#7406),#7420,.T.);
#7406 = FACE_BOUND('',#7407,.T.);
#7407 = EDGE_LOOP('',(#7408,#7430,#7445,#7460));
#7408 = ORIENTED_EDGE('',*,*,#7409,.T.);
#7409 = EDGE_CURVE('',#7410,#7412,#7414,.T.);
#7410 = VERTEX_POINT('',#7411);
#7411 = CARTESIAN_POINT('',(6.5,-0.8,-12.));
#7412 = VERTEX_POINT('',#7413);
#7413 = CARTESIAN_POINT('',(6.5,0.4,-12.));
#7414 = SURFACE_CURVE('',#7415,(#7419),.PCURVE_S1.);
#7415 = LINE('',#7416,#7417);
#7416 = CARTESIAN_POINT('',(6.5,-0.8,-12.));
#7417 = VECTOR('',#7418,1.);
#7418 = DIRECTION('',(0.,1.,0.));
#7419 = PCURVE('',#7420,#7425);
#7420 = B_SPLINE_SURFACE_WITH_KNOTS('',1,1,(
    (#7421,#7422)
    ,(#7423,#7424
    )),.UNSPECIFIED.,.F.,.F.,.F.,(2,2),(2,2),(0.,1.),(0.,1.),
  .PIECEWISE_BEZIER_KNOTS.);
#7421 = CARTESIAN_POINT('',(6.5,-0.8,-12.));
#7422 = CARTESIAN_POINT('',(6.5,-0.8,-11.));
#7423 = CARTESIAN_POINT('',(6.5,0.4,-12.));
#7424 = CARTESIAN_POINT('',(6.5,0.4,-11.));
#7425 = DEFINITIONAL_REPRESENTATION('',(#7426),#7429);
#7426 = B_SPLINE_CURVE_WITH_KNOTS('',1,(#7427,#7428),.UNSPECIFIED.,.F.,
  .F.,(2,2),(0.,1.2),.PIECEWISE_BEZIER_KNOTS.);
#7427 = CARTESIAN_POINT('',(0.,0.));
#7428 = CARTESIAN_POINT('',(1.,0.));
#7429 = ( GEOMETRIC_REPRESENTATION_CONTEXT(2) 
PARAMETRIC_REPRESENTATION_CONTEXT() REPRESENTATION_CONTEXT('2D SPACE',''
  ) );
#7430 = ORIENTED_EDGE('',*,*,#7431,.T.);
#7431 = EDGE_CURVE('',#7412,#7432,#7434,.T.);
#7432 = VERTEX_POINT('',#7433);
#7433 = CARTESIAN_POINT('',(6.5,0.4,-11.));
#7434 = SURFACE_CURVE('',#7435,(#7439),.PCURVE_S1.);
#7435 = LINE('',#7436,#7437);
#7436 = CARTESIAN_POINT('',(6.5,0.4,-12.));
#7437 = VECTOR('',#7438,1.);
#7438 = DIRECTION('',(0.,0.,1.));
#7439 = PCURVE('',#7420,#7440);
#7440 = DEFINITIONAL_REPRESENTATION('',(#7441),#7444);
#7441 = B_SPLINE_CURVE_WITH_KNOTS('',1,(#7442,#7443),.UNSPECIFIED.,.F.,
  .F.,(2,2),(0.,1.),.PIECEWISE_BEZIER_KNOTS.);
#7442 = CARTESIAN_POINT('',(1.,0.));
#7443 = CARTESIAN_POINT('',(1.,1.));
#7444 = ( GEOMETRIC_REPRESENTATION_CONTEXT(2) 
PARAMETRIC_REPRESENTATION_CONTEXT() REPRESENTATION_CONTEXT('2D SPACE',''
  ) );
#7445 = ORIENTED_EDGE('',*,*,#7446,.T.);
#7446 = EDGE_CURVE('',#7432,#7447,#7449,.T.);
#7447 = VERTEX_POINT('',#7448);
#7448 = CARTESIAN_POINT('',(6.5,-0.8,-11.));
#7449 = SURFACE_CURVE('',#7450,(#7454),.PCURVE_S1.);
#7450 = LINE('',#7451,#7452);
#7451 = CARTESIAN_POINT('',(6.5,0.4,-11.));
#7452 = VECTOR('',#7453,1.);
#7453 = DIRECTION('',(0.,-1.,0.));
#7454 = PCURVE('',#7420,#7455);
#7455 = DEFINITIONAL_REPRESENTATION('',(#7456),#7459);
#7456 = B_SPLINE_CURVE_WITH_KNOTS('',1,(#7457,#7458),.UNSPECIFIED.,.F.,
  .F.,(2,2),(0.,1.2),.PIECEWISE_BEZIER_KNOTS.);
#7457 = CARTESIAN_POINT('',(1.,1.));
#7458 = CARTESIAN_POINT('',(0.,1.));
#7459 = ( GEOMETRIC_REPRESENTATION_CONTEXT(2) 
PARAMETRIC_REPRESENTATION_CONTEXT() REPRESENTATION_CONTEXT('2D SPACE',''
  ) );
#7460 = ORIENTED_EDGE('',*,*,#7461,.T.);
#7461 = EDGE_CURVE('',#7447,#7410,#7462,.T.);
#7462 = SURFACE_CURVE('',#7463,(#7467),.PCURVE_S1.);
#7463 = LINE('',#7464,#7465);
#7464 = CARTESIAN_POINT('',(6.5,-0.8,-11.));
#7465 = VECTOR('',#7466,1.);
#7466 = DIRECTION('',(0.,0.,-1.));
#7467 = PCURVE('',#7420,#7468);
#7468 = DEFINITIONAL_REPRESENTATION('',(#7469),#7472);
#7469 = B_SPLINE_CURVE_WITH_KNOTS('',1,(#7470,#7471),.UNSPECIFIED.,.F.,
  .F.,(2,2),(0.,1.),.PIECEWISE_BEZIER_KNOTS.);
#7470 = CARTESIAN_POINT('',(0.,1.));
#7471 = CARTESIAN_POINT('',(0.,0.));
#7472 = ( GEOMETRIC_REPRESENTATION_CONTEXT(2) 
PARAMETRIC_REPRESENTATION_CONTEXT() REPRESENTATION_CONTEXT('2D SPACE',''
  ) );
#7473 = ( GEOMETRIC_REPRESENTATION_CONTEXT(3) 
GLOBAL_UNCERTAINTY_ASSIGNED_CONTEXT((#7477)) 
GLOBAL_UNIT_ASSIGNED_CONTEXT((#7474,#7475,#7476)) REPRESENTATION_CONTEXT
('Context #1','3D Context with UNIT and UNCERTAINTY') );
#7474 = ( LENGTH_UNIT() NAMED_UNIT(*) SI_UNIT(.MILLI.,.METRE.) );
#7475 = ( NAMED_UNIT(*) PLANE_ANGLE_UNIT() SI_UNIT($,.RADIAN.) );
#7476 = ( NAMED_UNIT(*) SI_UNIT($,.STERADIAN.) SOLID_ANGLE_UNIT() );
#7477 = UNCERTAINTY_MEASURE_WITH_UNIT(LENGTH_MEASURE(1.E-07),#7474,
  'distance_accuracy_value','confusion accuracy');
#7478 = SHAPE_DEFINITION_REPRESENTATION(#7479,#7402);
#7479 = PRODUCT_DEFINITION_SHAPE('','',#7480);
#7480 = PRODUCT_DEFINITION('design','',#7481,#7484);
#7481 = PRODUCT_DEFINITION_FORMATION('','',#7482);
#7482 = PRODUCT('eMachineShop.44',
  'eMachineShop.44','',(#7483));
#7483 = PRODUCT_CONTEXT('',#2,'mechanical');
#7484 = PRODUCT_DEFINITION_CONTEXT('part definition',#2,'design');
#7485 = CONTEXT_DEPENDENT_SHAPE_REPRESENTATION(#7486,#7488);
#7486 = ( REPRESENTATION_RELATIONSHIP('','',#7402,#10) 
REPRESENTATION_RELATIONSHIP_WITH_TRANSFORMATION(#7487) 
SHAPE_REPRESENTATION_RELATIONSHIP() );
#7487 = ITEM_DEFINED_TRANSFORMATION('','',#11,#187);
#7488 = PRODUCT_DEFINITION_SHAPE('Placement','Placement of an item',
  #7489);
#7489 = NEXT_ASSEMBLY_USAGE_OCCURRENCE('44','','',#5,#7480,$);
#7490 = PRODUCT_RELATED_PRODUCT_CATEGORY('part',$,(#7482));
#7491 = MANIFOLD_SURFACE_SHAPE_REPRESENTATION('',(#11,#7492),#7814);
#7492 = SHELL_BASED_SURFACE_MODEL('',(#7493));
#7493 = OPEN_SHELL('',(#7494));
#7494 = ADVANCED_FACE('',(#7495),#7509,.T.);
#7495 = FACE_BOUND('',#7496,.T.);
#7496 = EDGE_LOOP('',(#7497,#7519,#7534,#7549,#7565,#7581,#7597,#7613,
    #7628,#7644,#7660,#7675,#7690,#7705,#7721,#7737,#7752,#7768,#7784,
    #7800));
#7497 = ORIENTED_EDGE('',*,*,#7498,.T.);
#7498 = EDGE_CURVE('',#7499,#7501,#7503,.T.);
#7499 = VERTEX_POINT('',#7500);
#7500 = CARTESIAN_POINT('',(6.59442505962,-1.8188938471,-11.));
#7501 = VERTEX_POINT('',#7502);
#7502 = CARTESIAN_POINT('',(6.285187774,-2.3,-11.));
#7503 = SURFACE_CURVE('',#7504,(#7508),.PCURVE_S1.);
#7504 = LINE('',#7505,#7506);
#7505 = CARTESIAN_POINT('',(6.59442506,-1.818893847,-11.));
#7506 = VECTOR('',#7507,1.);
#7507 = DIRECTION('',(-0.540701617755,-0.841214455747,0.));
#7508 = PCURVE('',#7509,#7514);
#7509 = B_SPLINE_SURFACE_WITH_KNOTS('',1,1,(
    (#7510,#7511)
    ,(#7512,#7513
    )),.UNSPECIFIED.,.F.,.F.,.F.,(2,2),(2,2),(0.,1.),(0.,1.),
  .PIECEWISE_BEZIER_KNOTS.);
#7510 = CARTESIAN_POINT('',(6.2,-2.3,-11.));
#7511 = CARTESIAN_POINT('',(6.2,0.4,-11.));
#7512 = CARTESIAN_POINT('',(6.9545,-2.3,-11.));
#7513 = CARTESIAN_POINT('',(6.9545,0.4,-11.));
#7514 = DEFINITIONAL_REPRESENTATION('',(#7515),#7518);
#7515 = B_SPLINE_CURVE_WITH_KNOTS('',1,(#7516,#7517),.UNSPECIFIED.,.F.,
  .F.,(2,2),(0.,0.571918551463),.PIECEWISE_BEZIER_KNOTS.);
#7516 = CARTESIAN_POINT('',(0.522763498,0.178187464));
#7517 = CARTESIAN_POINT('',(0.112906261,0.));
#7518 = ( GEOMETRIC_REPRESENTATION_CONTEXT(2) 
PARAMETRIC_REPRESENTATION_CONTEXT() REPRESENTATION_CONTEXT('2D SPACE',''
  ) );
#7519 = ORIENTED_EDGE('',*,*,#7520,.T.);
#7520 = EDGE_CURVE('',#7501,#7521,#7523,.T.);
#7521 = VERTEX_POINT('',#7522);
#7522 = CARTESIAN_POINT('',(6.641815026,-2.3,-11.));
#7523 = SURFACE_CURVE('',#7524,(#7528),.PCURVE_S1.);
#7524 = LINE('',#7525,#7526);
#7525 = CARTESIAN_POINT('',(6.285187774,-2.3,-11.));
#7526 = VECTOR('',#7527,1.);
#7527 = DIRECTION('',(1.,0.,0.));
#7528 = PCURVE('',#7509,#7529);
#7529 = DEFINITIONAL_REPRESENTATION('',(#7530),#7533);
#7530 = B_SPLINE_CURVE_WITH_KNOTS('',1,(#7531,#7532),.UNSPECIFIED.,.F.,
  .F.,(2,2),(0.,0.356627252),.PIECEWISE_BEZIER_KNOTS.);
#7531 = CARTESIAN_POINT('',(0.112906261,0.));
#7532 = CARTESIAN_POINT('',(0.585573262,0.));
#7533 = ( GEOMETRIC_REPRESENTATION_CONTEXT(2) 
PARAMETRIC_REPRESENTATION_CONTEXT() REPRESENTATION_CONTEXT('2D SPACE',''
  ) );
#7534 = ORIENTED_EDGE('',*,*,#7535,.T.);
#7535 = EDGE_CURVE('',#7521,#7536,#7538,.T.);
#7536 = VERTEX_POINT('',#7537);
#7537 = CARTESIAN_POINT('',(6.846789396041,-1.9811043334,-11.));
#7538 = SURFACE_CURVE('',#7539,(#7543),.PCURVE_S1.);
#7539 = LINE('',#7540,#7541);
#7540 = CARTESIAN_POINT('',(6.641815026,-2.3,-11.));
#7541 = VECTOR('',#7542,1.);
#7542 = DIRECTION('',(0.540701617887,0.841214455662,0.));
#7543 = PCURVE('',#7509,#7544);
#7544 = DEFINITIONAL_REPRESENTATION('',(#7545),#7548);
#7545 = B_SPLINE_CURVE_WITH_KNOTS('',1,(#7546,#7547),.UNSPECIFIED.,.F.,
  .F.,(2,2),(0.,0.379089618413),.PIECEWISE_BEZIER_KNOTS.);
#7546 = CARTESIAN_POINT('',(0.585573262,0.));
#7547 = CARTESIAN_POINT('',(0.857242407,0.118109506));
#7548 = ( GEOMETRIC_REPRESENTATION_CONTEXT(2) 
PARAMETRIC_REPRESENTATION_CONTEXT() REPRESENTATION_CONTEXT('2D SPACE',''
  ) );
#7549 = ORIENTED_EDGE('',*,*,#7550,.T.);
#7550 = EDGE_CURVE('',#7536,#7551,#7553,.T.);
#7551 = VERTEX_POINT('',#7552);
#7552 = CARTESIAN_POINT('',(6.927962621125,-1.7974664744,-11.));
#7553 = SURFACE_CURVE('',#7554,(#7558),.PCURVE_S1.);
#7554 = B_SPLINE_CURVE_WITH_KNOTS('',2,(#7555,#7556,#7557),
  .UNSPECIFIED.,.F.,.F.,(3,3),(0.,0.25),.PIECEWISE_BEZIER_KNOTS.);
#7555 = CARTESIAN_POINT('',(6.846789396082,-1.9811043338,-11.));
#7556 = CARTESIAN_POINT('',(6.901729192574,-1.8956299235,-11.));
#7557 = CARTESIAN_POINT('',(6.927962621125,-1.7974664744,-11.));
#7558 = PCURVE('',#7509,#7559);
#7559 = DEFINITIONAL_REPRESENTATION('',(#7560),#7564);
#7560 = B_SPLINE_CURVE_WITH_KNOTS('',2,(#7561,#7562,#7563),
  .UNSPECIFIED.,.F.,.F.,(3,3),(0.,0.25),.PIECEWISE_BEZIER_KNOTS.);
#7561 = CARTESIAN_POINT('',(0.857242407,0.118109506));
#7562 = CARTESIAN_POINT('',(0.930058572,0.149766695));
#7563 = CARTESIAN_POINT('',(0.964827861,0.186123528));
#7564 = ( GEOMETRIC_REPRESENTATION_CONTEXT(2) 
PARAMETRIC_REPRESENTATION_CONTEXT() REPRESENTATION_CONTEXT('2D SPACE',''
  ) );
#7565 = ORIENTED_EDGE('',*,*,#7566,.T.);
#7566 = EDGE_CURVE('',#7551,#7567,#7569,.T.);
#7567 = VERTEX_POINT('',#7568);
#7568 = CARTESIAN_POINT('',(6.949220104067,-1.5978165971,-11.));
#7569 = SURFACE_CURVE('',#7570,(#7574),.PCURVE_S1.);
#7570 = B_SPLINE_CURVE_WITH_KNOTS('',2,(#7571,#7572,#7573),
  .UNSPECIFIED.,.F.,.F.,(3,3),(0.25,0.5),.PIECEWISE_BEZIER_KNOTS.);
#7571 = CARTESIAN_POINT('',(6.927962621125,-1.7974664744,-11.));
#7572 = CARTESIAN_POINT('',(6.95419605043,-1.6993030253,-11.));
#7573 = CARTESIAN_POINT('',(6.949220104067,-1.5978165971,-11.));
#7574 = PCURVE('',#7509,#7575);
#7575 = DEFINITIONAL_REPRESENTATION('',(#7576),#7580);
#7576 = B_SPLINE_CURVE_WITH_KNOTS('',2,(#7577,#7578,#7579),
  .UNSPECIFIED.,.F.,.F.,(3,3),(0.25,0.5),.PIECEWISE_BEZIER_KNOTS.);
#7577 = CARTESIAN_POINT('',(0.964827861,0.186123528));
#7578 = CARTESIAN_POINT('',(0.999597151,0.222480361));
#7579 = CARTESIAN_POINT('',(0.993002126,0.260067927));
#7580 = ( GEOMETRIC_REPRESENTATION_CONTEXT(2) 
PARAMETRIC_REPRESENTATION_CONTEXT() REPRESENTATION_CONTEXT('2D SPACE',''
  ) );
#7581 = ORIENTED_EDGE('',*,*,#7582,.T.);
#7582 = EDGE_CURVE('',#7567,#7583,#7585,.T.);
#7583 = VERTEX_POINT('',#7584);
#7584 = CARTESIAN_POINT('',(6.908533607063,-1.4012038688,-11.));
#7585 = SURFACE_CURVE('',#7586,(#7590),.PCURVE_S1.);
#7586 = B_SPLINE_CURVE_WITH_KNOTS('',2,(#7587,#7588,#7589),
  .UNSPECIFIED.,.F.,.F.,(3,3),(0.5,0.75),.PIECEWISE_BEZIER_KNOTS.);
#7587 = CARTESIAN_POINT('',(6.949220104067,-1.5978165971,-11.));
#7588 = CARTESIAN_POINT('',(6.944244158459,-1.4963301662,-11.));
#7589 = CARTESIAN_POINT('',(6.908533607063,-1.4012038688,-11.));
#7590 = PCURVE('',#7509,#7591);
#7591 = DEFINITIONAL_REPRESENTATION('',(#7592),#7596);
#7592 = B_SPLINE_CURVE_WITH_KNOTS('',2,(#7593,#7594,#7595),
  .UNSPECIFIED.,.F.,.F.,(3,3),(0.5,0.75),.PIECEWISE_BEZIER_KNOTS.);
#7593 = CARTESIAN_POINT('',(0.993002126,0.260067927));
#7594 = CARTESIAN_POINT('',(0.986407102,0.297655494));
#7595 = CARTESIAN_POINT('',(0.939077014,0.332887456));
#7596 = ( GEOMETRIC_REPRESENTATION_CONTEXT(2) 
PARAMETRIC_REPRESENTATION_CONTEXT() REPRESENTATION_CONTEXT('2D SPACE',''
  ) );
#7597 = ORIENTED_EDGE('',*,*,#7598,.T.);
#7598 = EDGE_CURVE('',#7583,#7599,#7601,.T.);
#7599 = VERTEX_POINT('',#7600);
#7600 = CARTESIAN_POINT('',(6.809785146771,-1.22638768985,-11.));
#7601 = SURFACE_CURVE('',#7602,(#7606),.PCURVE_S1.);
#7602 = B_SPLINE_CURVE_WITH_KNOTS('',2,(#7603,#7604,#7605),
  .UNSPECIFIED.,.F.,.F.,(3,3),(0.75,1.),.PIECEWISE_BEZIER_KNOTS.);
#7603 = CARTESIAN_POINT('',(6.908533607063,-1.4012038688,-11.));
#7604 = CARTESIAN_POINT('',(6.872823055667,-1.3060775741,-11.));
#7605 = CARTESIAN_POINT('',(6.809785146542,-1.2263876897,-11.));
#7606 = PCURVE('',#7509,#7607);
#7607 = DEFINITIONAL_REPRESENTATION('',(#7608),#7612);
#7608 = B_SPLINE_CURVE_WITH_KNOTS('',2,(#7609,#7610,#7611),
  .UNSPECIFIED.,.F.,.F.,(3,3),(0.75,1.),.PIECEWISE_BEZIER_KNOTS.);
#7609 = CARTESIAN_POINT('',(0.939077014,0.332887456));
#7610 = CARTESIAN_POINT('',(0.891746926,0.368119417));
#7611 = CARTESIAN_POINT('',(0.808197676,0.397634189));
#7612 = ( GEOMETRIC_REPRESENTATION_CONTEXT(2) 
PARAMETRIC_REPRESENTATION_CONTEXT() REPRESENTATION_CONTEXT('2D SPACE',''
  ) );
#7613 = ORIENTED_EDGE('',*,*,#7614,.T.);
#7614 = EDGE_CURVE('',#7599,#7615,#7617,.T.);
#7615 = VERTEX_POINT('',#7616);
#7616 = CARTESIAN_POINT('',(6.521571515782,-0.8620400911,-11.));
#7617 = SURFACE_CURVE('',#7618,(#7622),.PCURVE_S1.);
#7618 = LINE('',#7619,#7620);
#7619 = CARTESIAN_POINT('',(6.809785147,-1.22638769,-11.));
#7620 = VECTOR('',#7621,1.);
#7621 = DIRECTION('',(-0.620400909345,0.784284840912,0.));
#7622 = PCURVE('',#7509,#7623);
#7623 = DEFINITIONAL_REPRESENTATION('',(#7624),#7627);
#7624 = B_SPLINE_CURVE_WITH_KNOTS('',1,(#7625,#7626),.UNSPECIFIED.,.F.,
  .F.,(2,2),(0.,0.464560297476),.PIECEWISE_BEZIER_KNOTS.);
#7625 = CARTESIAN_POINT('',(0.808197676,0.397634189));
#7626 = CARTESIAN_POINT('',(0.426204792,0.532577744));
#7627 = ( GEOMETRIC_REPRESENTATION_CONTEXT(2) 
PARAMETRIC_REPRESENTATION_CONTEXT() REPRESENTATION_CONTEXT('2D SPACE',''
  ) );
#7628 = ORIENTED_EDGE('',*,*,#7629,.T.);
#7629 = EDGE_CURVE('',#7615,#7630,#7632,.T.);
#7630 = VERTEX_POINT('',#7631);
#7631 = CARTESIAN_POINT('',(6.505546708927,-0.8328416783,-11.));
#7632 = SURFACE_CURVE('',#7633,(#7637),.PCURVE_S1.);
#7633 = B_SPLINE_CURVE_WITH_KNOTS('',2,(#7634,#7635,#7636),
  .UNSPECIFIED.,.F.,.F.,(3,3),(0.,0.5),.PIECEWISE_BEZIER_KNOTS.);
#7634 = CARTESIAN_POINT('',(6.521571515564,-0.8620400912,-11.));
#7635 = CARTESIAN_POINT('',(6.51109341794,-0.848794118,-11.));
#7636 = CARTESIAN_POINT('',(6.505546708927,-0.8328416783,-11.));
#7637 = PCURVE('',#7509,#7638);
#7638 = DEFINITIONAL_REPRESENTATION('',(#7639),#7643);
#7639 = B_SPLINE_CURVE_WITH_KNOTS('',2,(#7640,#7641,#7642),
  .UNSPECIFIED.,.F.,.F.,(3,3),(0.,0.5),.PIECEWISE_BEZIER_KNOTS.);
#7640 = CARTESIAN_POINT('',(0.426204792,0.532577744));
#7641 = CARTESIAN_POINT('',(0.41231732,0.53748366));
#7642 = CARTESIAN_POINT('',(0.404965817,0.543391971));
#7643 = ( GEOMETRIC_REPRESENTATION_CONTEXT(2) 
PARAMETRIC_REPRESENTATION_CONTEXT() REPRESENTATION_CONTEXT('2D SPACE',''
  ) );
#7644 = ORIENTED_EDGE('',*,*,#7645,.T.);
#7645 = EDGE_CURVE('',#7630,#7646,#7648,.T.);
#7646 = VERTEX_POINT('',#7647);
#7647 = CARTESIAN_POINT('',(6.499999999957,-0.7999999994,-11.));
#7648 = SURFACE_CURVE('',#7649,(#7653),.PCURVE_S1.);
#7649 = B_SPLINE_CURVE_WITH_KNOTS('',2,(#7650,#7651,#7652),
  .UNSPECIFIED.,.F.,.F.,(3,3),(0.5,1.),.PIECEWISE_BEZIER_KNOTS.);
#7650 = CARTESIAN_POINT('',(6.505546708927,-0.8328416783,-11.));
#7651 = CARTESIAN_POINT('',(6.499999999913,-0.8168892386,-11.));
#7652 = CARTESIAN_POINT('',(6.499999999913,-0.7999999988,-11.));
#7653 = PCURVE('',#7509,#7654);
#7654 = DEFINITIONAL_REPRESENTATION('',(#7655),#7659);
#7655 = B_SPLINE_CURVE_WITH_KNOTS('',2,(#7656,#7657,#7658),
  .UNSPECIFIED.,.F.,.F.,(3,3),(0.5,1.),.PIECEWISE_BEZIER_KNOTS.);
#7656 = CARTESIAN_POINT('',(0.404965817,0.543391971));
#7657 = CARTESIAN_POINT('',(0.397614314,0.549300282));
#7658 = CARTESIAN_POINT('',(0.397614314,0.555555556));
#7659 = ( GEOMETRIC_REPRESENTATION_CONTEXT(2) 
PARAMETRIC_REPRESENTATION_CONTEXT() REPRESENTATION_CONTEXT('2D SPACE',''
  ) );
#7660 = ORIENTED_EDGE('',*,*,#7661,.T.);
#7661 = EDGE_CURVE('',#7646,#7662,#7664,.T.);
#7662 = VERTEX_POINT('',#7663);
#7663 = CARTESIAN_POINT('',(6.5,0.4,-11.));
#7664 = SURFACE_CURVE('',#7665,(#7669),.PCURVE_S1.);
#7665 = LINE('',#7666,#7667);
#7666 = CARTESIAN_POINT('',(6.5,-0.8,-11.));
#7667 = VECTOR('',#7668,1.);
#7668 = DIRECTION('',(0.,1.,0.));
#7669 = PCURVE('',#7509,#7670);
#7670 = DEFINITIONAL_REPRESENTATION('',(#7671),#7674);
#7671 = B_SPLINE_CURVE_WITH_KNOTS('',1,(#7672,#7673),.UNSPECIFIED.,.F.,
  .F.,(2,2),(0.,1.2),.PIECEWISE_BEZIER_KNOTS.);
#7672 = CARTESIAN_POINT('',(0.397614314,0.555555556));
#7673 = CARTESIAN_POINT('',(0.397614314,1.));
#7674 = ( GEOMETRIC_REPRESENTATION_CONTEXT(2) 
PARAMETRIC_REPRESENTATION_CONTEXT() REPRESENTATION_CONTEXT('2D SPACE',''
  ) );
#7675 = ORIENTED_EDGE('',*,*,#7676,.T.);
#7676 = EDGE_CURVE('',#7662,#7677,#7679,.T.);
#7677 = VERTEX_POINT('',#7678);
#7678 = CARTESIAN_POINT('',(6.2,0.4,-11.));
#7679 = SURFACE_CURVE('',#7680,(#7684),.PCURVE_S1.);
#7680 = LINE('',#7681,#7682);
#7681 = CARTESIAN_POINT('',(6.5,0.4,-11.));
#7682 = VECTOR('',#7683,1.);
#7683 = DIRECTION('',(-1.,0.,0.));
#7684 = PCURVE('',#7509,#7685);
#7685 = DEFINITIONAL_REPRESENTATION('',(#7686),#7689);
#7686 = B_SPLINE_CURVE_WITH_KNOTS('',1,(#7687,#7688),.UNSPECIFIED.,.F.,
  .F.,(2,2),(0.,0.3),.PIECEWISE_BEZIER_KNOTS.);
#7687 = CARTESIAN_POINT('',(0.397614314,1.));
#7688 = CARTESIAN_POINT('',(0.,1.));
#7689 = ( GEOMETRIC_REPRESENTATION_CONTEXT(2) 
PARAMETRIC_REPRESENTATION_CONTEXT() REPRESENTATION_CONTEXT('2D SPACE',''
  ) );
#7690 = ORIENTED_EDGE('',*,*,#7691,.T.);
#7691 = EDGE_CURVE('',#7677,#7692,#7694,.T.);
#7692 = VERTEX_POINT('',#7693);
#7693 = CARTESIAN_POINT('',(6.2,-0.7999999994,-11.));
#7694 = SURFACE_CURVE('',#7695,(#7699),.PCURVE_S1.);
#7695 = LINE('',#7696,#7697);
#7696 = CARTESIAN_POINT('',(6.2,0.4,-11.));
#7697 = VECTOR('',#7698,1.);
#7698 = DIRECTION('',(0.,-1.,0.));
#7699 = PCURVE('',#7509,#7700);
#7700 = DEFINITIONAL_REPRESENTATION('',(#7701),#7704);
#7701 = B_SPLINE_CURVE_WITH_KNOTS('',1,(#7702,#7703),.UNSPECIFIED.,.F.,
  .F.,(2,2),(0.,1.2),.PIECEWISE_BEZIER_KNOTS.);
#7702 = CARTESIAN_POINT('',(0.,1.));
#7703 = CARTESIAN_POINT('',(0.,0.555555556));
#7704 = ( GEOMETRIC_REPRESENTATION_CONTEXT(2) 
PARAMETRIC_REPRESENTATION_CONTEXT() REPRESENTATION_CONTEXT('2D SPACE',''
  ) );
#7705 = ORIENTED_EDGE('',*,*,#7706,.T.);
#7706 = EDGE_CURVE('',#7692,#7707,#7709,.T.);
#7707 = VERTEX_POINT('',#7708);
#7708 = CARTESIAN_POINT('',(6.2221868353,-0.9313667114,-11.));
#7709 = SURFACE_CURVE('',#7710,(#7714),.PCURVE_S1.);
#7710 = B_SPLINE_CURVE_WITH_KNOTS('',2,(#7711,#7712,#7713),
  .UNSPECIFIED.,.F.,.F.,(3,3),(0.,0.5),.PIECEWISE_BEZIER_KNOTS.);
#7711 = CARTESIAN_POINT('',(6.2,-0.7999999988,-11.));
#7712 = CARTESIAN_POINT('',(6.2,-0.8675569499,-11.));
#7713 = CARTESIAN_POINT('',(6.2221868353,-0.9313667114,-11.));
#7714 = PCURVE('',#7509,#7715);
#7715 = DEFINITIONAL_REPRESENTATION('',(#7716),#7720);
#7716 = B_SPLINE_CURVE_WITH_KNOTS('',2,(#7717,#7718,#7719),
  .UNSPECIFIED.,.F.,.F.,(3,3),(0.,0.5),.PIECEWISE_BEZIER_KNOTS.);
#7717 = CARTESIAN_POINT('',(0.,0.555555556));
#7718 = CARTESIAN_POINT('',(0.,0.530534463));
#7719 = CARTESIAN_POINT('',(2.9406011E-02,0.506901218));
#7720 = ( GEOMETRIC_REPRESENTATION_CONTEXT(2) 
PARAMETRIC_REPRESENTATION_CONTEXT() REPRESENTATION_CONTEXT('2D SPACE',''
  ) );
#7721 = ORIENTED_EDGE('',*,*,#7722,.T.);
#7722 = EDGE_CURVE('',#7707,#7723,#7725,.T.);
#7723 = VERTEX_POINT('',#7724);
#7724 = CARTESIAN_POINT('',(6.286286063179,-1.0481603635,-11.));
#7725 = SURFACE_CURVE('',#7726,(#7730),.PCURVE_S1.);
#7726 = B_SPLINE_CURVE_WITH_KNOTS('',2,(#7727,#7728,#7729),
  .UNSPECIFIED.,.F.,.F.,(3,3),(0.5,1.),.PIECEWISE_BEZIER_KNOTS.);
#7727 = CARTESIAN_POINT('',(6.2221868353,-0.9313667114,-11.));
#7728 = CARTESIAN_POINT('',(6.244373670599,-0.9951764729,-11.));
#7729 = CARTESIAN_POINT('',(6.286286063359,-1.048160363,-11.));
#7730 = PCURVE('',#7509,#7731);
#7731 = DEFINITIONAL_REPRESENTATION('',(#7732),#7736);
#7732 = B_SPLINE_CURVE_WITH_KNOTS('',2,(#7733,#7734,#7735),
  .UNSPECIFIED.,.F.,.F.,(3,3),(0.5,1.),.PIECEWISE_BEZIER_KNOTS.);
#7733 = CARTESIAN_POINT('',(2.9406011E-02,0.506901218));
#7734 = CARTESIAN_POINT('',(5.8812022E-02,0.483267973));
#7735 = CARTESIAN_POINT('',(0.114361913,0.46364431));
#7736 = ( GEOMETRIC_REPRESENTATION_CONTEXT(2) 
PARAMETRIC_REPRESENTATION_CONTEXT() REPRESENTATION_CONTEXT('2D SPACE',''
  ) );
#7737 = ORIENTED_EDGE('',*,*,#7738,.T.);
#7738 = EDGE_CURVE('',#7723,#7739,#7741,.T.);
#7739 = VERTEX_POINT('',#7740);
#7740 = CARTESIAN_POINT('',(6.574499694168,-1.4125079636,-11.));
#7741 = SURFACE_CURVE('',#7742,(#7746),.PCURVE_S1.);
#7742 = LINE('',#7743,#7744);
#7743 = CARTESIAN_POINT('',(6.286286063,-1.048160364,-11.));
#7744 = VECTOR('',#7745,1.);
#7745 = DIRECTION('',(0.620400909345,-0.784284840912,0.));
#7746 = PCURVE('',#7509,#7747);
#7747 = DEFINITIONAL_REPRESENTATION('',(#7748),#7751);
#7748 = B_SPLINE_CURVE_WITH_KNOTS('',1,(#7749,#7750),.UNSPECIFIED.,.F.,
  .F.,(2,2),(0.,0.464560297476),.PIECEWISE_BEZIER_KNOTS.);
#7749 = CARTESIAN_POINT('',(0.114361913,0.46364431));
#7750 = CARTESIAN_POINT('',(0.496354797,0.328700754));
#7751 = ( GEOMETRIC_REPRESENTATION_CONTEXT(2) 
PARAMETRIC_REPRESENTATION_CONTEXT() REPRESENTATION_CONTEXT('2D SPACE',''
  ) );
#7752 = ORIENTED_EDGE('',*,*,#7753,.T.);
#7753 = EDGE_CURVE('',#7739,#7754,#7756,.T.);
#7754 = VERTEX_POINT('',#7755);
#7755 = CARTESIAN_POINT('',(6.627671942542,-1.5066397517,-11.));
#7756 = SURFACE_CURVE('',#7757,(#7761),.PCURVE_S1.);
#7757 = B_SPLINE_CURVE_WITH_KNOTS('',2,(#7758,#7759,#7760),
  .UNSPECIFIED.,.F.,.F.,(3,3),(0.,0.25),.PIECEWISE_BEZIER_KNOTS.);
#7758 = CARTESIAN_POINT('',(6.574499694337,-1.4125079642,-11.));
#7759 = CARTESIAN_POINT('',(6.608443184098,-1.4554179005,-11.));
#7760 = CARTESIAN_POINT('',(6.627671942542,-1.5066397517,-11.));
#7761 = PCURVE('',#7509,#7762);
#7762 = DEFINITIONAL_REPRESENTATION('',(#7763),#7767);
#7763 = B_SPLINE_CURVE_WITH_KNOTS('',2,(#7764,#7765,#7766),
  .UNSPECIFIED.,.F.,.F.,(3,3),(0.,0.25),.PIECEWISE_BEZIER_KNOTS.);
#7764 = CARTESIAN_POINT('',(0.496354797,0.328700754));
#7765 = CARTESIAN_POINT('',(0.541342855,0.312808185));
#7766 = CARTESIAN_POINT('',(0.566828287,0.293837129));
#7767 = ( GEOMETRIC_REPRESENTATION_CONTEXT(2) 
PARAMETRIC_REPRESENTATION_CONTEXT() REPRESENTATION_CONTEXT('2D SPACE',''
  ) );
#7768 = ORIENTED_EDGE('',*,*,#7769,.T.);
#7769 = EDGE_CURVE('',#7754,#7770,#7772,.T.);
#7770 = VERTEX_POINT('',#7771);
#7771 = CARTESIAN_POINT('',(6.649580056487,-1.6125081422,-11.));
#7772 = SURFACE_CURVE('',#7773,(#7777),.PCURVE_S1.);
#7773 = B_SPLINE_CURVE_WITH_KNOTS('',2,(#7774,#7775,#7776),
  .UNSPECIFIED.,.F.,.F.,(3,3),(0.25,0.5),.PIECEWISE_BEZIER_KNOTS.);
#7774 = CARTESIAN_POINT('',(6.627671942542,-1.5066397517,-11.));
#7775 = CARTESIAN_POINT('',(6.646900700985,-1.5578616029,-11.));
#7776 = CARTESIAN_POINT('',(6.649580056487,-1.6125081422,-11.));
#7777 = PCURVE('',#7509,#7778);
#7778 = DEFINITIONAL_REPRESENTATION('',(#7779),#7783);
#7779 = B_SPLINE_CURVE_WITH_KNOTS('',2,(#7780,#7781,#7782),
  .UNSPECIFIED.,.F.,.F.,(3,3),(0.25,0.5),.PIECEWISE_BEZIER_KNOTS.);
#7780 = CARTESIAN_POINT('',(0.566828287,0.293837129));
#7781 = CARTESIAN_POINT('',(0.592313719,0.274866073));
#7782 = CARTESIAN_POINT('',(0.595864886,0.254626614));
#7783 = ( GEOMETRIC_REPRESENTATION_CONTEXT(2) 
PARAMETRIC_REPRESENTATION_CONTEXT() REPRESENTATION_CONTEXT('2D SPACE',''
  ) );
#7784 = ORIENTED_EDGE('',*,*,#7785,.T.);
#7785 = EDGE_CURVE('',#7770,#7786,#7788,.T.);
#7786 = VERTEX_POINT('',#7787);
#7787 = CARTESIAN_POINT('',(6.638133718822,-1.7200119254,-11.));
#7788 = SURFACE_CURVE('',#7789,(#7793),.PCURVE_S1.);
#7789 = B_SPLINE_CURVE_WITH_KNOTS('',2,(#7790,#7791,#7792),
  .UNSPECIFIED.,.F.,.F.,(3,3),(0.5,0.75),.PIECEWISE_BEZIER_KNOTS.);
#7790 = CARTESIAN_POINT('',(6.649580056487,-1.6125081422,-11.));
#7791 = CARTESIAN_POINT('',(6.652259411988,-1.6671546815,-11.));
#7792 = CARTESIAN_POINT('',(6.638133718821,-1.7200119254,-11.));
#7793 = PCURVE('',#7509,#7794);
#7794 = DEFINITIONAL_REPRESENTATION('',(#7795),#7799);
#7795 = B_SPLINE_CURVE_WITH_KNOTS('',2,(#7796,#7797,#7798),
  .UNSPECIFIED.,.F.,.F.,(3,3),(0.5,0.75),.PIECEWISE_BEZIER_KNOTS.);
#7796 = CARTESIAN_POINT('',(0.595864886,0.254626614));
#7797 = CARTESIAN_POINT('',(0.599416053,0.234387155));
#7798 = CARTESIAN_POINT('',(0.580694127,0.214810398));
#7799 = ( GEOMETRIC_REPRESENTATION_CONTEXT(2) 
PARAMETRIC_REPRESENTATION_CONTEXT() REPRESENTATION_CONTEXT('2D SPACE',''
  ) );
#7800 = ORIENTED_EDGE('',*,*,#7801,.T.);
#7801 = EDGE_CURVE('',#7786,#7499,#7802,.T.);
#7802 = SURFACE_CURVE('',#7803,(#7807),.PCURVE_S1.);
#7803 = B_SPLINE_CURVE_WITH_KNOTS('',2,(#7804,#7805,#7806),
  .UNSPECIFIED.,.F.,.F.,(3,3),(0.75,1.),.PIECEWISE_BEZIER_KNOTS.);
#7804 = CARTESIAN_POINT('',(6.638133718822,-1.7200119254,-11.));
#7805 = CARTESIAN_POINT('',(6.624008026409,-1.7728691666,-11.));
#7806 = CARTESIAN_POINT('',(6.594425059241,-1.8188938472,-11.));
#7807 = PCURVE('',#7509,#7808);
#7808 = DEFINITIONAL_REPRESENTATION('',(#7809),#7813);
#7809 = B_SPLINE_CURVE_WITH_KNOTS('',2,(#7810,#7811,#7812),
  .UNSPECIFIED.,.F.,.F.,(3,3),(0.75,1.),.PIECEWISE_BEZIER_KNOTS.);
#7810 = CARTESIAN_POINT('',(0.580694127,0.214810398));
#7811 = CARTESIAN_POINT('',(0.561972202,0.195233642));
#7812 = CARTESIAN_POINT('',(0.522763498,0.178187464));
#7813 = ( GEOMETRIC_REPRESENTATION_CONTEXT(2) 
PARAMETRIC_REPRESENTATION_CONTEXT() REPRESENTATION_CONTEXT('2D SPACE',''
  ) );
#7814 = ( GEOMETRIC_REPRESENTATION_CONTEXT(3) 
GLOBAL_UNCERTAINTY_ASSIGNED_CONTEXT((#7818)) 
GLOBAL_UNIT_ASSIGNED_CONTEXT((#7815,#7816,#7817)) REPRESENTATION_CONTEXT
('Context #1','3D Context with UNIT and UNCERTAINTY') );
#7815 = ( LENGTH_UNIT() NAMED_UNIT(*) SI_UNIT(.MILLI.,.METRE.) );
#7816 = ( NAMED_UNIT(*) PLANE_ANGLE_UNIT() SI_UNIT($,.RADIAN.) );
#7817 = ( NAMED_UNIT(*) SI_UNIT($,.STERADIAN.) SOLID_ANGLE_UNIT() );
#7818 = UNCERTAINTY_MEASURE_WITH_UNIT(LENGTH_MEASURE(1.E-05),#7815,
  'distance_accuracy_value','confusion accuracy');
#7819 = SHAPE_DEFINITION_REPRESENTATION(#7820,#7491);
#7820 = PRODUCT_DEFINITION_SHAPE('','',#7821);
#7821 = PRODUCT_DEFINITION('design','',#7822,#7825);
#7822 = PRODUCT_DEFINITION_FORMATION('','',#7823);
#7823 = PRODUCT('eMachineShop.45',
  'eMachineShop.45','',(#7824));
#7824 = PRODUCT_CONTEXT('',#2,'mechanical');
#7825 = PRODUCT_DEFINITION_CONTEXT('part definition',#2,'design');
#7826 = CONTEXT_DEPENDENT_SHAPE_REPRESENTATION(#7827,#7829);
#7827 = ( REPRESENTATION_RELATIONSHIP('','',#7491,#10) 
REPRESENTATION_RELATIONSHIP_WITH_TRANSFORMATION(#7828) 
SHAPE_REPRESENTATION_RELATIONSHIP() );
#7828 = ITEM_DEFINED_TRANSFORMATION('','',#11,#191);
#7829 = PRODUCT_DEFINITION_SHAPE('Placement','Placement of an item',
  #7830);
#7830 = NEXT_ASSEMBLY_USAGE_OCCURRENCE('45','','',#5,#7821,$);
#7831 = PRODUCT_RELATED_PRODUCT_CATEGORY('part',$,(#7823));
#7832 = MANIFOLD_SURFACE_SHAPE_REPRESENTATION('',(#11,#7833),#8155);
#7833 = SHELL_BASED_SURFACE_MODEL('',(#7834));
#7834 = OPEN_SHELL('',(#7835));
#7835 = ADVANCED_FACE('',(#7836),#7850,.T.);
#7836 = FACE_BOUND('',#7837,.T.);
#7837 = EDGE_LOOP('',(#7838,#7861,#7877,#7893,#7909,#7924,#7940,#7956,
    #7971,#7986,#8001,#8017,#8033,#8048,#8064,#8080,#8096,#8112,#8127,
    #8142));
#7838 = ORIENTED_EDGE('',*,*,#7839,.T.);
#7839 = EDGE_CURVE('',#7840,#7842,#7844,.T.);
#7840 = VERTEX_POINT('',#7841);
#7841 = CARTESIAN_POINT('',(6.846789396041,-1.9811043334,-12.));
#7842 = VERTEX_POINT('',#7843);
#7843 = CARTESIAN_POINT('',(6.927962621125,-1.7974664744,-12.));
#7844 = SURFACE_CURVE('',#7845,(#7849),.PCURVE_S1.);
#7845 = B_SPLINE_CURVE_WITH_KNOTS('',2,(#7846,#7847,#7848),
  .UNSPECIFIED.,.F.,.F.,(3,3),(0.,0.25),.PIECEWISE_BEZIER_KNOTS.);
#7846 = CARTESIAN_POINT('',(6.846789396082,-1.9811043338,-12.));
#7847 = CARTESIAN_POINT('',(6.901729192574,-1.8956299235,-12.));
#7848 = CARTESIAN_POINT('',(6.927962621125,-1.7974664744,-12.));
#7849 = PCURVE('',#7850,#7855);
#7850 = B_SPLINE_SURFACE_WITH_KNOTS('',1,1,(
    (#7851,#7852)
    ,(#7853,#7854
    )),.UNSPECIFIED.,.F.,.F.,.F.,(2,2),(2,2),(0.,1.),(0.,1.),
  .PIECEWISE_BEZIER_KNOTS.);
#7851 = CARTESIAN_POINT('',(6.2,-2.3,-12.));
#7852 = CARTESIAN_POINT('',(6.2,0.4,-12.));
#7853 = CARTESIAN_POINT('',(6.9545,-2.3,-12.));
#7854 = CARTESIAN_POINT('',(6.9545,0.4,-12.));
#7855 = DEFINITIONAL_REPRESENTATION('',(#7856),#7860);
#7856 = B_SPLINE_CURVE_WITH_KNOTS('',2,(#7857,#7858,#7859),
  .UNSPECIFIED.,.F.,.F.,(3,3),(0.,0.25),.PIECEWISE_BEZIER_KNOTS.);
#7857 = CARTESIAN_POINT('',(0.857242407,0.118109506));
#7858 = CARTESIAN_POINT('',(0.930058572,0.149766695));
#7859 = CARTESIAN_POINT('',(0.964827861,0.186123528));
#7860 = ( GEOMETRIC_REPRESENTATION_CONTEXT(2) 
PARAMETRIC_REPRESENTATION_CONTEXT() REPRESENTATION_CONTEXT('2D SPACE',''
  ) );
#7861 = ORIENTED_EDGE('',*,*,#7862,.T.);
#7862 = EDGE_CURVE('',#7842,#7863,#7865,.T.);
#7863 = VERTEX_POINT('',#7864);
#7864 = CARTESIAN_POINT('',(6.949220104067,-1.5978165971,-12.));
#7865 = SURFACE_CURVE('',#7866,(#7870),.PCURVE_S1.);
#7866 = B_SPLINE_CURVE_WITH_KNOTS('',2,(#7867,#7868,#7869),
  .UNSPECIFIED.,.F.,.F.,(3,3),(0.25,0.5),.PIECEWISE_BEZIER_KNOTS.);
#7867 = CARTESIAN_POINT('',(6.927962621125,-1.7974664744,-12.));
#7868 = CARTESIAN_POINT('',(6.95419605043,-1.6993030253,-12.));
#7869 = CARTESIAN_POINT('',(6.949220104067,-1.5978165971,-12.));
#7870 = PCURVE('',#7850,#7871);
#7871 = DEFINITIONAL_REPRESENTATION('',(#7872),#7876);
#7872 = B_SPLINE_CURVE_WITH_KNOTS('',2,(#7873,#7874,#7875),
  .UNSPECIFIED.,.F.,.F.,(3,3),(0.25,0.5),.PIECEWISE_BEZIER_KNOTS.);
#7873 = CARTESIAN_POINT('',(0.964827861,0.186123528));
#7874 = CARTESIAN_POINT('',(0.999597151,0.222480361));
#7875 = CARTESIAN_POINT('',(0.993002126,0.260067927));
#7876 = ( GEOMETRIC_REPRESENTATION_CONTEXT(2) 
PARAMETRIC_REPRESENTATION_CONTEXT() REPRESENTATION_CONTEXT('2D SPACE',''
  ) );
#7877 = ORIENTED_EDGE('',*,*,#7878,.T.);
#7878 = EDGE_CURVE('',#7863,#7879,#7881,.T.);
#7879 = VERTEX_POINT('',#7880);
#7880 = CARTESIAN_POINT('',(6.908533607063,-1.4012038688,-12.));
#7881 = SURFACE_CURVE('',#7882,(#7886),.PCURVE_S1.);
#7882 = B_SPLINE_CURVE_WITH_KNOTS('',2,(#7883,#7884,#7885),
  .UNSPECIFIED.,.F.,.F.,(3,3),(0.5,0.75),.PIECEWISE_BEZIER_KNOTS.);
#7883 = CARTESIAN_POINT('',(6.949220104067,-1.5978165971,-12.));
#7884 = CARTESIAN_POINT('',(6.944244158459,-1.4963301662,-12.));
#7885 = CARTESIAN_POINT('',(6.908533607063,-1.4012038688,-12.));
#7886 = PCURVE('',#7850,#7887);
#7887 = DEFINITIONAL_REPRESENTATION('',(#7888),#7892);
#7888 = B_SPLINE_CURVE_WITH_KNOTS('',2,(#7889,#7890,#7891),
  .UNSPECIFIED.,.F.,.F.,(3,3),(0.5,0.75),.PIECEWISE_BEZIER_KNOTS.);
#7889 = CARTESIAN_POINT('',(0.993002126,0.260067927));
#7890 = CARTESIAN_POINT('',(0.986407102,0.297655494));
#7891 = CARTESIAN_POINT('',(0.939077014,0.332887456));
#7892 = ( GEOMETRIC_REPRESENTATION_CONTEXT(2) 
PARAMETRIC_REPRESENTATION_CONTEXT() REPRESENTATION_CONTEXT('2D SPACE',''
  ) );
#7893 = ORIENTED_EDGE('',*,*,#7894,.T.);
#7894 = EDGE_CURVE('',#7879,#7895,#7897,.T.);
#7895 = VERTEX_POINT('',#7896);
#7896 = CARTESIAN_POINT('',(6.809785146771,-1.22638768985,-12.));
#7897 = SURFACE_CURVE('',#7898,(#7902),.PCURVE_S1.);
#7898 = B_SPLINE_CURVE_WITH_KNOTS('',2,(#7899,#7900,#7901),
  .UNSPECIFIED.,.F.,.F.,(3,3),(0.75,1.),.PIECEWISE_BEZIER_KNOTS.);
#7899 = CARTESIAN_POINT('',(6.908533607063,-1.4012038688,-12.));
#7900 = CARTESIAN_POINT('',(6.872823055667,-1.3060775741,-12.));
#7901 = CARTESIAN_POINT('',(6.809785146542,-1.2263876897,-12.));
#7902 = PCURVE('',#7850,#7903);
#7903 = DEFINITIONAL_REPRESENTATION('',(#7904),#7908);
#7904 = B_SPLINE_CURVE_WITH_KNOTS('',2,(#7905,#7906,#7907),
  .UNSPECIFIED.,.F.,.F.,(3,3),(0.75,1.),.PIECEWISE_BEZIER_KNOTS.);
#7905 = CARTESIAN_POINT('',(0.939077014,0.332887456));
#7906 = CARTESIAN_POINT('',(0.891746926,0.368119417));
#7907 = CARTESIAN_POINT('',(0.808197676,0.397634189));
#7908 = ( GEOMETRIC_REPRESENTATION_CONTEXT(2) 
PARAMETRIC_REPRESENTATION_CONTEXT() REPRESENTATION_CONTEXT('2D SPACE',''
  ) );
#7909 = ORIENTED_EDGE('',*,*,#7910,.T.);
#7910 = EDGE_CURVE('',#7895,#7911,#7913,.T.);
#7911 = VERTEX_POINT('',#7912);
#7912 = CARTESIAN_POINT('',(6.521571515782,-0.8620400911,-12.));
#7913 = SURFACE_CURVE('',#7914,(#7918),.PCURVE_S1.);
#7914 = LINE('',#7915,#7916);
#7915 = CARTESIAN_POINT('',(6.809785147,-1.22638769,-12.));
#7916 = VECTOR('',#7917,1.);
#7917 = DIRECTION('',(-0.620400909345,0.784284840912,0.));
#7918 = PCURVE('',#7850,#7919);
#7919 = DEFINITIONAL_REPRESENTATION('',(#7920),#7923);
#7920 = B_SPLINE_CURVE_WITH_KNOTS('',1,(#7921,#7922),.UNSPECIFIED.,.F.,
  .F.,(2,2),(0.,0.464560297476),.PIECEWISE_BEZIER_KNOTS.);
#7921 = CARTESIAN_POINT('',(0.808197676,0.397634189));
#7922 = CARTESIAN_POINT('',(0.426204792,0.532577744));
#7923 = ( GEOMETRIC_REPRESENTATION_CONTEXT(2) 
PARAMETRIC_REPRESENTATION_CONTEXT() REPRESENTATION_CONTEXT('2D SPACE',''
  ) );
#7924 = ORIENTED_EDGE('',*,*,#7925,.T.);
#7925 = EDGE_CURVE('',#7911,#7926,#7928,.T.);
#7926 = VERTEX_POINT('',#7927);
#7927 = CARTESIAN_POINT('',(6.505546708927,-0.8328416783,-12.));
#7928 = SURFACE_CURVE('',#7929,(#7933),.PCURVE_S1.);
#7929 = B_SPLINE_CURVE_WITH_KNOTS('',2,(#7930,#7931,#7932),
  .UNSPECIFIED.,.F.,.F.,(3,3),(0.,0.5),.PIECEWISE_BEZIER_KNOTS.);
#7930 = CARTESIAN_POINT('',(6.521571515564,-0.8620400912,-12.));
#7931 = CARTESIAN_POINT('',(6.51109341794,-0.848794118,-12.));
#7932 = CARTESIAN_POINT('',(6.505546708927,-0.8328416783,-12.));
#7933 = PCURVE('',#7850,#7934);
#7934 = DEFINITIONAL_REPRESENTATION('',(#7935),#7939);
#7935 = B_SPLINE_CURVE_WITH_KNOTS('',2,(#7936,#7937,#7938),
  .UNSPECIFIED.,.F.,.F.,(3,3),(0.,0.5),.PIECEWISE_BEZIER_KNOTS.);
#7936 = CARTESIAN_POINT('',(0.426204792,0.532577744));
#7937 = CARTESIAN_POINT('',(0.41231732,0.53748366));
#7938 = CARTESIAN_POINT('',(0.404965817,0.543391971));
#7939 = ( GEOMETRIC_REPRESENTATION_CONTEXT(2) 
PARAMETRIC_REPRESENTATION_CONTEXT() REPRESENTATION_CONTEXT('2D SPACE',''
  ) );
#7940 = ORIENTED_EDGE('',*,*,#7941,.T.);
#7941 = EDGE_CURVE('',#7926,#7942,#7944,.T.);
#7942 = VERTEX_POINT('',#7943);
#7943 = CARTESIAN_POINT('',(6.499999999957,-0.7999999994,-12.));
#7944 = SURFACE_CURVE('',#7945,(#7949),.PCURVE_S1.);
#7945 = B_SPLINE_CURVE_WITH_KNOTS('',2,(#7946,#7947,#7948),
  .UNSPECIFIED.,.F.,.F.,(3,3),(0.5,1.),.PIECEWISE_BEZIER_KNOTS.);
#7946 = CARTESIAN_POINT('',(6.505546708927,-0.8328416783,-12.));
#7947 = CARTESIAN_POINT('',(6.499999999913,-0.8168892386,-12.));
#7948 = CARTESIAN_POINT('',(6.499999999913,-0.7999999988,-12.));
#7949 = PCURVE('',#7850,#7950);
#7950 = DEFINITIONAL_REPRESENTATION('',(#7951),#7955);
#7951 = B_SPLINE_CURVE_WITH_KNOTS('',2,(#7952,#7953,#7954),
  .UNSPECIFIED.,.F.,.F.,(3,3),(0.5,1.),.PIECEWISE_BEZIER_KNOTS.);
#7952 = CARTESIAN_POINT('',(0.404965817,0.543391971));
#7953 = CARTESIAN_POINT('',(0.397614314,0.549300282));
#7954 = CARTESIAN_POINT('',(0.397614314,0.555555556));
#7955 = ( GEOMETRIC_REPRESENTATION_CONTEXT(2) 
PARAMETRIC_REPRESENTATION_CONTEXT() REPRESENTATION_CONTEXT('2D SPACE',''
  ) );
#7956 = ORIENTED_EDGE('',*,*,#7957,.T.);
#7957 = EDGE_CURVE('',#7942,#7958,#7960,.T.);
#7958 = VERTEX_POINT('',#7959);
#7959 = CARTESIAN_POINT('',(6.5,0.4,-12.));
#7960 = SURFACE_CURVE('',#7961,(#7965),.PCURVE_S1.);
#7961 = LINE('',#7962,#7963);
#7962 = CARTESIAN_POINT('',(6.5,-0.8,-12.));
#7963 = VECTOR('',#7964,1.);
#7964 = DIRECTION('',(0.,1.,0.));
#7965 = PCURVE('',#7850,#7966);
#7966 = DEFINITIONAL_REPRESENTATION('',(#7967),#7970);
#7967 = B_SPLINE_CURVE_WITH_KNOTS('',1,(#7968,#7969),.UNSPECIFIED.,.F.,
  .F.,(2,2),(0.,1.2),.PIECEWISE_BEZIER_KNOTS.);
#7968 = CARTESIAN_POINT('',(0.397614314,0.555555556));
#7969 = CARTESIAN_POINT('',(0.397614314,1.));
#7970 = ( GEOMETRIC_REPRESENTATION_CONTEXT(2) 
PARAMETRIC_REPRESENTATION_CONTEXT() REPRESENTATION_CONTEXT('2D SPACE',''
  ) );
#7971 = ORIENTED_EDGE('',*,*,#7972,.T.);
#7972 = EDGE_CURVE('',#7958,#7973,#7975,.T.);
#7973 = VERTEX_POINT('',#7974);
#7974 = CARTESIAN_POINT('',(6.2,0.4,-12.));
#7975 = SURFACE_CURVE('',#7976,(#7980),.PCURVE_S1.);
#7976 = LINE('',#7977,#7978);
#7977 = CARTESIAN_POINT('',(6.5,0.4,-12.));
#7978 = VECTOR('',#7979,1.);
#7979 = DIRECTION('',(-1.,0.,0.));
#7980 = PCURVE('',#7850,#7981);
#7981 = DEFINITIONAL_REPRESENTATION('',(#7982),#7985);
#7982 = B_SPLINE_CURVE_WITH_KNOTS('',1,(#7983,#7984),.UNSPECIFIED.,.F.,
  .F.,(2,2),(0.,0.3),.PIECEWISE_BEZIER_KNOTS.);
#7983 = CARTESIAN_POINT('',(0.397614314,1.));
#7984 = CARTESIAN_POINT('',(0.,1.));
#7985 = ( GEOMETRIC_REPRESENTATION_CONTEXT(2) 
PARAMETRIC_REPRESENTATION_CONTEXT() REPRESENTATION_CONTEXT('2D SPACE',''
  ) );
#7986 = ORIENTED_EDGE('',*,*,#7987,.T.);
#7987 = EDGE_CURVE('',#7973,#7988,#7990,.T.);
#7988 = VERTEX_POINT('',#7989);
#7989 = CARTESIAN_POINT('',(6.2,-0.7999999994,-12.));
#7990 = SURFACE_CURVE('',#7991,(#7995),.PCURVE_S1.);
#7991 = LINE('',#7992,#7993);
#7992 = CARTESIAN_POINT('',(6.2,0.4,-12.));
#7993 = VECTOR('',#7994,1.);
#7994 = DIRECTION('',(0.,-1.,0.));
#7995 = PCURVE('',#7850,#7996);
#7996 = DEFINITIONAL_REPRESENTATION('',(#7997),#8000);
#7997 = B_SPLINE_CURVE_WITH_KNOTS('',1,(#7998,#7999),.UNSPECIFIED.,.F.,
  .F.,(2,2),(0.,1.2),.PIECEWISE_BEZIER_KNOTS.);
#7998 = CARTESIAN_POINT('',(0.,1.));
#7999 = CARTESIAN_POINT('',(0.,0.555555556));
#8000 = ( GEOMETRIC_REPRESENTATION_CONTEXT(2) 
PARAMETRIC_REPRESENTATION_CONTEXT() REPRESENTATION_CONTEXT('2D SPACE',''
  ) );
#8001 = ORIENTED_EDGE('',*,*,#8002,.T.);
#8002 = EDGE_CURVE('',#7988,#8003,#8005,.T.);
#8003 = VERTEX_POINT('',#8004);
#8004 = CARTESIAN_POINT('',(6.2221868353,-0.9313667114,-12.));
#8005 = SURFACE_CURVE('',#8006,(#8010),.PCURVE_S1.);
#8006 = B_SPLINE_CURVE_WITH_KNOTS('',2,(#8007,#8008,#8009),
  .UNSPECIFIED.,.F.,.F.,(3,3),(0.,0.5),.PIECEWISE_BEZIER_KNOTS.);
#8007 = CARTESIAN_POINT('',(6.2,-0.7999999988,-12.));
#8008 = CARTESIAN_POINT('',(6.2,-0.8675569499,-12.));
#8009 = CARTESIAN_POINT('',(6.2221868353,-0.9313667114,-12.));
#8010 = PCURVE('',#7850,#8011);
#8011 = DEFINITIONAL_REPRESENTATION('',(#8012),#8016);
#8012 = B_SPLINE_CURVE_WITH_KNOTS('',2,(#8013,#8014,#8015),
  .UNSPECIFIED.,.F.,.F.,(3,3),(0.,0.5),.PIECEWISE_BEZIER_KNOTS.);
#8013 = CARTESIAN_POINT('',(0.,0.555555556));
#8014 = CARTESIAN_POINT('',(0.,0.530534463));
#8015 = CARTESIAN_POINT('',(2.9406011E-02,0.506901218));
#8016 = ( GEOMETRIC_REPRESENTATION_CONTEXT(2) 
PARAMETRIC_REPRESENTATION_CONTEXT() REPRESENTATION_CONTEXT('2D SPACE',''
  ) );
#8017 = ORIENTED_EDGE('',*,*,#8018,.T.);
#8018 = EDGE_CURVE('',#8003,#8019,#8021,.T.);
#8019 = VERTEX_POINT('',#8020);
#8020 = CARTESIAN_POINT('',(6.286286063179,-1.0481603635,-12.));
#8021 = SURFACE_CURVE('',#8022,(#8026),.PCURVE_S1.);
#8022 = B_SPLINE_CURVE_WITH_KNOTS('',2,(#8023,#8024,#8025),
  .UNSPECIFIED.,.F.,.F.,(3,3),(0.5,1.),.PIECEWISE_BEZIER_KNOTS.);
#8023 = CARTESIAN_POINT('',(6.2221868353,-0.9313667114,-12.));
#8024 = CARTESIAN_POINT('',(6.244373670599,-0.9951764729,-12.));
#8025 = CARTESIAN_POINT('',(6.286286063359,-1.048160363,-12.));
#8026 = PCURVE('',#7850,#8027);
#8027 = DEFINITIONAL_REPRESENTATION('',(#8028),#8032);
#8028 = B_SPLINE_CURVE_WITH_KNOTS('',2,(#8029,#8030,#8031),
  .UNSPECIFIED.,.F.,.F.,(3,3),(0.5,1.),.PIECEWISE_BEZIER_KNOTS.);
#8029 = CARTESIAN_POINT('',(2.9406011E-02,0.506901218));
#8030 = CARTESIAN_POINT('',(5.8812022E-02,0.483267973));
#8031 = CARTESIAN_POINT('',(0.114361913,0.46364431));
#8032 = ( GEOMETRIC_REPRESENTATION_CONTEXT(2) 
PARAMETRIC_REPRESENTATION_CONTEXT() REPRESENTATION_CONTEXT('2D SPACE',''
  ) );
#8033 = ORIENTED_EDGE('',*,*,#8034,.T.);
#8034 = EDGE_CURVE('',#8019,#8035,#8037,.T.);
#8035 = VERTEX_POINT('',#8036);
#8036 = CARTESIAN_POINT('',(6.574499694168,-1.4125079636,-12.));
#8037 = SURFACE_CURVE('',#8038,(#8042),.PCURVE_S1.);
#8038 = LINE('',#8039,#8040);
#8039 = CARTESIAN_POINT('',(6.286286063,-1.048160364,-12.));
#8040 = VECTOR('',#8041,1.);
#8041 = DIRECTION('',(0.620400909345,-0.784284840912,0.));
#8042 = PCURVE('',#7850,#8043);
#8043 = DEFINITIONAL_REPRESENTATION('',(#8044),#8047);
#8044 = B_SPLINE_CURVE_WITH_KNOTS('',1,(#8045,#8046),.UNSPECIFIED.,.F.,
  .F.,(2,2),(0.,0.464560297476),.PIECEWISE_BEZIER_KNOTS.);
#8045 = CARTESIAN_POINT('',(0.114361913,0.46364431));
#8046 = CARTESIAN_POINT('',(0.496354797,0.328700754));
#8047 = ( GEOMETRIC_REPRESENTATION_CONTEXT(2) 
PARAMETRIC_REPRESENTATION_CONTEXT() REPRESENTATION_CONTEXT('2D SPACE',''
  ) );
#8048 = ORIENTED_EDGE('',*,*,#8049,.T.);
#8049 = EDGE_CURVE('',#8035,#8050,#8052,.T.);
#8050 = VERTEX_POINT('',#8051);
#8051 = CARTESIAN_POINT('',(6.627671942542,-1.5066397517,-12.));
#8052 = SURFACE_CURVE('',#8053,(#8057),.PCURVE_S1.);
#8053 = B_SPLINE_CURVE_WITH_KNOTS('',2,(#8054,#8055,#8056),
  .UNSPECIFIED.,.F.,.F.,(3,3),(0.,0.25),.PIECEWISE_BEZIER_KNOTS.);
#8054 = CARTESIAN_POINT('',(6.574499694337,-1.4125079642,-12.));
#8055 = CARTESIAN_POINT('',(6.608443184098,-1.4554179005,-12.));
#8056 = CARTESIAN_POINT('',(6.627671942542,-1.5066397517,-12.));
#8057 = PCURVE('',#7850,#8058);
#8058 = DEFINITIONAL_REPRESENTATION('',(#8059),#8063);
#8059 = B_SPLINE_CURVE_WITH_KNOTS('',2,(#8060,#8061,#8062),
  .UNSPECIFIED.,.F.,.F.,(3,3),(0.,0.25),.PIECEWISE_BEZIER_KNOTS.);
#8060 = CARTESIAN_POINT('',(0.496354797,0.328700754));
#8061 = CARTESIAN_POINT('',(0.541342855,0.312808185));
#8062 = CARTESIAN_POINT('',(0.566828287,0.293837129));
#8063 = ( GEOMETRIC_REPRESENTATION_CONTEXT(2) 
PARAMETRIC_REPRESENTATION_CONTEXT() REPRESENTATION_CONTEXT('2D SPACE',''
  ) );
#8064 = ORIENTED_EDGE('',*,*,#8065,.T.);
#8065 = EDGE_CURVE('',#8050,#8066,#8068,.T.);
#8066 = VERTEX_POINT('',#8067);
#8067 = CARTESIAN_POINT('',(6.649580056487,-1.6125081422,-12.));
#8068 = SURFACE_CURVE('',#8069,(#8073),.PCURVE_S1.);
#8069 = B_SPLINE_CURVE_WITH_KNOTS('',2,(#8070,#8071,#8072),
  .UNSPECIFIED.,.F.,.F.,(3,3),(0.25,0.5),.PIECEWISE_BEZIER_KNOTS.);
#8070 = CARTESIAN_POINT('',(6.627671942542,-1.5066397517,-12.));
#8071 = CARTESIAN_POINT('',(6.646900700985,-1.5578616029,-12.));
#8072 = CARTESIAN_POINT('',(6.649580056487,-1.6125081422,-12.));
#8073 = PCURVE('',#7850,#8074);
#8074 = DEFINITIONAL_REPRESENTATION('',(#8075),#8079);
#8075 = B_SPLINE_CURVE_WITH_KNOTS('',2,(#8076,#8077,#8078),
  .UNSPECIFIED.,.F.,.F.,(3,3),(0.25,0.5),.PIECEWISE_BEZIER_KNOTS.);
#8076 = CARTESIAN_POINT('',(0.566828287,0.293837129));
#8077 = CARTESIAN_POINT('',(0.592313719,0.274866073));
#8078 = CARTESIAN_POINT('',(0.595864886,0.254626614));
#8079 = ( GEOMETRIC_REPRESENTATION_CONTEXT(2) 
PARAMETRIC_REPRESENTATION_CONTEXT() REPRESENTATION_CONTEXT('2D SPACE',''
  ) );
#8080 = ORIENTED_EDGE('',*,*,#8081,.T.);
#8081 = EDGE_CURVE('',#8066,#8082,#8084,.T.);
#8082 = VERTEX_POINT('',#8083);
#8083 = CARTESIAN_POINT('',(6.638133718822,-1.7200119254,-12.));
#8084 = SURFACE_CURVE('',#8085,(#8089),.PCURVE_S1.);
#8085 = B_SPLINE_CURVE_WITH_KNOTS('',2,(#8086,#8087,#8088),
  .UNSPECIFIED.,.F.,.F.,(3,3),(0.5,0.75),.PIECEWISE_BEZIER_KNOTS.);
#8086 = CARTESIAN_POINT('',(6.649580056487,-1.6125081422,-12.));
#8087 = CARTESIAN_POINT('',(6.652259411988,-1.6671546815,-12.));
#8088 = CARTESIAN_POINT('',(6.638133718821,-1.7200119254,-12.));
#8089 = PCURVE('',#7850,#8090);
#8090 = DEFINITIONAL_REPRESENTATION('',(#8091),#8095);
#8091 = B_SPLINE_CURVE_WITH_KNOTS('',2,(#8092,#8093,#8094),
  .UNSPECIFIED.,.F.,.F.,(3,3),(0.5,0.75),.PIECEWISE_BEZIER_KNOTS.);
#8092 = CARTESIAN_POINT('',(0.595864886,0.254626614));
#8093 = CARTESIAN_POINT('',(0.599416053,0.234387155));
#8094 = CARTESIAN_POINT('',(0.580694127,0.214810398));
#8095 = ( GEOMETRIC_REPRESENTATION_CONTEXT(2) 
PARAMETRIC_REPRESENTATION_CONTEXT() REPRESENTATION_CONTEXT('2D SPACE',''
  ) );
#8096 = ORIENTED_EDGE('',*,*,#8097,.T.);
#8097 = EDGE_CURVE('',#8082,#8098,#8100,.T.);
#8098 = VERTEX_POINT('',#8099);
#8099 = CARTESIAN_POINT('',(6.59442505962,-1.8188938471,-12.));
#8100 = SURFACE_CURVE('',#8101,(#8105),.PCURVE_S1.);
#8101 = B_SPLINE_CURVE_WITH_KNOTS('',2,(#8102,#8103,#8104),
  .UNSPECIFIED.,.F.,.F.,(3,3),(0.75,1.),.PIECEWISE_BEZIER_KNOTS.);
#8102 = CARTESIAN_POINT('',(6.638133718822,-1.7200119254,-12.));
#8103 = CARTESIAN_POINT('',(6.624008026409,-1.7728691666,-12.));
#8104 = CARTESIAN_POINT('',(6.594425059241,-1.8188938472,-12.));
#8105 = PCURVE('',#7850,#8106);
#8106 = DEFINITIONAL_REPRESENTATION('',(#8107),#8111);
#8107 = B_SPLINE_CURVE_WITH_KNOTS('',2,(#8108,#8109,#8110),
  .UNSPECIFIED.,.F.,.F.,(3,3),(0.75,1.),.PIECEWISE_BEZIER_KNOTS.);
#8108 = CARTESIAN_POINT('',(0.580694127,0.214810398));
#8109 = CARTESIAN_POINT('',(0.561972202,0.195233642));
#8110 = CARTESIAN_POINT('',(0.522763498,0.178187464));
#8111 = ( GEOMETRIC_REPRESENTATION_CONTEXT(2) 
PARAMETRIC_REPRESENTATION_CONTEXT() REPRESENTATION_CONTEXT('2D SPACE',''
  ) );
#8112 = ORIENTED_EDGE('',*,*,#8113,.T.);
#8113 = EDGE_CURVE('',#8098,#8114,#8116,.T.);
#8114 = VERTEX_POINT('',#8115);
#8115 = CARTESIAN_POINT('',(6.285187774,-2.3,-12.));
#8116 = SURFACE_CURVE('',#8117,(#8121),.PCURVE_S1.);
#8117 = LINE('',#8118,#8119);
#8118 = CARTESIAN_POINT('',(6.59442506,-1.818893847,-12.));
#8119 = VECTOR('',#8120,1.);
#8120 = DIRECTION('',(-0.540701617755,-0.841214455747,0.));
#8121 = PCURVE('',#7850,#8122);
#8122 = DEFINITIONAL_REPRESENTATION('',(#8123),#8126);
#8123 = B_SPLINE_CURVE_WITH_KNOTS('',1,(#8124,#8125),.UNSPECIFIED.,.F.,
  .F.,(2,2),(0.,0.571918551463),.PIECEWISE_BEZIER_KNOTS.);
#8124 = CARTESIAN_POINT('',(0.522763498,0.178187464));
#8125 = CARTESIAN_POINT('',(0.112906261,0.));
#8126 = ( GEOMETRIC_REPRESENTATION_CONTEXT(2) 
PARAMETRIC_REPRESENTATION_CONTEXT() REPRESENTATION_CONTEXT('2D SPACE',''
  ) );
#8127 = ORIENTED_EDGE('',*,*,#8128,.T.);
#8128 = EDGE_CURVE('',#8114,#8129,#8131,.T.);
#8129 = VERTEX_POINT('',#8130);
#8130 = CARTESIAN_POINT('',(6.641815026,-2.3,-12.));
#8131 = SURFACE_CURVE('',#8132,(#8136),.PCURVE_S1.);
#8132 = LINE('',#8133,#8134);
#8133 = CARTESIAN_POINT('',(6.285187774,-2.3,-12.));
#8134 = VECTOR('',#8135,1.);
#8135 = DIRECTION('',(1.,0.,0.));
#8136 = PCURVE('',#7850,#8137);
#8137 = DEFINITIONAL_REPRESENTATION('',(#8138),#8141);
#8138 = B_SPLINE_CURVE_WITH_KNOTS('',1,(#8139,#8140),.UNSPECIFIED.,.F.,
  .F.,(2,2),(0.,0.356627252),.PIECEWISE_BEZIER_KNOTS.);
#8139 = CARTESIAN_POINT('',(0.112906261,0.));
#8140 = CARTESIAN_POINT('',(0.585573262,0.));
#8141 = ( GEOMETRIC_REPRESENTATION_CONTEXT(2) 
PARAMETRIC_REPRESENTATION_CONTEXT() REPRESENTATION_CONTEXT('2D SPACE',''
  ) );
#8142 = ORIENTED_EDGE('',*,*,#8143,.T.);
#8143 = EDGE_CURVE('',#8129,#7840,#8144,.T.);
#8144 = SURFACE_CURVE('',#8145,(#8149),.PCURVE_S1.);
#8145 = LINE('',#8146,#8147);
#8146 = CARTESIAN_POINT('',(6.641815026,-2.3,-12.));
#8147 = VECTOR('',#8148,1.);
#8148 = DIRECTION('',(0.540701617887,0.841214455662,0.));
#8149 = PCURVE('',#7850,#8150);
#8150 = DEFINITIONAL_REPRESENTATION('',(#8151),#8154);
#8151 = B_SPLINE_CURVE_WITH_KNOTS('',1,(#8152,#8153),.UNSPECIFIED.,.F.,
  .F.,(2,2),(0.,0.379089618413),.PIECEWISE_BEZIER_KNOTS.);
#8152 = CARTESIAN_POINT('',(0.585573262,0.));
#8153 = CARTESIAN_POINT('',(0.857242407,0.118109506));
#8154 = ( GEOMETRIC_REPRESENTATION_CONTEXT(2) 
PARAMETRIC_REPRESENTATION_CONTEXT() REPRESENTATION_CONTEXT('2D SPACE',''
  ) );
#8155 = ( GEOMETRIC_REPRESENTATION_CONTEXT(3) 
GLOBAL_UNCERTAINTY_ASSIGNED_CONTEXT((#8159)) 
GLOBAL_UNIT_ASSIGNED_CONTEXT((#8156,#8157,#8158)) REPRESENTATION_CONTEXT
('Context #1','3D Context with UNIT and UNCERTAINTY') );
#8156 = ( LENGTH_UNIT() NAMED_UNIT(*) SI_UNIT(.MILLI.,.METRE.) );
#8157 = ( NAMED_UNIT(*) PLANE_ANGLE_UNIT() SI_UNIT($,.RADIAN.) );
#8158 = ( NAMED_UNIT(*) SI_UNIT($,.STERADIAN.) SOLID_ANGLE_UNIT() );
#8159 = UNCERTAINTY_MEASURE_WITH_UNIT(LENGTH_MEASURE(1.E-05),#8156,
  'distance_accuracy_value','confusion accuracy');
#8160 = SHAPE_DEFINITION_REPRESENTATION(#8161,#7832);
#8161 = PRODUCT_DEFINITION_SHAPE('','',#8162);
#8162 = PRODUCT_DEFINITION('design','',#8163,#8166);
#8163 = PRODUCT_DEFINITION_FORMATION('','',#8164);
#8164 = PRODUCT('eMachineShop.46',
  'eMachineShop.46','',(#8165));
#8165 = PRODUCT_CONTEXT('',#2,'mechanical');
#8166 = PRODUCT_DEFINITION_CONTEXT('part definition',#2,'design');
#8167 = CONTEXT_DEPENDENT_SHAPE_REPRESENTATION(#8168,#8170);
#8168 = ( REPRESENTATION_RELATIONSHIP('','',#7832,#10) 
REPRESENTATION_RELATIONSHIP_WITH_TRANSFORMATION(#8169) 
SHAPE_REPRESENTATION_RELATIONSHIP() );
#8169 = ITEM_DEFINED_TRANSFORMATION('','',#11,#195);
#8170 = PRODUCT_DEFINITION_SHAPE('Placement','Placement of an item',
  #8171);
#8171 = NEXT_ASSEMBLY_USAGE_OCCURRENCE('46','','',#5,#8162,$);
#8172 = PRODUCT_RELATED_PRODUCT_CATEGORY('part',$,(#8164));
#8173 = MANIFOLD_SURFACE_SHAPE_REPRESENTATION('',(#11,#8174),#8289);
#8174 = SHELL_BASED_SURFACE_MODEL('',(#8175));
#8175 = OPEN_SHELL('',(#8176));
#8176 = ADVANCED_FACE('',(#8177),#8193,.T.);
#8177 = FACE_BOUND('',#8178,.T.);
#8178 = EDGE_LOOP('',(#8179,#8207,#8225,#8240,#8258,#8276));
#8179 = ORIENTED_EDGE('',*,*,#8180,.F.);
#8180 = EDGE_CURVE('',#8181,#8183,#8185,.T.);
#8181 = VERTEX_POINT('',#8182);
#8182 = CARTESIAN_POINT('',(0.984895059342,-2.441115688486,
    -11.02032681695));
#8183 = VERTEX_POINT('',#8184);
#8184 = CARTESIAN_POINT('',(1.,-2.550000000082,-11.066987298));
#8185 = SURFACE_CURVE('',#8186,(#8192),.PCURVE_S1.);
#8186 = B_SPLINE_CURVE_WITH_KNOTS('',4,(#8187,#8188,#8189,#8190,#8191),
  .UNSPECIFIED.,.F.,.F.,(5,5),(0.5,1.),.PIECEWISE_BEZIER_KNOTS.);
#8187 = CARTESIAN_POINT('',(0.984895059342,-2.441115688486,
    -11.02032681695));
#8188 = CARTESIAN_POINT('',(0.992761326125,-2.468922148188,
    -11.02850723643));
#8189 = CARTESIAN_POINT('',(0.997706373452,-2.496633863522,
    -11.03901078976));
#8190 = CARTESIAN_POINT('',(1.000000000011,-2.523759739764,
    -11.05183747696));
#8191 = CARTESIAN_POINT('',(1.,-2.550000000164,-11.06698729801));
#8192 = PCURVE('',#8193,#8201);
#8193 = SURFACE_OF_REVOLUTION('',#8194,#8198);
#8194 = LINE('',#8195,#8196);
#8195 = CARTESIAN_POINT('',(0.2,-2.55,-10.99515195));
#8196 = VECTOR('',#8197,1.);
#8197 = DIRECTION('',(0.,0.,-1.));
#8198 = AXIS1_PLACEMENT('',#8199,#8200);
#8199 = CARTESIAN_POINT('',(0.6,-2.55,-11.));
#8200 = DIRECTION('',(0.,0.,1.));
#8201 = DEFINITIONAL_REPRESENTATION('',(#8202),#8206);
#8202 = B_SPLINE_CURVE_WITH_KNOTS('',2,(#8203,#8204,#8205),
  .UNSPECIFIED.,.F.,.F.,(3,3),(0.5,1.),.PIECEWISE_BEZIER_KNOTS.);
#8203 = CARTESIAN_POINT('',(3.41728248018,2.517486695696E-02));
#8204 = CARTESIAN_POINT('',(3.27279395518,4.153570590463E-02));
#8205 = CARTESIAN_POINT('',(3.14159265318,7.183534801829E-02));
#8206 = ( GEOMETRIC_REPRESENTATION_CONTEXT(2) 
PARAMETRIC_REPRESENTATION_CONTEXT() REPRESENTATION_CONTEXT('2D SPACE',''
  ) );
#8207 = ORIENTED_EDGE('',*,*,#8208,.F.);
#8208 = EDGE_CURVE('',#8209,#8181,#8211,.T.);
#8209 = VERTEX_POINT('',#8210);
#8210 = CARTESIAN_POINT('',(0.936485782131,-2.333719352921,
    -11.00113829038));
#8211 = SURFACE_CURVE('',#8212,(#8218),.PCURVE_S1.);
#8212 = B_SPLINE_CURVE_WITH_KNOTS('',4,(#8213,#8214,#8215,#8216,#8217),
  .UNSPECIFIED.,.F.,.F.,(5,5),(0.,0.5),.PIECEWISE_BEZIER_KNOTS.);
#8213 = CARTESIAN_POINT('',(0.936485782263,-2.333719352842,
    -11.00113829076));
#8214 = CARTESIAN_POINT('',(0.953552485102,-2.360271441209,
    -11.00293301497));
#8215 = CARTESIAN_POINT('',(0.967099249186,-2.387494323656,
    -11.00672934408));
#8216 = CARTESIAN_POINT('',(0.977395045847,-2.414603897215,
    -11.01252727807));
#8217 = CARTESIAN_POINT('',(0.984895059342,-2.441115688486,
    -11.02032681695));
#8218 = PCURVE('',#8193,#8219);
#8219 = DEFINITIONAL_REPRESENTATION('',(#8220),#8224);
#8220 = B_SPLINE_CURVE_WITH_KNOTS('',2,(#8221,#8222,#8223),
  .UNSPECIFIED.,.F.,.F.,(3,3),(0.,0.5),.PIECEWISE_BEZIER_KNOTS.);
#8221 = CARTESIAN_POINT('',(3.71286359318,5.986340761269E-03));
#8222 = CARTESIAN_POINT('',(3.55504362118,9.57578919315E-03));
#8223 = CARTESIAN_POINT('',(3.41728248018,2.517486695696E-02));
#8224 = ( GEOMETRIC_REPRESENTATION_CONTEXT(2) 
PARAMETRIC_REPRESENTATION_CONTEXT() REPRESENTATION_CONTEXT('2D SPACE',''
  ) );
#8225 = ORIENTED_EDGE('',*,*,#8226,.F.);
#8226 = EDGE_CURVE('',#8227,#8209,#8229,.T.);
#8227 = VERTEX_POINT('',#8228);
#8228 = CARTESIAN_POINT('',(0.936485782131,-2.333719352921,
    -11.99886170961));
#8229 = SURFACE_CURVE('',#8230,(#8234),.PCURVE_S1.);
#8230 = LINE('',#8231,#8232);
#8231 = CARTESIAN_POINT('',(0.936485782,-2.333719353,-11.99886171));
#8232 = VECTOR('',#8233,1.);
#8233 = DIRECTION('',(0.,0.,1.));
#8234 = PCURVE('',#8193,#8235);
#8235 = DEFINITIONAL_REPRESENTATION('',(#8236),#8239);
#8236 = B_SPLINE_CURVE_WITH_KNOTS('',1,(#8237,#8238),.UNSPECIFIED.,.F.,
  .F.,(2,2),(0.,0.99772342),.PIECEWISE_BEZIER_KNOTS.);
#8237 = CARTESIAN_POINT('',(3.71286359318,1.003709759239));
#8238 = CARTESIAN_POINT('',(3.71286359318,5.986340761269E-03));
#8239 = ( GEOMETRIC_REPRESENTATION_CONTEXT(2) 
PARAMETRIC_REPRESENTATION_CONTEXT() REPRESENTATION_CONTEXT('2D SPACE',''
  ) );
#8240 = ORIENTED_EDGE('',*,*,#8241,.F.);
#8241 = EDGE_CURVE('',#8242,#8227,#8244,.T.);
#8242 = VERTEX_POINT('',#8243);
#8243 = CARTESIAN_POINT('',(0.984894370423,-2.441113253257,
    -11.97967389891));
#8244 = SURFACE_CURVE('',#8245,(#8251),.PCURVE_S1.);
#8245 = B_SPLINE_CURVE_WITH_KNOTS('',4,(#8246,#8247,#8248,#8249,#8250),
  .UNSPECIFIED.,.F.,.F.,(5,5),(0.5,1.),.PIECEWISE_BEZIER_KNOTS.);
#8246 = CARTESIAN_POINT('',(0.984894370423,-2.441113253257,
    -11.97967389891));
#8247 = CARTESIAN_POINT('',(0.977394340867,-2.414602045598,
    -11.98747312025));
#8248 = CARTESIAN_POINT('',(0.967098636237,-2.387493093913,
    -11.99327082908));
#8249 = CARTESIAN_POINT('',(0.953552102177,-2.360270845461,
    -11.99706702541));
#8250 = CARTESIAN_POINT('',(0.936485782263,-2.333719352842,
    -11.99886170923));
#8251 = PCURVE('',#8193,#8252);
#8252 = DEFINITIONAL_REPRESENTATION('',(#8253),#8257);
#8253 = B_SPLINE_CURVE_WITH_KNOTS('',2,(#8254,#8255,#8256),
  .UNSPECIFIED.,.F.,.F.,(3,3),(0.5,1.),.PIECEWISE_BEZIER_KNOTS.);
#8254 = CARTESIAN_POINT('',(3.41728880718,0.984521948918));
#8255 = CARTESIAN_POINT('',(3.55504716218,1.000120391583));
#8256 = CARTESIAN_POINT('',(3.71286359318,1.003709759239));
#8257 = ( GEOMETRIC_REPRESENTATION_CONTEXT(2) 
PARAMETRIC_REPRESENTATION_CONTEXT() REPRESENTATION_CONTEXT('2D SPACE',''
  ) );
#8258 = ORIENTED_EDGE('',*,*,#8259,.F.);
#8259 = EDGE_CURVE('',#8260,#8242,#8262,.T.);
#8260 = VERTEX_POINT('',#8261);
#8261 = CARTESIAN_POINT('',(1.,-2.550000000082,-11.93301270199));
#8262 = SURFACE_CURVE('',#8263,(#8269),.PCURVE_S1.);
#8263 = B_SPLINE_CURVE_WITH_KNOTS('',4,(#8264,#8265,#8266,#8267,#8268),
  .UNSPECIFIED.,.F.,.F.,(5,5),(0.,0.5),.PIECEWISE_BEZIER_KNOTS.);
#8264 = CARTESIAN_POINT('',(1.,-2.550000000164,-11.93301270198));
#8265 = CARTESIAN_POINT('',(1.000000000011,-2.523759168764,
    -11.9481628532));
#8266 = CARTESIAN_POINT('',(0.99770627374,-2.496632680409,
    -11.96098976977));
#8267 = CARTESIAN_POINT('',(0.992761002165,-2.468920331365,
    -11.97149345167));
#8268 = CARTESIAN_POINT('',(0.984894370423,-2.441113253257,
    -11.97967389891));
#8269 = PCURVE('',#8193,#8270);
#8270 = DEFINITIONAL_REPRESENTATION('',(#8271),#8275);
#8271 = B_SPLINE_CURVE_WITH_KNOTS('',2,(#8272,#8273,#8274),
  .UNSPECIFIED.,.F.,.F.,(3,3),(0.,0.5),.PIECEWISE_BEZIER_KNOTS.);
#8272 = CARTESIAN_POINT('',(3.14159265318,0.937860751982));
#8273 = CARTESIAN_POINT('',(3.27279681018,0.968161054437));
#8274 = CARTESIAN_POINT('',(3.41728880718,0.984521948918));
#8275 = ( GEOMETRIC_REPRESENTATION_CONTEXT(2) 
PARAMETRIC_REPRESENTATION_CONTEXT() REPRESENTATION_CONTEXT('2D SPACE',''
  ) );
#8276 = ORIENTED_EDGE('',*,*,#8277,.F.);
#8277 = EDGE_CURVE('',#8183,#8260,#8278,.T.);
#8278 = SURFACE_CURVE('',#8279,(#8283),.PCURVE_S1.);
#8279 = LINE('',#8280,#8281);
#8280 = CARTESIAN_POINT('',(1.,-2.55,-11.066987298));
#8281 = VECTOR('',#8282,1.);
#8282 = DIRECTION('',(0.,0.,-1.));
#8283 = PCURVE('',#8193,#8284);
#8284 = DEFINITIONAL_REPRESENTATION('',(#8285),#8288);
#8285 = B_SPLINE_CURVE_WITH_KNOTS('',1,(#8286,#8287),.UNSPECIFIED.,.F.,
  .F.,(2,2),(0.,0.866025404),.PIECEWISE_BEZIER_KNOTS.);
#8286 = CARTESIAN_POINT('',(3.14159265318,7.183534801829E-02));
#8287 = CARTESIAN_POINT('',(3.14159265318,0.937860751982));
#8288 = ( GEOMETRIC_REPRESENTATION_CONTEXT(2) 
PARAMETRIC_REPRESENTATION_CONTEXT() REPRESENTATION_CONTEXT('2D SPACE',''
  ) );
#8289 = ( GEOMETRIC_REPRESENTATION_CONTEXT(3) 
GLOBAL_UNCERTAINTY_ASSIGNED_CONTEXT((#8293)) 
GLOBAL_UNIT_ASSIGNED_CONTEXT((#8290,#8291,#8292)) REPRESENTATION_CONTEXT
('Context #1','3D Context with UNIT and UNCERTAINTY') );
#8290 = ( LENGTH_UNIT() NAMED_UNIT(*) SI_UNIT(.MILLI.,.METRE.) );
#8291 = ( NAMED_UNIT(*) PLANE_ANGLE_UNIT() SI_UNIT($,.RADIAN.) );
#8292 = ( NAMED_UNIT(*) SI_UNIT($,.STERADIAN.) SOLID_ANGLE_UNIT() );
#8293 = UNCERTAINTY_MEASURE_WITH_UNIT(LENGTH_MEASURE(1.E-05),#8290,
  'distance_accuracy_value','confusion accuracy');
#8294 = SHAPE_DEFINITION_REPRESENTATION(#8295,#8173);
#8295 = PRODUCT_DEFINITION_SHAPE('','',#8296);
#8296 = PRODUCT_DEFINITION('design','',#8297,#8300);
#8297 = PRODUCT_DEFINITION_FORMATION('','',#8298);
#8298 = PRODUCT('eMachineShop.47',
  'eMachineShop.47','',(#8299));
#8299 = PRODUCT_CONTEXT('',#2,'mechanical');
#8300 = PRODUCT_DEFINITION_CONTEXT('part definition',#2,'design');
#8301 = CONTEXT_DEPENDENT_SHAPE_REPRESENTATION(#8302,#8304);
#8302 = ( REPRESENTATION_RELATIONSHIP('','',#8173,#10) 
REPRESENTATION_RELATIONSHIP_WITH_TRANSFORMATION(#8303) 
SHAPE_REPRESENTATION_RELATIONSHIP() );
#8303 = ITEM_DEFINED_TRANSFORMATION('','',#11,#199);
#8304 = PRODUCT_DEFINITION_SHAPE('Placement','Placement of an item',
  #8305);
#8305 = NEXT_ASSEMBLY_USAGE_OCCURRENCE('47','','',#5,#8296,$);
#8306 = PRODUCT_RELATED_PRODUCT_CATEGORY('part',$,(#8298));
#8307 = MANIFOLD_SURFACE_SHAPE_REPRESENTATION('',(#11,#8308),#8412);
#8308 = SHELL_BASED_SURFACE_MODEL('',(#8309));
#8309 = OPEN_SHELL('',(#8310));
#8310 = ADVANCED_FACE('',(#8311),#8325,.T.);
#8311 = FACE_BOUND('',#8312,.T.);
#8312 = EDGE_LOOP('',(#8313,#8335,#8352,#8367,#8382,#8397));
#8313 = ORIENTED_EDGE('',*,*,#8314,.T.);
#8314 = EDGE_CURVE('',#8315,#8317,#8319,.T.);
#8315 = VERTEX_POINT('',#8316);
#8316 = CARTESIAN_POINT('',(0.936485782,-2.333719353,-11.00113829));
#8317 = VERTEX_POINT('',#8318);
#8318 = CARTESIAN_POINT('',(0.936485782,-2.333719353,-11.99886171));
#8319 = SURFACE_CURVE('',#8320,(#8324),.PCURVE_S1.);
#8320 = LINE('',#8321,#8322);
#8321 = CARTESIAN_POINT('',(0.936485782,-2.333719353,-11.00113829));
#8322 = VECTOR('',#8323,1.);
#8323 = DIRECTION('',(0.,0.,-1.));
#8324 = PCURVE('',#8325,#8330);
#8325 = B_SPLINE_SURFACE_WITH_KNOTS('',1,1,(
    (#8326,#8327)
    ,(#8328,#8329
    )),.UNSPECIFIED.,.F.,.F.,.F.,(2,2),(2,2),(0.,1.),(0.,1.),
  .PIECEWISE_BEZIER_KNOTS.);
#8326 = CARTESIAN_POINT('',(0.936485782,-2.333719353,-12.));
#8327 = CARTESIAN_POINT('',(0.936485782,-2.333719353,-11.));
#8328 = CARTESIAN_POINT('',(0.60557494,-1.818893847,-12.));
#8329 = CARTESIAN_POINT('',(0.60557494,-1.818893847,-11.));
#8330 = DEFINITIONAL_REPRESENTATION('',(#8331),#8334);
#8331 = B_SPLINE_CURVE_WITH_KNOTS('',1,(#8332,#8333),.UNSPECIFIED.,.F.,
  .F.,(2,2),(0.,0.99772342),.PIECEWISE_BEZIER_KNOTS.);
#8332 = CARTESIAN_POINT('',(0.,0.99886171));
#8333 = CARTESIAN_POINT('',(0.,1.13829E-03));
#8334 = ( GEOMETRIC_REPRESENTATION_CONTEXT(2) 
PARAMETRIC_REPRESENTATION_CONTEXT() REPRESENTATION_CONTEXT('2D SPACE',''
  ) );
#8335 = ORIENTED_EDGE('',*,*,#8336,.T.);
#8336 = EDGE_CURVE('',#8317,#8337,#8339,.T.);
#8337 = VERTEX_POINT('',#8338);
#8338 = CARTESIAN_POINT('',(0.914812226,-2.3,-12.));
#8339 = SURFACE_CURVE('',#8340,(#8345),.PCURVE_S1.);
#8340 = ( BOUNDED_CURVE() B_SPLINE_CURVE(3,(#8341,#8342,#8343,#8344),
.UNSPECIFIED.,.F.,.F.) B_SPLINE_CURVE_WITH_KNOTS((4,4),(0.,1.),
.PIECEWISE_BEZIER_KNOTS.) CURVE() GEOMETRIC_REPRESENTATION_ITEM() 
RATIONAL_B_SPLINE_CURVE((1.,0.999620461808,0.999620461808,1.)) 
REPRESENTATION_ITEM('') );
#8341 = CARTESIAN_POINT('',(0.936485782,-2.333719353,-11.99886171));
#8342 = CARTESIAN_POINT('',(0.929270867,-2.322494509,-11.999620426));
#8343 = CARTESIAN_POINT('',(0.922043605,-2.311250457,-12.));
#8344 = CARTESIAN_POINT('',(0.914812226,-2.3,-12.));
#8345 = PCURVE('',#8325,#8346);
#8346 = DEFINITIONAL_REPRESENTATION('',(#8347),#8351);
#8347 = B_SPLINE_CURVE_WITH_KNOTS('',2,(#8348,#8349,#8350),
  .UNSPECIFIED.,.F.,.F.,(3,3),(0.,1.),.PIECEWISE_BEZIER_KNOTS.);
#8348 = CARTESIAN_POINT('',(0.,1.13829E-03));
#8349 = CARTESIAN_POINT('',(3.2711012E-02,0.));
#8350 = CARTESIAN_POINT('',(6.5496664E-02,0.));
#8351 = ( GEOMETRIC_REPRESENTATION_CONTEXT(2) 
PARAMETRIC_REPRESENTATION_CONTEXT() REPRESENTATION_CONTEXT('2D SPACE',''
  ) );
#8352 = ORIENTED_EDGE('',*,*,#8353,.T.);
#8353 = EDGE_CURVE('',#8337,#8354,#8356,.T.);
#8354 = VERTEX_POINT('',#8355);
#8355 = CARTESIAN_POINT('',(0.60557494,-1.818893847,-12.));
#8356 = SURFACE_CURVE('',#8357,(#8361),.PCURVE_S1.);
#8357 = LINE('',#8358,#8359);
#8358 = CARTESIAN_POINT('',(0.914812226,-2.3,-12.));
#8359 = VECTOR('',#8360,1.);
#8360 = DIRECTION('',(-0.540701617755,0.841214455747,0.));
#8361 = PCURVE('',#8325,#8362);
#8362 = DEFINITIONAL_REPRESENTATION('',(#8363),#8366);
#8363 = B_SPLINE_CURVE_WITH_KNOTS('',1,(#8364,#8365),.UNSPECIFIED.,.F.,
  .F.,(2,2),(0.,0.571918551463),.PIECEWISE_BEZIER_KNOTS.);
#8364 = CARTESIAN_POINT('',(6.5496664E-02,0.));
#8365 = CARTESIAN_POINT('',(1.,0.));
#8366 = ( GEOMETRIC_REPRESENTATION_CONTEXT(2) 
PARAMETRIC_REPRESENTATION_CONTEXT() REPRESENTATION_CONTEXT('2D SPACE',''
  ) );
#8367 = ORIENTED_EDGE('',*,*,#8368,.T.);
#8368 = EDGE_CURVE('',#8354,#8369,#8371,.T.);
#8369 = VERTEX_POINT('',#8370);
#8370 = CARTESIAN_POINT('',(0.60557494,-1.818893847,-11.));
#8371 = SURFACE_CURVE('',#8372,(#8376),.PCURVE_S1.);
#8372 = LINE('',#8373,#8374);
#8373 = CARTESIAN_POINT('',(0.60557494,-1.818893847,-12.));
#8374 = VECTOR('',#8375,1.);
#8375 = DIRECTION('',(0.,0.,1.));
#8376 = PCURVE('',#8325,#8377);
#8377 = DEFINITIONAL_REPRESENTATION('',(#8378),#8381);
#8378 = B_SPLINE_CURVE_WITH_KNOTS('',1,(#8379,#8380),.UNSPECIFIED.,.F.,
  .F.,(2,2),(0.,1.),.PIECEWISE_BEZIER_KNOTS.);
#8379 = CARTESIAN_POINT('',(1.,0.));
#8380 = CARTESIAN_POINT('',(1.,1.));
#8381 = ( GEOMETRIC_REPRESENTATION_CONTEXT(2) 
PARAMETRIC_REPRESENTATION_CONTEXT() REPRESENTATION_CONTEXT('2D SPACE',''
  ) );
#8382 = ORIENTED_EDGE('',*,*,#8383,.T.);
#8383 = EDGE_CURVE('',#8369,#8384,#8386,.T.);
#8384 = VERTEX_POINT('',#8385);
#8385 = CARTESIAN_POINT('',(0.914812226,-2.3,-11.));
#8386 = SURFACE_CURVE('',#8387,(#8391),.PCURVE_S1.);
#8387 = LINE('',#8388,#8389);
#8388 = CARTESIAN_POINT('',(0.60557494,-1.818893847,-11.));
#8389 = VECTOR('',#8390,1.);
#8390 = DIRECTION('',(0.540701617755,-0.841214455747,0.));
#8391 = PCURVE('',#8325,#8392);
#8392 = DEFINITIONAL_REPRESENTATION('',(#8393),#8396);
#8393 = B_SPLINE_CURVE_WITH_KNOTS('',1,(#8394,#8395),.UNSPECIFIED.,.F.,
  .F.,(2,2),(0.,0.571918551463),.PIECEWISE_BEZIER_KNOTS.);
#8394 = CARTESIAN_POINT('',(1.,1.));
#8395 = CARTESIAN_POINT('',(6.5496664E-02,1.));
#8396 = ( GEOMETRIC_REPRESENTATION_CONTEXT(2) 
PARAMETRIC_REPRESENTATION_CONTEXT() REPRESENTATION_CONTEXT('2D SPACE',''
  ) );
#8397 = ORIENTED_EDGE('',*,*,#8398,.T.);
#8398 = EDGE_CURVE('',#8384,#8315,#8399,.T.);
#8399 = SURFACE_CURVE('',#8400,(#8405),.PCURVE_S1.);
#8400 = ( BOUNDED_CURVE() B_SPLINE_CURVE(3,(#8401,#8402,#8403,#8404),
.UNSPECIFIED.,.F.,.F.) B_SPLINE_CURVE_WITH_KNOTS((4,4),(0.,1.),
.PIECEWISE_BEZIER_KNOTS.) CURVE() GEOMETRIC_REPRESENTATION_ITEM() 
RATIONAL_B_SPLINE_CURVE((1.,0.999620461808,0.999620461808,1.)) 
REPRESENTATION_ITEM('') );
#8401 = CARTESIAN_POINT('',(0.914812226,-2.3,-11.));
#8402 = CARTESIAN_POINT('',(0.922043605,-2.311250457,-11.));
#8403 = CARTESIAN_POINT('',(0.929270867,-2.322494509,-11.000379574));
#8404 = CARTESIAN_POINT('',(0.936485782,-2.333719353,-11.00113829));
#8405 = PCURVE('',#8325,#8406);
#8406 = DEFINITIONAL_REPRESENTATION('',(#8407),#8411);
#8407 = B_SPLINE_CURVE_WITH_KNOTS('',2,(#8408,#8409,#8410),
  .UNSPECIFIED.,.F.,.F.,(3,3),(0.,1.),.PIECEWISE_BEZIER_KNOTS.);
#8408 = CARTESIAN_POINT('',(6.5496664E-02,1.));
#8409 = CARTESIAN_POINT('',(3.2711012E-02,1.));
#8410 = CARTESIAN_POINT('',(0.,0.99886171));
#8411 = ( GEOMETRIC_REPRESENTATION_CONTEXT(2) 
PARAMETRIC_REPRESENTATION_CONTEXT() REPRESENTATION_CONTEXT('2D SPACE',''
  ) );
#8412 = ( GEOMETRIC_REPRESENTATION_CONTEXT(3) 
GLOBAL_UNCERTAINTY_ASSIGNED_CONTEXT((#8416)) 
GLOBAL_UNIT_ASSIGNED_CONTEXT((#8413,#8414,#8415)) REPRESENTATION_CONTEXT
('Context #1','3D Context with UNIT and UNCERTAINTY') );
#8413 = ( LENGTH_UNIT() NAMED_UNIT(*) SI_UNIT(.MILLI.,.METRE.) );
#8414 = ( NAMED_UNIT(*) PLANE_ANGLE_UNIT() SI_UNIT($,.RADIAN.) );
#8415 = ( NAMED_UNIT(*) SI_UNIT($,.STERADIAN.) SOLID_ANGLE_UNIT() );
#8416 = UNCERTAINTY_MEASURE_WITH_UNIT(LENGTH_MEASURE(1.E-06),#8413,
  'distance_accuracy_value','confusion accuracy');
#8417 = SHAPE_DEFINITION_REPRESENTATION(#8418,#8307);
#8418 = PRODUCT_DEFINITION_SHAPE('','',#8419);
#8419 = PRODUCT_DEFINITION('design','',#8420,#8423);
#8420 = PRODUCT_DEFINITION_FORMATION('','',#8421);
#8421 = PRODUCT('eMachineShop.48',
  'eMachineShop.48','',(#8422));
#8422 = PRODUCT_CONTEXT('',#2,'mechanical');
#8423 = PRODUCT_DEFINITION_CONTEXT('part definition',#2,'design');
#8424 = CONTEXT_DEPENDENT_SHAPE_REPRESENTATION(#8425,#8427);
#8425 = ( REPRESENTATION_RELATIONSHIP('','',#8307,#10) 
REPRESENTATION_RELATIONSHIP_WITH_TRANSFORMATION(#8426) 
SHAPE_REPRESENTATION_RELATIONSHIP() );
#8426 = ITEM_DEFINED_TRANSFORMATION('','',#11,#203);
#8427 = PRODUCT_DEFINITION_SHAPE('Placement','Placement of an item',
  #8428);
#8428 = NEXT_ASSEMBLY_USAGE_OCCURRENCE('48','','',#5,#8419,$);
#8429 = PRODUCT_RELATED_PRODUCT_CATEGORY('part',$,(#8421));
#8430 = MANIFOLD_SURFACE_SHAPE_REPRESENTATION('',(#11,#8431),#8506);
#8431 = SHELL_BASED_SURFACE_MODEL('',(#8432));
#8432 = OPEN_SHELL('',(#8433));
#8433 = ADVANCED_FACE('',(#8434),#8448,.T.);
#8434 = FACE_BOUND('',#8435,.T.);
#8435 = EDGE_LOOP('',(#8436,#8461,#8477,#8492));
#8436 = ORIENTED_EDGE('',*,*,#8437,.F.);
#8437 = EDGE_CURVE('',#8438,#8440,#8442,.T.);
#8438 = VERTEX_POINT('',#8439);
#8439 = CARTESIAN_POINT('',(0.549999999962,-1.629648281229,-11.));
#8440 = VERTEX_POINT('',#8441);
#8441 = CARTESIAN_POINT('',(0.55,-1.629648281,-12.));
#8442 = SURFACE_CURVE('',#8443,(#8447),.PCURVE_S1.);
#8443 = LINE('',#8444,#8445);
#8444 = CARTESIAN_POINT('',(0.55,-1.629648281,-11.));
#8445 = VECTOR('',#8446,1.);
#8446 = DIRECTION('',(0.,0.,-1.));
#8447 = PCURVE('',#8448,#8456);
#8448 = SURFACE_OF_REVOLUTION('',#8449,#8453);
#8449 = LINE('',#8450,#8451);
#8450 = CARTESIAN_POINT('',(0.55,-1.629648281,-11.));
#8451 = VECTOR('',#8452,1.);
#8452 = DIRECTION('',(0.,0.,-1.));
#8453 = AXIS1_PLACEMENT('',#8454,#8455);
#8454 = CARTESIAN_POINT('',(0.9,-1.629648281,-11.));
#8455 = DIRECTION('',(0.,0.,1.));
#8456 = DEFINITIONAL_REPRESENTATION('',(#8457),#8460);
#8457 = B_SPLINE_CURVE_WITH_KNOTS('',1,(#8458,#8459),.UNSPECIFIED.,.F.,
  .F.,(2,2),(0.,1.),.PIECEWISE_BEZIER_KNOTS.);
#8458 = CARTESIAN_POINT('',(1.795896764634E-10,-3.987612989802E-26));
#8459 = CARTESIAN_POINT('',(1.795896764634E-10,1.));
#8460 = ( GEOMETRIC_REPRESENTATION_CONTEXT(2) 
PARAMETRIC_REPRESENTATION_CONTEXT() REPRESENTATION_CONTEXT('2D SPACE',''
  ) );
#8461 = ORIENTED_EDGE('',*,*,#8462,.F.);
#8462 = EDGE_CURVE('',#8463,#8438,#8465,.T.);
#8463 = VERTEX_POINT('',#8464);
#8464 = CARTESIAN_POINT('',(0.605574940204,-1.818893847115,-11.));
#8465 = SURFACE_CURVE('',#8466,(#8471),.PCURVE_S1.);
#8466 = CIRCLE('',#8467,0.35);
#8467 = AXIS2_PLACEMENT_3D('',#8468,#8469,#8470);
#8468 = CARTESIAN_POINT('',(0.899999999924,-1.629648281022,-11.));
#8469 = DIRECTION('',(0.,6.982962677686E-15,-1.));
#8470 = DIRECTION('',(-0.84121445576,-0.540701617734,-3.775699216404E-15
    ));
#8471 = PCURVE('',#8448,#8472);
#8472 = DEFINITIONAL_REPRESENTATION('',(#8473),#8476);
#8473 = B_SPLINE_CURVE_WITH_KNOTS('',1,(#8474,#8475),.UNSPECIFIED.,.F.,
  .F.,(2,2),(0.,0.571270938153),.PIECEWISE_BEZIER_KNOTS.);
#8474 = CARTESIAN_POINT('',(0.57127093918,-1.268476299953E-16));
#8475 = CARTESIAN_POINT('',(1.795896764634E-10,-3.987612989802E-26));
#8476 = ( GEOMETRIC_REPRESENTATION_CONTEXT(2) 
PARAMETRIC_REPRESENTATION_CONTEXT() REPRESENTATION_CONTEXT('2D SPACE',''
  ) );
#8477 = ORIENTED_EDGE('',*,*,#8478,.F.);
#8478 = EDGE_CURVE('',#8479,#8463,#8481,.T.);
#8479 = VERTEX_POINT('',#8480);
#8480 = CARTESIAN_POINT('',(0.605574940124,-1.81889384692,-12.));
#8481 = SURFACE_CURVE('',#8482,(#8486),.PCURVE_S1.);
#8482 = LINE('',#8483,#8484);
#8483 = CARTESIAN_POINT('',(0.60557494,-1.818893847,-12.));
#8484 = VECTOR('',#8485,1.);
#8485 = DIRECTION('',(0.,0.,1.));
#8486 = PCURVE('',#8448,#8487);
#8487 = DEFINITIONAL_REPRESENTATION('',(#8488),#8491);
#8488 = B_SPLINE_CURVE_WITH_KNOTS('',1,(#8489,#8490),.UNSPECIFIED.,.F.,
  .F.,(2,2),(0.,1.),.PIECEWISE_BEZIER_KNOTS.);
#8489 = CARTESIAN_POINT('',(0.57127093918,1.));
#8490 = CARTESIAN_POINT('',(0.57127093918,-1.268476299953E-16));
#8491 = ( GEOMETRIC_REPRESENTATION_CONTEXT(2) 
PARAMETRIC_REPRESENTATION_CONTEXT() REPRESENTATION_CONTEXT('2D SPACE',''
  ) );
#8492 = ORIENTED_EDGE('',*,*,#8493,.F.);
#8493 = EDGE_CURVE('',#8440,#8479,#8494,.T.);
#8494 = SURFACE_CURVE('',#8495,(#8500),.PCURVE_S1.);
#8495 = CIRCLE('',#8496,0.35);
#8496 = AXIS2_PLACEMENT_3D('',#8497,#8498,#8499);
#8497 = CARTESIAN_POINT('',(0.9,-1.629648281,-12.));
#8498 = DIRECTION('',(0.,0.,1.));
#8499 = DIRECTION('',(1.,0.,-0.));
#8500 = PCURVE('',#8448,#8501);
#8501 = DEFINITIONAL_REPRESENTATION('',(#8502),#8505);
#8502 = B_SPLINE_CURVE_WITH_KNOTS('',1,(#8503,#8504),.UNSPECIFIED.,.F.,
  .F.,(2,2),(3.14159265359,3.712863591743),.PIECEWISE_BEZIER_KNOTS.);
#8503 = CARTESIAN_POINT('',(1.795896764634E-10,1.));
#8504 = CARTESIAN_POINT('',(0.57127093918,1.));
#8505 = ( GEOMETRIC_REPRESENTATION_CONTEXT(2) 
PARAMETRIC_REPRESENTATION_CONTEXT() REPRESENTATION_CONTEXT('2D SPACE',''
  ) );
#8506 = ( GEOMETRIC_REPRESENTATION_CONTEXT(3) 
GLOBAL_UNCERTAINTY_ASSIGNED_CONTEXT((#8510)) 
GLOBAL_UNIT_ASSIGNED_CONTEXT((#8507,#8508,#8509)) REPRESENTATION_CONTEXT
('Context #1','3D Context with UNIT and UNCERTAINTY') );
#8507 = ( LENGTH_UNIT() NAMED_UNIT(*) SI_UNIT(.MILLI.,.METRE.) );
#8508 = ( NAMED_UNIT(*) PLANE_ANGLE_UNIT() SI_UNIT($,.RADIAN.) );
#8509 = ( NAMED_UNIT(*) SI_UNIT($,.STERADIAN.) SOLID_ANGLE_UNIT() );
#8510 = UNCERTAINTY_MEASURE_WITH_UNIT(LENGTH_MEASURE(1.E-07),#8507,
  'distance_accuracy_value','confusion accuracy');
#8511 = SHAPE_DEFINITION_REPRESENTATION(#8512,#8430);
#8512 = PRODUCT_DEFINITION_SHAPE('','',#8513);
#8513 = PRODUCT_DEFINITION('design','',#8514,#8517);
#8514 = PRODUCT_DEFINITION_FORMATION('','',#8515);
#8515 = PRODUCT('eMachineShop.49',
  'eMachineShop.49','',(#8516));
#8516 = PRODUCT_CONTEXT('',#2,'mechanical');
#8517 = PRODUCT_DEFINITION_CONTEXT('part definition',#2,'design');
#8518 = CONTEXT_DEPENDENT_SHAPE_REPRESENTATION(#8519,#8521);
#8519 = ( REPRESENTATION_RELATIONSHIP('','',#8430,#10) 
REPRESENTATION_RELATIONSHIP_WITH_TRANSFORMATION(#8520) 
SHAPE_REPRESENTATION_RELATIONSHIP() );
#8520 = ITEM_DEFINED_TRANSFORMATION('','',#11,#207);
#8521 = PRODUCT_DEFINITION_SHAPE('Placement','Placement of an item',
  #8522);
#8522 = NEXT_ASSEMBLY_USAGE_OCCURRENCE('49','','',#5,#8513,$);
#8523 = PRODUCT_RELATED_PRODUCT_CATEGORY('part',$,(#8515));
#8524 = MANIFOLD_SURFACE_SHAPE_REPRESENTATION('',(#11,#8525),#8595);
#8525 = SHELL_BASED_SURFACE_MODEL('',(#8526));
#8526 = OPEN_SHELL('',(#8527));
#8527 = ADVANCED_FACE('',(#8528),#8542,.T.);
#8528 = FACE_BOUND('',#8529,.T.);
#8529 = EDGE_LOOP('',(#8530,#8552,#8567,#8582));
#8530 = ORIENTED_EDGE('',*,*,#8531,.T.);
#8531 = EDGE_CURVE('',#8532,#8534,#8536,.T.);
#8532 = VERTEX_POINT('',#8533);
#8533 = CARTESIAN_POINT('',(0.625500306,-1.412507963,-12.));
#8534 = VERTEX_POINT('',#8535);
#8535 = CARTESIAN_POINT('',(0.913713937,-1.048160364,-12.));
#8536 = SURFACE_CURVE('',#8537,(#8541),.PCURVE_S1.);
#8537 = LINE('',#8538,#8539);
#8538 = CARTESIAN_POINT('',(0.625500306,-1.412507963,-12.));
#8539 = VECTOR('',#8540,1.);
#8540 = DIRECTION('',(0.620400909345,0.784284840912,0.));
#8541 = PCURVE('',#8542,#8547);
#8542 = B_SPLINE_SURFACE_WITH_KNOTS('',1,1,(
    (#8543,#8544)
    ,(#8545,#8546
    )),.UNSPECIFIED.,.F.,.F.,.F.,(2,2),(2,2),(0.,1.),(0.,1.),
  .PIECEWISE_BEZIER_KNOTS.);
#8543 = CARTESIAN_POINT('',(0.625500306,-1.412507963,-12.));
#8544 = CARTESIAN_POINT('',(0.625500306,-1.412507963,-11.));
#8545 = CARTESIAN_POINT('',(0.913713937,-1.048160364,-12.));
#8546 = CARTESIAN_POINT('',(0.913713937,-1.048160364,-11.));
#8547 = DEFINITIONAL_REPRESENTATION('',(#8548),#8551);
#8548 = B_SPLINE_CURVE_WITH_KNOTS('',1,(#8549,#8550),.UNSPECIFIED.,.F.,
  .F.,(2,2),(0.,0.464560297476),.PIECEWISE_BEZIER_KNOTS.);
#8549 = CARTESIAN_POINT('',(0.,0.));
#8550 = CARTESIAN_POINT('',(1.,0.));
#8551 = ( GEOMETRIC_REPRESENTATION_CONTEXT(2) 
PARAMETRIC_REPRESENTATION_CONTEXT() REPRESENTATION_CONTEXT('2D SPACE',''
  ) );
#8552 = ORIENTED_EDGE('',*,*,#8553,.T.);
#8553 = EDGE_CURVE('',#8534,#8554,#8556,.T.);
#8554 = VERTEX_POINT('',#8555);
#8555 = CARTESIAN_POINT('',(0.913713937,-1.048160364,-11.));
#8556 = SURFACE_CURVE('',#8557,(#8561),.PCURVE_S1.);
#8557 = LINE('',#8558,#8559);
#8558 = CARTESIAN_POINT('',(0.913713937,-1.048160364,-12.));
#8559 = VECTOR('',#8560,1.);
#8560 = DIRECTION('',(0.,0.,1.));
#8561 = PCURVE('',#8542,#8562);
#8562 = DEFINITIONAL_REPRESENTATION('',(#8563),#8566);
#8563 = B_SPLINE_CURVE_WITH_KNOTS('',1,(#8564,#8565),.UNSPECIFIED.,.F.,
  .F.,(2,2),(0.,1.),.PIECEWISE_BEZIER_KNOTS.);
#8564 = CARTESIAN_POINT('',(1.,0.));
#8565 = CARTESIAN_POINT('',(1.,1.));
#8566 = ( GEOMETRIC_REPRESENTATION_CONTEXT(2) 
PARAMETRIC_REPRESENTATION_CONTEXT() REPRESENTATION_CONTEXT('2D SPACE',''
  ) );
#8567 = ORIENTED_EDGE('',*,*,#8568,.T.);
#8568 = EDGE_CURVE('',#8554,#8569,#8571,.T.);
#8569 = VERTEX_POINT('',#8570);
#8570 = CARTESIAN_POINT('',(0.625500306,-1.412507963,-11.));
#8571 = SURFACE_CURVE('',#8572,(#8576),.PCURVE_S1.);
#8572 = LINE('',#8573,#8574);
#8573 = CARTESIAN_POINT('',(0.913713937,-1.048160364,-11.));
#8574 = VECTOR('',#8575,1.);
#8575 = DIRECTION('',(-0.620400909345,-0.784284840912,0.));
#8576 = PCURVE('',#8542,#8577);
#8577 = DEFINITIONAL_REPRESENTATION('',(#8578),#8581);
#8578 = B_SPLINE_CURVE_WITH_KNOTS('',1,(#8579,#8580),.UNSPECIFIED.,.F.,
  .F.,(2,2),(0.,0.464560297476),.PIECEWISE_BEZIER_KNOTS.);
#8579 = CARTESIAN_POINT('',(1.,1.));
#8580 = CARTESIAN_POINT('',(0.,1.));
#8581 = ( GEOMETRIC_REPRESENTATION_CONTEXT(2) 
PARAMETRIC_REPRESENTATION_CONTEXT() REPRESENTATION_CONTEXT('2D SPACE',''
  ) );
#8582 = ORIENTED_EDGE('',*,*,#8583,.T.);
#8583 = EDGE_CURVE('',#8569,#8532,#8584,.T.);
#8584 = SURFACE_CURVE('',#8585,(#8589),.PCURVE_S1.);
#8585 = LINE('',#8586,#8587);
#8586 = CARTESIAN_POINT('',(0.625500306,-1.412507963,-11.));
#8587 = VECTOR('',#8588,1.);
#8588 = DIRECTION('',(0.,0.,-1.));
#8589 = PCURVE('',#8542,#8590);
#8590 = DEFINITIONAL_REPRESENTATION('',(#8591),#8594);
#8591 = B_SPLINE_CURVE_WITH_KNOTS('',1,(#8592,#8593),.UNSPECIFIED.,.F.,
  .F.,(2,2),(0.,1.),.PIECEWISE_BEZIER_KNOTS.);
#8592 = CARTESIAN_POINT('',(0.,1.));
#8593 = CARTESIAN_POINT('',(0.,0.));
#8594 = ( GEOMETRIC_REPRESENTATION_CONTEXT(2) 
PARAMETRIC_REPRESENTATION_CONTEXT() REPRESENTATION_CONTEXT('2D SPACE',''
  ) );
#8595 = ( GEOMETRIC_REPRESENTATION_CONTEXT(3) 
GLOBAL_UNCERTAINTY_ASSIGNED_CONTEXT((#8599)) 
GLOBAL_UNIT_ASSIGNED_CONTEXT((#8596,#8597,#8598)) REPRESENTATION_CONTEXT
('Context #1','3D Context with UNIT and UNCERTAINTY') );
#8596 = ( LENGTH_UNIT() NAMED_UNIT(*) SI_UNIT(.MILLI.,.METRE.) );
#8597 = ( NAMED_UNIT(*) PLANE_ANGLE_UNIT() SI_UNIT($,.RADIAN.) );
#8598 = ( NAMED_UNIT(*) SI_UNIT($,.STERADIAN.) SOLID_ANGLE_UNIT() );
#8599 = UNCERTAINTY_MEASURE_WITH_UNIT(LENGTH_MEASURE(1.E-07),#8596,
  'distance_accuracy_value','confusion accuracy');
#8600 = SHAPE_DEFINITION_REPRESENTATION(#8601,#8524);
#8601 = PRODUCT_DEFINITION_SHAPE('','',#8602);
#8602 = PRODUCT_DEFINITION('design','',#8603,#8606);
#8603 = PRODUCT_DEFINITION_FORMATION('','',#8604);
#8604 = PRODUCT('eMachineShop.50',
  'eMachineShop.50','',(#8605));
#8605 = PRODUCT_CONTEXT('',#2,'mechanical');
#8606 = PRODUCT_DEFINITION_CONTEXT('part definition',#2,'design');
#8607 = CONTEXT_DEPENDENT_SHAPE_REPRESENTATION(#8608,#8610);
#8608 = ( REPRESENTATION_RELATIONSHIP('','',#8524,#10) 
REPRESENTATION_RELATIONSHIP_WITH_TRANSFORMATION(#8609) 
SHAPE_REPRESENTATION_RELATIONSHIP() );
#8609 = ITEM_DEFINED_TRANSFORMATION('','',#11,#211);
#8610 = PRODUCT_DEFINITION_SHAPE('Placement','Placement of an item',
  #8611);
#8611 = NEXT_ASSEMBLY_USAGE_OCCURRENCE('50','','',#5,#8602,$);
#8612 = PRODUCT_RELATED_PRODUCT_CATEGORY('part',$,(#8604));
#8613 = MANIFOLD_SURFACE_SHAPE_REPRESENTATION('',(#11,#8614),#8689);
#8614 = SHELL_BASED_SURFACE_MODEL('',(#8615));
#8615 = OPEN_SHELL('',(#8616));
#8616 = ADVANCED_FACE('',(#8617),#8631,.T.);
#8617 = FACE_BOUND('',#8618,.T.);
#8618 = EDGE_LOOP('',(#8619,#8644,#8660,#8675));
#8619 = ORIENTED_EDGE('',*,*,#8620,.F.);
#8620 = EDGE_CURVE('',#8621,#8623,#8625,.T.);
#8621 = VERTEX_POINT('',#8622);
#8622 = CARTESIAN_POINT('',(0.913713936741,-1.048160363795,-11.));
#8623 = VERTEX_POINT('',#8624);
#8624 = CARTESIAN_POINT('',(0.913713937,-1.048160364,-12.));
#8625 = SURFACE_CURVE('',#8626,(#8630),.PCURVE_S1.);
#8626 = LINE('',#8627,#8628);
#8627 = CARTESIAN_POINT('',(0.913713937,-1.048160364,-11.));
#8628 = VECTOR('',#8629,1.);
#8629 = DIRECTION('',(0.,0.,-1.));
#8630 = PCURVE('',#8631,#8639);
#8631 = SURFACE_OF_REVOLUTION('',#8632,#8636);
#8632 = LINE('',#8633,#8634);
#8633 = CARTESIAN_POINT('',(0.2,-0.8,-11.));
#8634 = VECTOR('',#8635,1.);
#8635 = DIRECTION('',(0.,0.,-1.));
#8636 = AXIS1_PLACEMENT('',#8637,#8638);
#8637 = CARTESIAN_POINT('',(0.6,-0.8,-11.));
#8638 = DIRECTION('',(0.,0.,1.));
#8639 = DEFINITIONAL_REPRESENTATION('',(#8640),#8643);
#8640 = B_SPLINE_CURVE_WITH_KNOTS('',1,(#8641,#8642),.UNSPECIFIED.,.F.,
  .F.,(2,2),(0.,1.),.PIECEWISE_BEZIER_KNOTS.);
#8641 = CARTESIAN_POINT('',(2.47233887618,-5.489695090021E-16));
#8642 = CARTESIAN_POINT('',(2.47233887618,1.));
#8643 = ( GEOMETRIC_REPRESENTATION_CONTEXT(2) 
PARAMETRIC_REPRESENTATION_CONTEXT() REPRESENTATION_CONTEXT('2D SPACE',''
  ) );
#8644 = ORIENTED_EDGE('',*,*,#8645,.F.);
#8645 = EDGE_CURVE('',#8646,#8621,#8648,.T.);
#8646 = VERTEX_POINT('',#8647);
#8647 = CARTESIAN_POINT('',(1.,-0.8,-11.));
#8648 = SURFACE_CURVE('',#8649,(#8654),.PCURVE_S1.);
#8649 = CIRCLE('',#8650,0.4);
#8650 = AXIS2_PLACEMENT_3D('',#8651,#8652,#8653);
#8651 = CARTESIAN_POINT('',(0.6,-0.8,-11.));
#8652 = DIRECTION('',(-4.332236391274E-15,-5.476631775835E-15,-1.));
#8653 = DIRECTION('',(1.,-1.42108547152E-14,-4.332236391274E-15));
#8654 = PCURVE('',#8631,#8655);
#8655 = DEFINITIONAL_REPRESENTATION('',(#8656),#8659);
#8656 = B_SPLINE_CURVE_WITH_KNOTS('',1,(#8657,#8658),.UNSPECIFIED.,.F.,
  .F.,(2,2),(0.,0.669253777684),.PIECEWISE_BEZIER_KNOTS.);
#8657 = CARTESIAN_POINT('',(3.14159265318,-6.975736995106E-16));
#8658 = CARTESIAN_POINT('',(2.47233887618,-5.489695090021E-16));
#8659 = ( GEOMETRIC_REPRESENTATION_CONTEXT(2) 
PARAMETRIC_REPRESENTATION_CONTEXT() REPRESENTATION_CONTEXT('2D SPACE',''
  ) );
#8660 = ORIENTED_EDGE('',*,*,#8661,.F.);
#8661 = EDGE_CURVE('',#8662,#8646,#8664,.T.);
#8662 = VERTEX_POINT('',#8663);
#8663 = CARTESIAN_POINT('',(1.00000000033,-0.8,-12.));
#8664 = SURFACE_CURVE('',#8665,(#8669),.PCURVE_S1.);
#8665 = LINE('',#8666,#8667);
#8666 = CARTESIAN_POINT('',(1.,-0.8,-12.));
#8667 = VECTOR('',#8668,1.);
#8668 = DIRECTION('',(0.,0.,1.));
#8669 = PCURVE('',#8631,#8670);
#8670 = DEFINITIONAL_REPRESENTATION('',(#8671),#8674);
#8671 = B_SPLINE_CURVE_WITH_KNOTS('',1,(#8672,#8673),.UNSPECIFIED.,.F.,
  .F.,(2,2),(0.,1.),.PIECEWISE_BEZIER_KNOTS.);
#8672 = CARTESIAN_POINT('',(3.14159265318,1.));
#8673 = CARTESIAN_POINT('',(3.14159265318,-6.975736995106E-16));
#8674 = ( GEOMETRIC_REPRESENTATION_CONTEXT(2) 
PARAMETRIC_REPRESENTATION_CONTEXT() REPRESENTATION_CONTEXT('2D SPACE',''
  ) );
#8675 = ORIENTED_EDGE('',*,*,#8676,.F.);
#8676 = EDGE_CURVE('',#8623,#8662,#8677,.T.);
#8677 = SURFACE_CURVE('',#8678,(#8683),.PCURVE_S1.);
#8678 = CIRCLE('',#8679,0.400000000661);
#8679 = AXIS2_PLACEMENT_3D('',#8680,#8681,#8682);
#8680 = CARTESIAN_POINT('',(0.6,-0.8,-12.));
#8681 = DIRECTION('',(0.,0.,1.));
#8682 = DIRECTION('',(1.,0.,-0.));
#8683 = PCURVE('',#8631,#8684);
#8684 = DEFINITIONAL_REPRESENTATION('',(#8685),#8688);
#8685 = B_SPLINE_CURVE_WITH_KNOTS('',1,(#8686,#8687),.UNSPECIFIED.,.F.,
  .F.,(2,2),(5.613931529495,6.28318530718),.PIECEWISE_BEZIER_KNOTS.);
#8686 = CARTESIAN_POINT('',(2.47233887618,1.));
#8687 = CARTESIAN_POINT('',(3.14159265318,1.));
#8688 = ( GEOMETRIC_REPRESENTATION_CONTEXT(2) 
PARAMETRIC_REPRESENTATION_CONTEXT() REPRESENTATION_CONTEXT('2D SPACE',''
  ) );
#8689 = ( GEOMETRIC_REPRESENTATION_CONTEXT(3) 
GLOBAL_UNCERTAINTY_ASSIGNED_CONTEXT((#8693)) 
GLOBAL_UNIT_ASSIGNED_CONTEXT((#8690,#8691,#8692)) REPRESENTATION_CONTEXT
('Context #1','3D Context with UNIT and UNCERTAINTY') );
#8690 = ( LENGTH_UNIT() NAMED_UNIT(*) SI_UNIT(.MILLI.,.METRE.) );
#8691 = ( NAMED_UNIT(*) PLANE_ANGLE_UNIT() SI_UNIT($,.RADIAN.) );
#8692 = ( NAMED_UNIT(*) SI_UNIT($,.STERADIAN.) SOLID_ANGLE_UNIT() );
#8693 = UNCERTAINTY_MEASURE_WITH_UNIT(LENGTH_MEASURE(1.E-07),#8690,
  'distance_accuracy_value','confusion accuracy');
#8694 = SHAPE_DEFINITION_REPRESENTATION(#8695,#8613);
#8695 = PRODUCT_DEFINITION_SHAPE('','',#8696);
#8696 = PRODUCT_DEFINITION('design','',#8697,#8700);
#8697 = PRODUCT_DEFINITION_FORMATION('','',#8698);
#8698 = PRODUCT('eMachineShop.51',
  'eMachineShop.51','',(#8699));
#8699 = PRODUCT_CONTEXT('',#2,'mechanical');
#8700 = PRODUCT_DEFINITION_CONTEXT('part definition',#2,'design');
#8701 = CONTEXT_DEPENDENT_SHAPE_REPRESENTATION(#8702,#8704);
#8702 = ( REPRESENTATION_RELATIONSHIP('','',#8613,#10) 
REPRESENTATION_RELATIONSHIP_WITH_TRANSFORMATION(#8703) 
SHAPE_REPRESENTATION_RELATIONSHIP() );
#8703 = ITEM_DEFINED_TRANSFORMATION('','',#11,#215);
#8704 = PRODUCT_DEFINITION_SHAPE('Placement','Placement of an item',
  #8705);
#8705 = NEXT_ASSEMBLY_USAGE_OCCURRENCE('51','','',#5,#8696,$);
#8706 = PRODUCT_RELATED_PRODUCT_CATEGORY('part',$,(#8698));
#8707 = MANIFOLD_SURFACE_SHAPE_REPRESENTATION('',(#11,#8708),#8778);
#8708 = SHELL_BASED_SURFACE_MODEL('',(#8709));
#8709 = OPEN_SHELL('',(#8710));
#8710 = ADVANCED_FACE('',(#8711),#8725,.T.);
#8711 = FACE_BOUND('',#8712,.T.);
#8712 = EDGE_LOOP('',(#8713,#8735,#8750,#8765));
#8713 = ORIENTED_EDGE('',*,*,#8714,.T.);
#8714 = EDGE_CURVE('',#8715,#8717,#8719,.T.);
#8715 = VERTEX_POINT('',#8716);
#8716 = CARTESIAN_POINT('',(1.,-0.8,-12.));
#8717 = VERTEX_POINT('',#8718);
#8718 = CARTESIAN_POINT('',(1.,0.4,-12.));
#8719 = SURFACE_CURVE('',#8720,(#8724),.PCURVE_S1.);
#8720 = LINE('',#8721,#8722);
#8721 = CARTESIAN_POINT('',(1.,-0.8,-12.));
#8722 = VECTOR('',#8723,1.);
#8723 = DIRECTION('',(0.,1.,0.));
#8724 = PCURVE('',#8725,#8730);
#8725 = B_SPLINE_SURFACE_WITH_KNOTS('',1,1,(
    (#8726,#8727)
    ,(#8728,#8729
    )),.UNSPECIFIED.,.F.,.F.,.F.,(2,2),(2,2),(0.,1.),(0.,1.),
  .PIECEWISE_BEZIER_KNOTS.);
#8726 = CARTESIAN_POINT('',(1.,-0.8,-12.));
#8727 = CARTESIAN_POINT('',(1.,-0.8,-11.));
#8728 = CARTESIAN_POINT('',(1.,0.4,-12.));
#8729 = CARTESIAN_POINT('',(1.,0.4,-11.));
#8730 = DEFINITIONAL_REPRESENTATION('',(#8731),#8734);
#8731 = B_SPLINE_CURVE_WITH_KNOTS('',1,(#8732,#8733),.UNSPECIFIED.,.F.,
  .F.,(2,2),(0.,1.2),.PIECEWISE_BEZIER_KNOTS.);
#8732 = CARTESIAN_POINT('',(0.,0.));
#8733 = CARTESIAN_POINT('',(1.,0.));
#8734 = ( GEOMETRIC_REPRESENTATION_CONTEXT(2) 
PARAMETRIC_REPRESENTATION_CONTEXT() REPRESENTATION_CONTEXT('2D SPACE',''
  ) );
#8735 = ORIENTED_EDGE('',*,*,#8736,.T.);
#8736 = EDGE_CURVE('',#8717,#8737,#8739,.T.);
#8737 = VERTEX_POINT('',#8738);
#8738 = CARTESIAN_POINT('',(1.,0.4,-11.));
#8739 = SURFACE_CURVE('',#8740,(#8744),.PCURVE_S1.);
#8740 = LINE('',#8741,#8742);
#8741 = CARTESIAN_POINT('',(1.,0.4,-12.));
#8742 = VECTOR('',#8743,1.);
#8743 = DIRECTION('',(0.,0.,1.));
#8744 = PCURVE('',#8725,#8745);
#8745 = DEFINITIONAL_REPRESENTATION('',(#8746),#8749);
#8746 = B_SPLINE_CURVE_WITH_KNOTS('',1,(#8747,#8748),.UNSPECIFIED.,.F.,
  .F.,(2,2),(0.,1.),.PIECEWISE_BEZIER_KNOTS.);
#8747 = CARTESIAN_POINT('',(1.,0.));
#8748 = CARTESIAN_POINT('',(1.,1.));
#8749 = ( GEOMETRIC_REPRESENTATION_CONTEXT(2) 
PARAMETRIC_REPRESENTATION_CONTEXT() REPRESENTATION_CONTEXT('2D SPACE',''
  ) );
#8750 = ORIENTED_EDGE('',*,*,#8751,.T.);
#8751 = EDGE_CURVE('',#8737,#8752,#8754,.T.);
#8752 = VERTEX_POINT('',#8753);
#8753 = CARTESIAN_POINT('',(1.,-0.8,-11.));
#8754 = SURFACE_CURVE('',#8755,(#8759),.PCURVE_S1.);
#8755 = LINE('',#8756,#8757);
#8756 = CARTESIAN_POINT('',(1.,0.4,-11.));
#8757 = VECTOR('',#8758,1.);
#8758 = DIRECTION('',(0.,-1.,0.));
#8759 = PCURVE('',#8725,#8760);
#8760 = DEFINITIONAL_REPRESENTATION('',(#8761),#8764);
#8761 = B_SPLINE_CURVE_WITH_KNOTS('',1,(#8762,#8763),.UNSPECIFIED.,.F.,
  .F.,(2,2),(0.,1.2),.PIECEWISE_BEZIER_KNOTS.);
#8762 = CARTESIAN_POINT('',(1.,1.));
#8763 = CARTESIAN_POINT('',(0.,1.));
#8764 = ( GEOMETRIC_REPRESENTATION_CONTEXT(2) 
PARAMETRIC_REPRESENTATION_CONTEXT() REPRESENTATION_CONTEXT('2D SPACE',''
  ) );
#8765 = ORIENTED_EDGE('',*,*,#8766,.T.);
#8766 = EDGE_CURVE('',#8752,#8715,#8767,.T.);
#8767 = SURFACE_CURVE('',#8768,(#8772),.PCURVE_S1.);
#8768 = LINE('',#8769,#8770);
#8769 = CARTESIAN_POINT('',(1.,-0.8,-11.));
#8770 = VECTOR('',#8771,1.);
#8771 = DIRECTION('',(0.,0.,-1.));
#8772 = PCURVE('',#8725,#8773);
#8773 = DEFINITIONAL_REPRESENTATION('',(#8774),#8777);
#8774 = B_SPLINE_CURVE_WITH_KNOTS('',1,(#8775,#8776),.UNSPECIFIED.,.F.,
  .F.,(2,2),(0.,1.),.PIECEWISE_BEZIER_KNOTS.);
#8775 = CARTESIAN_POINT('',(0.,1.));
#8776 = CARTESIAN_POINT('',(0.,0.));
#8777 = ( GEOMETRIC_REPRESENTATION_CONTEXT(2) 
PARAMETRIC_REPRESENTATION_CONTEXT() REPRESENTATION_CONTEXT('2D SPACE',''
  ) );
#8778 = ( GEOMETRIC_REPRESENTATION_CONTEXT(3) 
GLOBAL_UNCERTAINTY_ASSIGNED_CONTEXT((#8782)) 
GLOBAL_UNIT_ASSIGNED_CONTEXT((#8779,#8780,#8781)) REPRESENTATION_CONTEXT
('Context #1','3D Context with UNIT and UNCERTAINTY') );
#8779 = ( LENGTH_UNIT() NAMED_UNIT(*) SI_UNIT(.MILLI.,.METRE.) );
#8780 = ( NAMED_UNIT(*) PLANE_ANGLE_UNIT() SI_UNIT($,.RADIAN.) );
#8781 = ( NAMED_UNIT(*) SI_UNIT($,.STERADIAN.) SOLID_ANGLE_UNIT() );
#8782 = UNCERTAINTY_MEASURE_WITH_UNIT(LENGTH_MEASURE(1.E-07),#8779,
  'distance_accuracy_value','confusion accuracy');
#8783 = SHAPE_DEFINITION_REPRESENTATION(#8784,#8707);
#8784 = PRODUCT_DEFINITION_SHAPE('','',#8785);
#8785 = PRODUCT_DEFINITION('design','',#8786,#8789);
#8786 = PRODUCT_DEFINITION_FORMATION('','',#8787);
#8787 = PRODUCT('eMachineShop.52',
  'eMachineShop.52','',(#8788));
#8788 = PRODUCT_CONTEXT('',#2,'mechanical');
#8789 = PRODUCT_DEFINITION_CONTEXT('part definition',#2,'design');
#8790 = CONTEXT_DEPENDENT_SHAPE_REPRESENTATION(#8791,#8793);
#8791 = ( REPRESENTATION_RELATIONSHIP('','',#8707,#10) 
REPRESENTATION_RELATIONSHIP_WITH_TRANSFORMATION(#8792) 
SHAPE_REPRESENTATION_RELATIONSHIP() );
#8792 = ITEM_DEFINED_TRANSFORMATION('','',#11,#219);
#8793 = PRODUCT_DEFINITION_SHAPE('Placement','Placement of an item',
  #8794);
#8794 = NEXT_ASSEMBLY_USAGE_OCCURRENCE('52','','',#5,#8785,$);
#8795 = PRODUCT_RELATED_PRODUCT_CATEGORY('part',$,(#8787));
#8796 = MANIFOLD_SURFACE_SHAPE_REPRESENTATION('',(#11,#8797),#8867);
#8797 = SHELL_BASED_SURFACE_MODEL('',(#8798));
#8798 = OPEN_SHELL('',(#8799));
#8799 = ADVANCED_FACE('',(#8800),#8814,.T.);
#8800 = FACE_BOUND('',#8801,.T.);
#8801 = EDGE_LOOP('',(#8802,#8824,#8839,#8854));
#8802 = ORIENTED_EDGE('',*,*,#8803,.T.);
#8803 = EDGE_CURVE('',#8804,#8806,#8808,.T.);
#8804 = VERTEX_POINT('',#8805);
#8805 = CARTESIAN_POINT('',(0.7,0.4,-12.));
#8806 = VERTEX_POINT('',#8807);
#8807 = CARTESIAN_POINT('',(0.7,-0.8,-12.));
#8808 = SURFACE_CURVE('',#8809,(#8813),.PCURVE_S1.);
#8809 = LINE('',#8810,#8811);
#8810 = CARTESIAN_POINT('',(0.7,0.4,-12.));
#8811 = VECTOR('',#8812,1.);
#8812 = DIRECTION('',(0.,-1.,0.));
#8813 = PCURVE('',#8814,#8819);
#8814 = B_SPLINE_SURFACE_WITH_KNOTS('',1,1,(
    (#8815,#8816)
    ,(#8817,#8818
    )),.UNSPECIFIED.,.F.,.F.,.F.,(2,2),(2,2),(0.,1.),(0.,1.),
  .PIECEWISE_BEZIER_KNOTS.);
#8815 = CARTESIAN_POINT('',(0.7,0.4,-12.));
#8816 = CARTESIAN_POINT('',(0.7,0.4,-11.));
#8817 = CARTESIAN_POINT('',(0.7,-0.8,-12.));
#8818 = CARTESIAN_POINT('',(0.7,-0.8,-11.));
#8819 = DEFINITIONAL_REPRESENTATION('',(#8820),#8823);
#8820 = B_SPLINE_CURVE_WITH_KNOTS('',1,(#8821,#8822),.UNSPECIFIED.,.F.,
  .F.,(2,2),(0.,1.2),.PIECEWISE_BEZIER_KNOTS.);
#8821 = CARTESIAN_POINT('',(0.,0.));
#8822 = CARTESIAN_POINT('',(1.,0.));
#8823 = ( GEOMETRIC_REPRESENTATION_CONTEXT(2) 
PARAMETRIC_REPRESENTATION_CONTEXT() REPRESENTATION_CONTEXT('2D SPACE',''
  ) );
#8824 = ORIENTED_EDGE('',*,*,#8825,.T.);
#8825 = EDGE_CURVE('',#8806,#8826,#8828,.T.);
#8826 = VERTEX_POINT('',#8827);
#8827 = CARTESIAN_POINT('',(0.7,-0.8,-11.));
#8828 = SURFACE_CURVE('',#8829,(#8833),.PCURVE_S1.);
#8829 = LINE('',#8830,#8831);
#8830 = CARTESIAN_POINT('',(0.7,-0.8,-12.));
#8831 = VECTOR('',#8832,1.);
#8832 = DIRECTION('',(0.,0.,1.));
#8833 = PCURVE('',#8814,#8834);
#8834 = DEFINITIONAL_REPRESENTATION('',(#8835),#8838);
#8835 = B_SPLINE_CURVE_WITH_KNOTS('',1,(#8836,#8837),.UNSPECIFIED.,.F.,
  .F.,(2,2),(0.,1.),.PIECEWISE_BEZIER_KNOTS.);
#8836 = CARTESIAN_POINT('',(1.,0.));
#8837 = CARTESIAN_POINT('',(1.,1.));
#8838 = ( GEOMETRIC_REPRESENTATION_CONTEXT(2) 
PARAMETRIC_REPRESENTATION_CONTEXT() REPRESENTATION_CONTEXT('2D SPACE',''
  ) );
#8839 = ORIENTED_EDGE('',*,*,#8840,.T.);
#8840 = EDGE_CURVE('',#8826,#8841,#8843,.T.);
#8841 = VERTEX_POINT('',#8842);
#8842 = CARTESIAN_POINT('',(0.7,0.4,-11.));
#8843 = SURFACE_CURVE('',#8844,(#8848),.PCURVE_S1.);
#8844 = LINE('',#8845,#8846);
#8845 = CARTESIAN_POINT('',(0.7,-0.8,-11.));
#8846 = VECTOR('',#8847,1.);
#8847 = DIRECTION('',(0.,1.,0.));
#8848 = PCURVE('',#8814,#8849);
#8849 = DEFINITIONAL_REPRESENTATION('',(#8850),#8853);
#8850 = B_SPLINE_CURVE_WITH_KNOTS('',1,(#8851,#8852),.UNSPECIFIED.,.F.,
  .F.,(2,2),(0.,1.2),.PIECEWISE_BEZIER_KNOTS.);
#8851 = CARTESIAN_POINT('',(1.,1.));
#8852 = CARTESIAN_POINT('',(0.,1.));
#8853 = ( GEOMETRIC_REPRESENTATION_CONTEXT(2) 
PARAMETRIC_REPRESENTATION_CONTEXT() REPRESENTATION_CONTEXT('2D SPACE',''
  ) );
#8854 = ORIENTED_EDGE('',*,*,#8855,.T.);
#8855 = EDGE_CURVE('',#8841,#8804,#8856,.T.);
#8856 = SURFACE_CURVE('',#8857,(#8861),.PCURVE_S1.);
#8857 = LINE('',#8858,#8859);
#8858 = CARTESIAN_POINT('',(0.7,0.4,-11.));
#8859 = VECTOR('',#8860,1.);
#8860 = DIRECTION('',(0.,0.,-1.));
#8861 = PCURVE('',#8814,#8862);
#8862 = DEFINITIONAL_REPRESENTATION('',(#8863),#8866);
#8863 = B_SPLINE_CURVE_WITH_KNOTS('',1,(#8864,#8865),.UNSPECIFIED.,.F.,
  .F.,(2,2),(0.,1.),.PIECEWISE_BEZIER_KNOTS.);
#8864 = CARTESIAN_POINT('',(0.,1.));
#8865 = CARTESIAN_POINT('',(0.,0.));
#8866 = ( GEOMETRIC_REPRESENTATION_CONTEXT(2) 
PARAMETRIC_REPRESENTATION_CONTEXT() REPRESENTATION_CONTEXT('2D SPACE',''
  ) );
#8867 = ( GEOMETRIC_REPRESENTATION_CONTEXT(3) 
GLOBAL_UNCERTAINTY_ASSIGNED_CONTEXT((#8871)) 
GLOBAL_UNIT_ASSIGNED_CONTEXT((#8868,#8869,#8870)) REPRESENTATION_CONTEXT
('Context #1','3D Context with UNIT and UNCERTAINTY') );
#8868 = ( LENGTH_UNIT() NAMED_UNIT(*) SI_UNIT(.MILLI.,.METRE.) );
#8869 = ( NAMED_UNIT(*) PLANE_ANGLE_UNIT() SI_UNIT($,.RADIAN.) );
#8870 = ( NAMED_UNIT(*) SI_UNIT($,.STERADIAN.) SOLID_ANGLE_UNIT() );
#8871 = UNCERTAINTY_MEASURE_WITH_UNIT(LENGTH_MEASURE(1.E-07),#8868,
  'distance_accuracy_value','confusion accuracy');
#8872 = SHAPE_DEFINITION_REPRESENTATION(#8873,#8796);
#8873 = PRODUCT_DEFINITION_SHAPE('','',#8874);
#8874 = PRODUCT_DEFINITION('design','',#8875,#8878);
#8875 = PRODUCT_DEFINITION_FORMATION('','',#8876);
#8876 = PRODUCT('eMachineShop.53',
  'eMachineShop.53','',(#8877));
#8877 = PRODUCT_CONTEXT('',#2,'mechanical');
#8878 = PRODUCT_DEFINITION_CONTEXT('part definition',#2,'design');
#8879 = CONTEXT_DEPENDENT_SHAPE_REPRESENTATION(#8880,#8882);
#8880 = ( REPRESENTATION_RELATIONSHIP('','',#8796,#10) 
REPRESENTATION_RELATIONSHIP_WITH_TRANSFORMATION(#8881) 
SHAPE_REPRESENTATION_RELATIONSHIP() );
#8881 = ITEM_DEFINED_TRANSFORMATION('','',#11,#223);
#8882 = PRODUCT_DEFINITION_SHAPE('Placement','Placement of an item',
  #8883);
#8883 = NEXT_ASSEMBLY_USAGE_OCCURRENCE('53','','',#5,#8874,$);
#8884 = PRODUCT_RELATED_PRODUCT_CATEGORY('part',$,(#8876));
#8885 = MANIFOLD_SURFACE_SHAPE_REPRESENTATION('',(#11,#8886),#8961);
#8886 = SHELL_BASED_SURFACE_MODEL('',(#8887));
#8887 = OPEN_SHELL('',(#8888));
#8888 = ADVANCED_FACE('',(#8889),#8904,.T.);
#8889 = FACE_BOUND('',#8890,.T.);
#8890 = EDGE_LOOP('',(#8891,#8917,#8932,#8948));
#8891 = ORIENTED_EDGE('',*,*,#8892,.F.);
#8892 = EDGE_CURVE('',#8893,#8895,#8897,.T.);
#8893 = VERTEX_POINT('',#8894);
#8894 = CARTESIAN_POINT('',(0.678428484,-0.862040091,-12.));
#8895 = VERTEX_POINT('',#8896);
#8896 = CARTESIAN_POINT('',(0.699999999985,-0.8,-12.));
#8897 = SURFACE_CURVE('',#8898,(#8903),.PCURVE_S1.);
#8898 = CIRCLE('',#8899,9.999999996913E-02);
#8899 = AXIS2_PLACEMENT_3D('',#8900,#8901,#8902);
#8900 = CARTESIAN_POINT('',(0.6,-0.8,-12.));
#8901 = DIRECTION('',(0.,0.,1.));
#8902 = DIRECTION('',(1.,0.,-0.));
#8903 = PCURVE('',#8904,#8912);
#8904 = SURFACE_OF_REVOLUTION('',#8905,#8909);
#8905 = LINE('',#8906,#8907);
#8906 = CARTESIAN_POINT('',(0.5,-0.8,-11.));
#8907 = VECTOR('',#8908,1.);
#8908 = DIRECTION('',(0.,0.,-1.));
#8909 = AXIS1_PLACEMENT('',#8910,#8911);
#8910 = CARTESIAN_POINT('',(0.6,-0.8,-11.));
#8911 = DIRECTION('',(0.,0.,1.));
#8912 = DEFINITIONAL_REPRESENTATION('',(#8913),#8916);
#8913 = B_SPLINE_CURVE_WITH_KNOTS('',1,(#8914,#8915),.UNSPECIFIED.,.F.,
  .F.,(2,2),(5.613931527944,6.28318530718),.PIECEWISE_BEZIER_KNOTS.);
#8914 = CARTESIAN_POINT('',(2.47233887618,1.));
#8915 = CARTESIAN_POINT('',(3.14159265318,1.));
#8916 = ( GEOMETRIC_REPRESENTATION_CONTEXT(2) 
PARAMETRIC_REPRESENTATION_CONTEXT() REPRESENTATION_CONTEXT('2D SPACE',''
  ) );
#8917 = ORIENTED_EDGE('',*,*,#8918,.F.);
#8918 = EDGE_CURVE('',#8919,#8893,#8921,.T.);
#8919 = VERTEX_POINT('',#8920);
#8920 = CARTESIAN_POINT('',(0.678428484012,-0.86204009101,-11.));
#8921 = SURFACE_CURVE('',#8922,(#8926),.PCURVE_S1.);
#8922 = LINE('',#8923,#8924);
#8923 = CARTESIAN_POINT('',(0.678428484,-0.862040091,-11.));
#8924 = VECTOR('',#8925,1.);
#8925 = DIRECTION('',(0.,0.,-1.));
#8926 = PCURVE('',#8904,#8927);
#8927 = DEFINITIONAL_REPRESENTATION('',(#8928),#8931);
#8928 = B_SPLINE_CURVE_WITH_KNOTS('',1,(#8929,#8930),.UNSPECIFIED.,.F.,
  .F.,(2,2),(0.,1.),.PIECEWISE_BEZIER_KNOTS.);
#8929 = CARTESIAN_POINT('',(2.47233887618,-5.489695090021E-16));
#8930 = CARTESIAN_POINT('',(2.47233887618,1.));
#8931 = ( GEOMETRIC_REPRESENTATION_CONTEXT(2) 
PARAMETRIC_REPRESENTATION_CONTEXT() REPRESENTATION_CONTEXT('2D SPACE',''
  ) );
#8932 = ORIENTED_EDGE('',*,*,#8933,.F.);
#8933 = EDGE_CURVE('',#8934,#8919,#8936,.T.);
#8934 = VERTEX_POINT('',#8935);
#8935 = CARTESIAN_POINT('',(0.7,-0.8,-11.));
#8936 = SURFACE_CURVE('',#8937,(#8942),.PCURVE_S1.);
#8937 = CIRCLE('',#8938,1.E-01);
#8938 = AXIS2_PLACEMENT_3D('',#8939,#8940,#8941);
#8939 = CARTESIAN_POINT('',(0.6,-0.8,-11.));
#8940 = DIRECTION('',(-4.332236391274E-15,-5.476631775835E-15,-1.));
#8941 = DIRECTION('',(1.,-1.482147737875E-14,-4.332236391274E-15));
#8942 = PCURVE('',#8904,#8943);
#8943 = DEFINITIONAL_REPRESENTATION('',(#8944),#8947);
#8944 = B_SPLINE_CURVE_WITH_KNOTS('',1,(#8945,#8946),.UNSPECIFIED.,.F.,
  .F.,(2,2),(0.,0.669253779236),.PIECEWISE_BEZIER_KNOTS.);
#8945 = CARTESIAN_POINT('',(3.14159265318,-6.975736995106E-16));
#8946 = CARTESIAN_POINT('',(2.47233887618,-5.489695090021E-16));
#8947 = ( GEOMETRIC_REPRESENTATION_CONTEXT(2) 
PARAMETRIC_REPRESENTATION_CONTEXT() REPRESENTATION_CONTEXT('2D SPACE',''
  ) );
#8948 = ORIENTED_EDGE('',*,*,#8949,.F.);
#8949 = EDGE_CURVE('',#8895,#8934,#8950,.T.);
#8950 = SURFACE_CURVE('',#8951,(#8955),.PCURVE_S1.);
#8951 = LINE('',#8952,#8953);
#8952 = CARTESIAN_POINT('',(0.7,-0.8,-12.));
#8953 = VECTOR('',#8954,1.);
#8954 = DIRECTION('',(0.,0.,1.));
#8955 = PCURVE('',#8904,#8956);
#8956 = DEFINITIONAL_REPRESENTATION('',(#8957),#8960);
#8957 = B_SPLINE_CURVE_WITH_KNOTS('',1,(#8958,#8959),.UNSPECIFIED.,.F.,
  .F.,(2,2),(0.,1.),.PIECEWISE_BEZIER_KNOTS.);
#8958 = CARTESIAN_POINT('',(3.14159265318,1.));
#8959 = CARTESIAN_POINT('',(3.14159265318,-6.975736995106E-16));
#8960 = ( GEOMETRIC_REPRESENTATION_CONTEXT(2) 
PARAMETRIC_REPRESENTATION_CONTEXT() REPRESENTATION_CONTEXT('2D SPACE',''
  ) );
#8961 = ( GEOMETRIC_REPRESENTATION_CONTEXT(3) 
GLOBAL_UNCERTAINTY_ASSIGNED_CONTEXT((#8965)) 
GLOBAL_UNIT_ASSIGNED_CONTEXT((#8962,#8963,#8964)) REPRESENTATION_CONTEXT
('Context #1','3D Context with UNIT and UNCERTAINTY') );
#8962 = ( LENGTH_UNIT() NAMED_UNIT(*) SI_UNIT(.MILLI.,.METRE.) );
#8963 = ( NAMED_UNIT(*) PLANE_ANGLE_UNIT() SI_UNIT($,.RADIAN.) );
#8964 = ( NAMED_UNIT(*) SI_UNIT($,.STERADIAN.) SOLID_ANGLE_UNIT() );
#8965 = UNCERTAINTY_MEASURE_WITH_UNIT(LENGTH_MEASURE(1.E-07),#8962,
  'distance_accuracy_value','confusion accuracy');
#8966 = SHAPE_DEFINITION_REPRESENTATION(#8967,#8885);
#8967 = PRODUCT_DEFINITION_SHAPE('','',#8968);
#8968 = PRODUCT_DEFINITION('design','',#8969,#8972);
#8969 = PRODUCT_DEFINITION_FORMATION('','',#8970);
#8970 = PRODUCT('eMachineShop.54',
  'eMachineShop.54','',(#8971));
#8971 = PRODUCT_CONTEXT('',#2,'mechanical');
#8972 = PRODUCT_DEFINITION_CONTEXT('part definition',#2,'design');
#8973 = CONTEXT_DEPENDENT_SHAPE_REPRESENTATION(#8974,#8976);
#8974 = ( REPRESENTATION_RELATIONSHIP('','',#8885,#10) 
REPRESENTATION_RELATIONSHIP_WITH_TRANSFORMATION(#8975) 
SHAPE_REPRESENTATION_RELATIONSHIP() );
#8975 = ITEM_DEFINED_TRANSFORMATION('','',#11,#227);
#8976 = PRODUCT_DEFINITION_SHAPE('Placement','Placement of an item',
  #8977);
#8977 = NEXT_ASSEMBLY_USAGE_OCCURRENCE('54','','',#5,#8968,$);
#8978 = PRODUCT_RELATED_PRODUCT_CATEGORY('part',$,(#8970));
#8979 = MANIFOLD_SURFACE_SHAPE_REPRESENTATION('',(#11,#8980),#9050);
#8980 = SHELL_BASED_SURFACE_MODEL('',(#8981));
#8981 = OPEN_SHELL('',(#8982));
#8982 = ADVANCED_FACE('',(#8983),#8997,.T.);
#8983 = FACE_BOUND('',#8984,.T.);
#8984 = EDGE_LOOP('',(#8985,#9007,#9022,#9037));
#8985 = ORIENTED_EDGE('',*,*,#8986,.T.);
#8986 = EDGE_CURVE('',#8987,#8989,#8991,.T.);
#8987 = VERTEX_POINT('',#8988);
#8988 = CARTESIAN_POINT('',(0.678428484,-0.862040091,-12.));
#8989 = VERTEX_POINT('',#8990);
#8990 = CARTESIAN_POINT('',(0.390214853,-1.22638769,-12.));
#8991 = SURFACE_CURVE('',#8992,(#8996),.PCURVE_S1.);
#8992 = LINE('',#8993,#8994);
#8993 = CARTESIAN_POINT('',(0.678428484,-0.862040091,-12.));
#8994 = VECTOR('',#8995,1.);
#8995 = DIRECTION('',(-0.620400909345,-0.784284840912,0.));
#8996 = PCURVE('',#8997,#9002);
#8997 = B_SPLINE_SURFACE_WITH_KNOTS('',1,1,(
    (#8998,#8999)
    ,(#9000,#9001
    )),.UNSPECIFIED.,.F.,.F.,.F.,(2,2),(2,2),(0.,1.),(0.,1.),
  .PIECEWISE_BEZIER_KNOTS.);
#8998 = CARTESIAN_POINT('',(0.678428484,-0.862040091,-12.));
#8999 = CARTESIAN_POINT('',(0.678428484,-0.862040091,-11.));
#9000 = CARTESIAN_POINT('',(0.390214853,-1.22638769,-12.));
#9001 = CARTESIAN_POINT('',(0.390214853,-1.22638769,-11.));
#9002 = DEFINITIONAL_REPRESENTATION('',(#9003),#9006);
#9003 = B_SPLINE_CURVE_WITH_KNOTS('',1,(#9004,#9005),.UNSPECIFIED.,.F.,
  .F.,(2,2),(0.,0.464560297476),.PIECEWISE_BEZIER_KNOTS.);
#9004 = CARTESIAN_POINT('',(0.,0.));
#9005 = CARTESIAN_POINT('',(1.,0.));
#9006 = ( GEOMETRIC_REPRESENTATION_CONTEXT(2) 
PARAMETRIC_REPRESENTATION_CONTEXT() REPRESENTATION_CONTEXT('2D SPACE',''
  ) );
#9007 = ORIENTED_EDGE('',*,*,#9008,.T.);
#9008 = EDGE_CURVE('',#8989,#9009,#9011,.T.);
#9009 = VERTEX_POINT('',#9010);
#9010 = CARTESIAN_POINT('',(0.390214853,-1.22638769,-11.));
#9011 = SURFACE_CURVE('',#9012,(#9016),.PCURVE_S1.);
#9012 = LINE('',#9013,#9014);
#9013 = CARTESIAN_POINT('',(0.390214853,-1.22638769,-12.));
#9014 = VECTOR('',#9015,1.);
#9015 = DIRECTION('',(0.,0.,1.));
#9016 = PCURVE('',#8997,#9017);
#9017 = DEFINITIONAL_REPRESENTATION('',(#9018),#9021);
#9018 = B_SPLINE_CURVE_WITH_KNOTS('',1,(#9019,#9020),.UNSPECIFIED.,.F.,
  .F.,(2,2),(0.,1.),.PIECEWISE_BEZIER_KNOTS.);
#9019 = CARTESIAN_POINT('',(1.,0.));
#9020 = CARTESIAN_POINT('',(1.,1.));
#9021 = ( GEOMETRIC_REPRESENTATION_CONTEXT(2) 
PARAMETRIC_REPRESENTATION_CONTEXT() REPRESENTATION_CONTEXT('2D SPACE',''
  ) );
#9022 = ORIENTED_EDGE('',*,*,#9023,.T.);
#9023 = EDGE_CURVE('',#9009,#9024,#9026,.T.);
#9024 = VERTEX_POINT('',#9025);
#9025 = CARTESIAN_POINT('',(0.678428484,-0.862040091,-11.));
#9026 = SURFACE_CURVE('',#9027,(#9031),.PCURVE_S1.);
#9027 = LINE('',#9028,#9029);
#9028 = CARTESIAN_POINT('',(0.390214853,-1.22638769,-11.));
#9029 = VECTOR('',#9030,1.);
#9030 = DIRECTION('',(0.620400909345,0.784284840912,0.));
#9031 = PCURVE('',#8997,#9032);
#9032 = DEFINITIONAL_REPRESENTATION('',(#9033),#9036);
#9033 = B_SPLINE_CURVE_WITH_KNOTS('',1,(#9034,#9035),.UNSPECIFIED.,.F.,
  .F.,(2,2),(0.,0.464560297476),.PIECEWISE_BEZIER_KNOTS.);
#9034 = CARTESIAN_POINT('',(1.,1.));
#9035 = CARTESIAN_POINT('',(0.,1.));
#9036 = ( GEOMETRIC_REPRESENTATION_CONTEXT(2) 
PARAMETRIC_REPRESENTATION_CONTEXT() REPRESENTATION_CONTEXT('2D SPACE',''
  ) );
#9037 = ORIENTED_EDGE('',*,*,#9038,.T.);
#9038 = EDGE_CURVE('',#9024,#8987,#9039,.T.);
#9039 = SURFACE_CURVE('',#9040,(#9044),.PCURVE_S1.);
#9040 = LINE('',#9041,#9042);
#9041 = CARTESIAN_POINT('',(0.678428484,-0.862040091,-11.));
#9042 = VECTOR('',#9043,1.);
#9043 = DIRECTION('',(0.,0.,-1.));
#9044 = PCURVE('',#8997,#9045);
#9045 = DEFINITIONAL_REPRESENTATION('',(#9046),#9049);
#9046 = B_SPLINE_CURVE_WITH_KNOTS('',1,(#9047,#9048),.UNSPECIFIED.,.F.,
  .F.,(2,2),(0.,1.),.PIECEWISE_BEZIER_KNOTS.);
#9047 = CARTESIAN_POINT('',(0.,1.));
#9048 = CARTESIAN_POINT('',(0.,0.));
#9049 = ( GEOMETRIC_REPRESENTATION_CONTEXT(2) 
PARAMETRIC_REPRESENTATION_CONTEXT() REPRESENTATION_CONTEXT('2D SPACE',''
  ) );
#9050 = ( GEOMETRIC_REPRESENTATION_CONTEXT(3) 
GLOBAL_UNCERTAINTY_ASSIGNED_CONTEXT((#9054)) 
GLOBAL_UNIT_ASSIGNED_CONTEXT((#9051,#9052,#9053)) REPRESENTATION_CONTEXT
('Context #1','3D Context with UNIT and UNCERTAINTY') );
#9051 = ( LENGTH_UNIT() NAMED_UNIT(*) SI_UNIT(.MILLI.,.METRE.) );
#9052 = ( NAMED_UNIT(*) PLANE_ANGLE_UNIT() SI_UNIT($,.RADIAN.) );
#9053 = ( NAMED_UNIT(*) SI_UNIT($,.STERADIAN.) SOLID_ANGLE_UNIT() );
#9054 = UNCERTAINTY_MEASURE_WITH_UNIT(LENGTH_MEASURE(1.E-07),#9051,
  'distance_accuracy_value','confusion accuracy');
#9055 = SHAPE_DEFINITION_REPRESENTATION(#9056,#8979);
#9056 = PRODUCT_DEFINITION_SHAPE('','',#9057);
#9057 = PRODUCT_DEFINITION('design','',#9058,#9061);
#9058 = PRODUCT_DEFINITION_FORMATION('','',#9059);
#9059 = PRODUCT('eMachineShop.55',
  'eMachineShop.55','',(#9060));
#9060 = PRODUCT_CONTEXT('',#2,'mechanical');
#9061 = PRODUCT_DEFINITION_CONTEXT('part definition',#2,'design');
#9062 = CONTEXT_DEPENDENT_SHAPE_REPRESENTATION(#9063,#9065);
#9063 = ( REPRESENTATION_RELATIONSHIP('','',#8979,#10) 
REPRESENTATION_RELATIONSHIP_WITH_TRANSFORMATION(#9064) 
SHAPE_REPRESENTATION_RELATIONSHIP() );
#9064 = ITEM_DEFINED_TRANSFORMATION('','',#11,#231);
#9065 = PRODUCT_DEFINITION_SHAPE('Placement','Placement of an item',
  #9066);
#9066 = NEXT_ASSEMBLY_USAGE_OCCURRENCE('55','','',#5,#9057,$);
#9067 = PRODUCT_RELATED_PRODUCT_CATEGORY('part',$,(#9059));
#9068 = MANIFOLD_SURFACE_SHAPE_REPRESENTATION('',(#11,#9069),#9144);
#9069 = SHELL_BASED_SURFACE_MODEL('',(#9070));
#9070 = OPEN_SHELL('',(#9071));
#9071 = ADVANCED_FACE('',(#9072),#9087,.T.);
#9072 = FACE_BOUND('',#9073,.T.);
#9073 = EDGE_LOOP('',(#9074,#9100,#9115,#9131));
#9074 = ORIENTED_EDGE('',*,*,#9075,.F.);
#9075 = EDGE_CURVE('',#9076,#9078,#9080,.T.);
#9076 = VERTEX_POINT('',#9077);
#9077 = CARTESIAN_POINT('',(0.390214853,-1.22638769,-12.));
#9078 = VERTEX_POINT('',#9079);
#9079 = CARTESIAN_POINT('',(0.249999999863,-1.629648281,-12.));
#9080 = SURFACE_CURVE('',#9081,(#9086),.PCURVE_S1.);
#9081 = CIRCLE('',#9082,0.650000000273);
#9082 = AXIS2_PLACEMENT_3D('',#9083,#9084,#9085);
#9083 = CARTESIAN_POINT('',(0.9,-1.629648281,-12.));
#9084 = DIRECTION('',(0.,0.,1.));
#9085 = DIRECTION('',(1.,0.,-0.));
#9086 = PCURVE('',#9087,#9095);
#9087 = SURFACE_OF_REVOLUTION('',#9088,#9092);
#9088 = LINE('',#9089,#9090);
#9089 = CARTESIAN_POINT('',(0.25,-1.629648281,-11.));
#9090 = VECTOR('',#9091,1.);
#9091 = DIRECTION('',(0.,0.,-1.));
#9092 = AXIS1_PLACEMENT('',#9093,#9094);
#9093 = CARTESIAN_POINT('',(0.9,-1.629648281,-11.));
#9094 = DIRECTION('',(0.,0.,1.));
#9095 = DEFINITIONAL_REPRESENTATION('',(#9096),#9099);
#9096 = B_SPLINE_CURVE_WITH_KNOTS('',1,(#9097,#9098),.UNSPECIFIED.,.F.,
  .F.,(2,2),(2.472338875912,3.14159265359),.PIECEWISE_BEZIER_KNOTS.);
#9097 = CARTESIAN_POINT('',(5.61393153018,1.));
#9098 = CARTESIAN_POINT('',(6.28318530718,1.));
#9099 = ( GEOMETRIC_REPRESENTATION_CONTEXT(2) 
PARAMETRIC_REPRESENTATION_CONTEXT() REPRESENTATION_CONTEXT('2D SPACE',''
  ) );
#9100 = ORIENTED_EDGE('',*,*,#9101,.F.);
#9101 = EDGE_CURVE('',#9102,#9076,#9104,.T.);
#9102 = VERTEX_POINT('',#9103);
#9103 = CARTESIAN_POINT('',(0.390214853107,-1.226387690085,-11.));
#9104 = SURFACE_CURVE('',#9105,(#9109),.PCURVE_S1.);
#9105 = LINE('',#9106,#9107);
#9106 = CARTESIAN_POINT('',(0.390214853,-1.22638769,-11.));
#9107 = VECTOR('',#9108,1.);
#9108 = DIRECTION('',(0.,0.,-1.));
#9109 = PCURVE('',#9087,#9110);
#9110 = DEFINITIONAL_REPRESENTATION('',(#9111),#9114);
#9111 = B_SPLINE_CURVE_WITH_KNOTS('',1,(#9112,#9113),.UNSPECIFIED.,.F.,
  .F.,(2,2),(0.,1.),.PIECEWISE_BEZIER_KNOTS.);
#9112 = CARTESIAN_POINT('',(5.61393153018,-1.246543208695E-15));
#9113 = CARTESIAN_POINT('',(5.61393153018,1.));
#9114 = ( GEOMETRIC_REPRESENTATION_CONTEXT(2) 
PARAMETRIC_REPRESENTATION_CONTEXT() REPRESENTATION_CONTEXT('2D SPACE',''
  ) );
#9115 = ORIENTED_EDGE('',*,*,#9116,.F.);
#9116 = EDGE_CURVE('',#9117,#9102,#9119,.T.);
#9117 = VERTEX_POINT('',#9118);
#9118 = CARTESIAN_POINT('',(0.25,-1.629648281,-11.));
#9119 = SURFACE_CURVE('',#9120,(#9125),.PCURVE_S1.);
#9120 = CIRCLE('',#9121,0.65);
#9121 = AXIS2_PLACEMENT_3D('',#9122,#9123,#9124);
#9122 = CARTESIAN_POINT('',(0.9,-1.629648281,-11.));
#9123 = DIRECTION('',(4.332236391274E-15,5.476631775835E-15,-1.));
#9124 = DIRECTION('',(-1.,-2.775557561563E-16,-4.332236391274E-15));
#9125 = PCURVE('',#9087,#9126);
#9126 = DEFINITIONAL_REPRESENTATION('',(#9127),#9130);
#9127 = B_SPLINE_CURVE_WITH_KNOTS('',1,(#9128,#9129),.UNSPECIFIED.,.F.,
  .F.,(2,2),(0.,0.669253777678),.PIECEWISE_BEZIER_KNOTS.);
#9128 = CARTESIAN_POINT('',(6.28318530718,-1.395147399203E-15));
#9129 = CARTESIAN_POINT('',(5.61393153018,-1.246543208695E-15));
#9130 = ( GEOMETRIC_REPRESENTATION_CONTEXT(2) 
PARAMETRIC_REPRESENTATION_CONTEXT() REPRESENTATION_CONTEXT('2D SPACE',''
  ) );
#9131 = ORIENTED_EDGE('',*,*,#9132,.F.);
#9132 = EDGE_CURVE('',#9078,#9117,#9133,.T.);
#9133 = SURFACE_CURVE('',#9134,(#9138),.PCURVE_S1.);
#9134 = LINE('',#9135,#9136);
#9135 = CARTESIAN_POINT('',(0.25,-1.629648281,-12.));
#9136 = VECTOR('',#9137,1.);
#9137 = DIRECTION('',(0.,0.,1.));
#9138 = PCURVE('',#9087,#9139);
#9139 = DEFINITIONAL_REPRESENTATION('',(#9140),#9143);
#9140 = B_SPLINE_CURVE_WITH_KNOTS('',1,(#9141,#9142),.UNSPECIFIED.,.F.,
  .F.,(2,2),(0.,1.),.PIECEWISE_BEZIER_KNOTS.);
#9141 = CARTESIAN_POINT('',(6.28318530718,1.));
#9142 = CARTESIAN_POINT('',(6.28318530718,-1.395147399203E-15));
#9143 = ( GEOMETRIC_REPRESENTATION_CONTEXT(2) 
PARAMETRIC_REPRESENTATION_CONTEXT() REPRESENTATION_CONTEXT('2D SPACE',''
  ) );
#9144 = ( GEOMETRIC_REPRESENTATION_CONTEXT(3) 
GLOBAL_UNCERTAINTY_ASSIGNED_CONTEXT((#9148)) 
GLOBAL_UNIT_ASSIGNED_CONTEXT((#9145,#9146,#9147)) REPRESENTATION_CONTEXT
('Context #1','3D Context with UNIT and UNCERTAINTY') );
#9145 = ( LENGTH_UNIT() NAMED_UNIT(*) SI_UNIT(.MILLI.,.METRE.) );
#9146 = ( NAMED_UNIT(*) PLANE_ANGLE_UNIT() SI_UNIT($,.RADIAN.) );
#9147 = ( NAMED_UNIT(*) SI_UNIT($,.STERADIAN.) SOLID_ANGLE_UNIT() );
#9148 = UNCERTAINTY_MEASURE_WITH_UNIT(LENGTH_MEASURE(1.E-07),#9145,
  'distance_accuracy_value','confusion accuracy');
#9149 = SHAPE_DEFINITION_REPRESENTATION(#9150,#9068);
#9150 = PRODUCT_DEFINITION_SHAPE('','',#9151);
#9151 = PRODUCT_DEFINITION('design','',#9152,#9155);
#9152 = PRODUCT_DEFINITION_FORMATION('','',#9153);
#9153 = PRODUCT('eMachineShop.56',
  'eMachineShop.56','',(#9154));
#9154 = PRODUCT_CONTEXT('',#2,'mechanical');
#9155 = PRODUCT_DEFINITION_CONTEXT('part definition',#2,'design');
#9156 = CONTEXT_DEPENDENT_SHAPE_REPRESENTATION(#9157,#9159);
#9157 = ( REPRESENTATION_RELATIONSHIP('','',#9068,#10) 
REPRESENTATION_RELATIONSHIP_WITH_TRANSFORMATION(#9158) 
SHAPE_REPRESENTATION_RELATIONSHIP() );
#9158 = ITEM_DEFINED_TRANSFORMATION('','',#11,#235);
#9159 = PRODUCT_DEFINITION_SHAPE('Placement','Placement of an item',
  #9160);
#9160 = NEXT_ASSEMBLY_USAGE_OCCURRENCE('56','','',#5,#9151,$);
#9161 = PRODUCT_RELATED_PRODUCT_CATEGORY('part',$,(#9153));
#9162 = MANIFOLD_SURFACE_SHAPE_REPRESENTATION('',(#11,#9163),#9267);
#9163 = SHELL_BASED_SURFACE_MODEL('',(#9164));
#9164 = OPEN_SHELL('',(#9165));
#9165 = ADVANCED_FACE('',(#9166),#9180,.T.);
#9166 = FACE_BOUND('',#9167,.T.);
#9167 = EDGE_LOOP('',(#9168,#9190,#9207,#9222,#9239,#9254));
#9168 = ORIENTED_EDGE('',*,*,#9169,.T.);
#9169 = EDGE_CURVE('',#9170,#9172,#9174,.T.);
#9170 = VERTEX_POINT('',#9171);
#9171 = CARTESIAN_POINT('',(0.353210604,-1.981104333,-12.));
#9172 = VERTEX_POINT('',#9173);
#9173 = CARTESIAN_POINT('',(0.558184974,-2.3,-12.));
#9174 = SURFACE_CURVE('',#9175,(#9179),.PCURVE_S1.);
#9175 = LINE('',#9176,#9177);
#9176 = CARTESIAN_POINT('',(0.353210604,-1.981104333,-12.));
#9177 = VECTOR('',#9178,1.);
#9178 = DIRECTION('',(0.540701617887,-0.841214455662,0.));
#9179 = PCURVE('',#9180,#9185);
#9180 = B_SPLINE_SURFACE_WITH_KNOTS('',1,1,(
    (#9181,#9182)
    ,(#9183,#9184
    )),.UNSPECIFIED.,.F.,.F.,.F.,(2,2),(2,2),(0.,1.),(0.,1.),
  .PIECEWISE_BEZIER_KNOTS.);
#9181 = CARTESIAN_POINT('',(0.353210604,-1.981104333,-12.));
#9182 = CARTESIAN_POINT('',(0.353210604,-1.981104333,-11.));
#9183 = CARTESIAN_POINT('',(0.684121446,-2.495929838,-12.));
#9184 = CARTESIAN_POINT('',(0.684121446,-2.495929838,-11.));
#9185 = DEFINITIONAL_REPRESENTATION('',(#9186),#9189);
#9186 = B_SPLINE_CURVE_WITH_KNOTS('',1,(#9187,#9188),.UNSPECIFIED.,.F.,
  .F.,(2,2),(0.,0.379089618413),.PIECEWISE_BEZIER_KNOTS.);
#9187 = CARTESIAN_POINT('',(0.,0.));
#9188 = CARTESIAN_POINT('',(0.619424764,0.));
#9189 = ( GEOMETRIC_REPRESENTATION_CONTEXT(2) 
PARAMETRIC_REPRESENTATION_CONTEXT() REPRESENTATION_CONTEXT('2D SPACE',''
  ) );
#9190 = ORIENTED_EDGE('',*,*,#9191,.T.);
#9191 = EDGE_CURVE('',#9172,#9192,#9194,.T.);
#9192 = VERTEX_POINT('',#9193);
#9193 = CARTESIAN_POINT('',(0.684121446,-2.495929838,-11.960012498));
#9194 = SURFACE_CURVE('',#9195,(#9200),.PCURVE_S1.);
#9195 = ( BOUNDED_CURVE() B_SPLINE_CURVE(3,(#9196,#9197,#9198,#9199),
.UNSPECIFIED.,.F.,.F.) B_SPLINE_CURVE_WITH_KNOTS((4,4),(0.,1.),
.PIECEWISE_BEZIER_KNOTS.) CURVE() GEOMETRIC_REPRESENTATION_ITEM() 
RATIONAL_B_SPLINE_CURVE((1.,0.986534850033,0.986534850033,1.)) 
REPRESENTATION_ITEM('') );
#9196 = CARTESIAN_POINT('',(0.558184974,-2.3,-12.));
#9197 = CARTESIAN_POINT('',(0.60161393,-2.367566038,-12.));
#9198 = CARTESIAN_POINT('',(0.64416572,-2.433767395,-11.986488904));
#9199 = CARTESIAN_POINT('',(0.684121446,-2.495929838,-11.960012498));
#9200 = PCURVE('',#9180,#9201);
#9201 = DEFINITIONAL_REPRESENTATION('',(#9202),#9206);
#9202 = B_SPLINE_CURVE_WITH_KNOTS('',2,(#9203,#9204,#9205),
  .UNSPECIFIED.,.F.,.F.,(3,3),(0.,1.),.PIECEWISE_BEZIER_KNOTS.);
#9203 = CARTESIAN_POINT('',(0.619424764,0.));
#9204 = CARTESIAN_POINT('',(0.817638452,0.));
#9205 = CARTESIAN_POINT('',(1.,3.9987502E-02));
#9206 = ( GEOMETRIC_REPRESENTATION_CONTEXT(2) 
PARAMETRIC_REPRESENTATION_CONTEXT() REPRESENTATION_CONTEXT('2D SPACE',''
  ) );
#9207 = ORIENTED_EDGE('',*,*,#9208,.T.);
#9208 = EDGE_CURVE('',#9192,#9209,#9211,.T.);
#9209 = VERTEX_POINT('',#9210);
#9210 = CARTESIAN_POINT('',(0.684121446,-2.495929838,-11.039987502));
#9211 = SURFACE_CURVE('',#9212,(#9216),.PCURVE_S1.);
#9212 = LINE('',#9213,#9214);
#9213 = CARTESIAN_POINT('',(0.684121446,-2.495929838,-11.960012498));
#9214 = VECTOR('',#9215,1.);
#9215 = DIRECTION('',(0.,0.,1.));
#9216 = PCURVE('',#9180,#9217);
#9217 = DEFINITIONAL_REPRESENTATION('',(#9218),#9221);
#9218 = B_SPLINE_CURVE_WITH_KNOTS('',1,(#9219,#9220),.UNSPECIFIED.,.F.,
  .F.,(2,2),(0.,0.920024996),.PIECEWISE_BEZIER_KNOTS.);
#9219 = CARTESIAN_POINT('',(1.,3.9987502E-02));
#9220 = CARTESIAN_POINT('',(1.,0.960012498));
#9221 = ( GEOMETRIC_REPRESENTATION_CONTEXT(2) 
PARAMETRIC_REPRESENTATION_CONTEXT() REPRESENTATION_CONTEXT('2D SPACE',''
  ) );
#9222 = ORIENTED_EDGE('',*,*,#9223,.T.);
#9223 = EDGE_CURVE('',#9209,#9224,#9226,.T.);
#9224 = VERTEX_POINT('',#9225);
#9225 = CARTESIAN_POINT('',(0.558184974,-2.3,-11.));
#9226 = SURFACE_CURVE('',#9227,(#9232),.PCURVE_S1.);
#9227 = ( BOUNDED_CURVE() B_SPLINE_CURVE(3,(#9228,#9229,#9230,#9231),
.UNSPECIFIED.,.F.,.F.) B_SPLINE_CURVE_WITH_KNOTS((4,4),(0.,1.),
.PIECEWISE_BEZIER_KNOTS.) CURVE() GEOMETRIC_REPRESENTATION_ITEM() 
RATIONAL_B_SPLINE_CURVE((1.,0.986534850033,0.986534850033,1.)) 
REPRESENTATION_ITEM('') );
#9228 = CARTESIAN_POINT('',(0.684121446,-2.495929838,-11.039987502));
#9229 = CARTESIAN_POINT('',(0.64416572,-2.433767395,-11.013511096));
#9230 = CARTESIAN_POINT('',(0.60161393,-2.367566038,-11.));
#9231 = CARTESIAN_POINT('',(0.558184974,-2.3,-11.));
#9232 = PCURVE('',#9180,#9233);
#9233 = DEFINITIONAL_REPRESENTATION('',(#9234),#9238);
#9234 = B_SPLINE_CURVE_WITH_KNOTS('',2,(#9235,#9236,#9237),
  .UNSPECIFIED.,.F.,.F.,(3,3),(0.,1.),.PIECEWISE_BEZIER_KNOTS.);
#9235 = CARTESIAN_POINT('',(1.,0.960012498));
#9236 = CARTESIAN_POINT('',(0.817638452,1.));
#9237 = CARTESIAN_POINT('',(0.619424764,1.));
#9238 = ( GEOMETRIC_REPRESENTATION_CONTEXT(2) 
PARAMETRIC_REPRESENTATION_CONTEXT() REPRESENTATION_CONTEXT('2D SPACE',''
  ) );
#9239 = ORIENTED_EDGE('',*,*,#9240,.T.);
#9240 = EDGE_CURVE('',#9224,#9241,#9243,.T.);
#9241 = VERTEX_POINT('',#9242);
#9242 = CARTESIAN_POINT('',(0.353210604,-1.981104333,-11.));
#9243 = SURFACE_CURVE('',#9244,(#9248),.PCURVE_S1.);
#9244 = LINE('',#9245,#9246);
#9245 = CARTESIAN_POINT('',(0.558184974,-2.3,-11.));
#9246 = VECTOR('',#9247,1.);
#9247 = DIRECTION('',(-0.540701617887,0.841214455662,0.));
#9248 = PCURVE('',#9180,#9249);
#9249 = DEFINITIONAL_REPRESENTATION('',(#9250),#9253);
#9250 = B_SPLINE_CURVE_WITH_KNOTS('',1,(#9251,#9252),.UNSPECIFIED.,.F.,
  .F.,(2,2),(0.,0.379089618413),.PIECEWISE_BEZIER_KNOTS.);
#9251 = CARTESIAN_POINT('',(0.619424764,1.));
#9252 = CARTESIAN_POINT('',(0.,1.));
#9253 = ( GEOMETRIC_REPRESENTATION_CONTEXT(2) 
PARAMETRIC_REPRESENTATION_CONTEXT() REPRESENTATION_CONTEXT('2D SPACE',''
  ) );
#9254 = ORIENTED_EDGE('',*,*,#9255,.T.);
#9255 = EDGE_CURVE('',#9241,#9170,#9256,.T.);
#9256 = SURFACE_CURVE('',#9257,(#9261),.PCURVE_S1.);
#9257 = LINE('',#9258,#9259);
#9258 = CARTESIAN_POINT('',(0.353210604,-1.981104333,-11.));
#9259 = VECTOR('',#9260,1.);
#9260 = DIRECTION('',(0.,0.,-1.));
#9261 = PCURVE('',#9180,#9262);
#9262 = DEFINITIONAL_REPRESENTATION('',(#9263),#9266);
#9263 = B_SPLINE_CURVE_WITH_KNOTS('',1,(#9264,#9265),.UNSPECIFIED.,.F.,
  .F.,(2,2),(0.,1.),.PIECEWISE_BEZIER_KNOTS.);
#9264 = CARTESIAN_POINT('',(0.,1.));
#9265 = CARTESIAN_POINT('',(0.,0.));
#9266 = ( GEOMETRIC_REPRESENTATION_CONTEXT(2) 
PARAMETRIC_REPRESENTATION_CONTEXT() REPRESENTATION_CONTEXT('2D SPACE',''
  ) );
#9267 = ( GEOMETRIC_REPRESENTATION_CONTEXT(3) 
GLOBAL_UNCERTAINTY_ASSIGNED_CONTEXT((#9271)) 
GLOBAL_UNIT_ASSIGNED_CONTEXT((#9268,#9269,#9270)) REPRESENTATION_CONTEXT
('Context #1','3D Context with UNIT and UNCERTAINTY') );
#9268 = ( LENGTH_UNIT() NAMED_UNIT(*) SI_UNIT(.MILLI.,.METRE.) );
#9269 = ( NAMED_UNIT(*) PLANE_ANGLE_UNIT() SI_UNIT($,.RADIAN.) );
#9270 = ( NAMED_UNIT(*) SI_UNIT($,.STERADIAN.) SOLID_ANGLE_UNIT() );
#9271 = UNCERTAINTY_MEASURE_WITH_UNIT(LENGTH_MEASURE(2.E-04),#9268,
  'distance_accuracy_value','confusion accuracy');
#9272 = SHAPE_DEFINITION_REPRESENTATION(#9273,#9162);
#9273 = PRODUCT_DEFINITION_SHAPE('','',#9274);
#9274 = PRODUCT_DEFINITION('design','',#9275,#9278);
#9275 = PRODUCT_DEFINITION_FORMATION('','',#9276);
#9276 = PRODUCT('eMachineShop.57',
  'eMachineShop.57','',(#9277));
#9277 = PRODUCT_CONTEXT('',#2,'mechanical');
#9278 = PRODUCT_DEFINITION_CONTEXT('part definition',#2,'design');
#9279 = CONTEXT_DEPENDENT_SHAPE_REPRESENTATION(#9280,#9282);
#9280 = ( REPRESENTATION_RELATIONSHIP('','',#9162,#10) 
REPRESENTATION_RELATIONSHIP_WITH_TRANSFORMATION(#9281) 
SHAPE_REPRESENTATION_RELATIONSHIP() );
#9281 = ITEM_DEFINED_TRANSFORMATION('','',#11,#239);
#9282 = PRODUCT_DEFINITION_SHAPE('Placement','Placement of an item',
  #9283);
#9283 = NEXT_ASSEMBLY_USAGE_OCCURRENCE('57','','',#5,#9274,$);
#9284 = PRODUCT_RELATED_PRODUCT_CATEGORY('part',$,(#9276));
#9285 = MANIFOLD_SURFACE_SHAPE_REPRESENTATION('',(#11,#9286),#9365);
#9286 = SHELL_BASED_SURFACE_MODEL('',(#9287));
#9287 = OPEN_SHELL('',(#9288));
#9288 = ADVANCED_FACE('',(#9289),#9303,.T.);
#9289 = FACE_BOUND('',#9290,.T.);
#9290 = EDGE_LOOP('',(#9291,#9316,#9334,#9349));
#9291 = ORIENTED_EDGE('',*,*,#9292,.F.);
#9292 = EDGE_CURVE('',#9293,#9295,#9297,.T.);
#9293 = VERTEX_POINT('',#9294);
#9294 = CARTESIAN_POINT('',(0.684121445783,-2.495929838105,
    -11.96001249789));
#9295 = VERTEX_POINT('',#9296);
#9296 = CARTESIAN_POINT('',(0.684121445783,-2.495929838105,
    -11.0399875021));
#9297 = SURFACE_CURVE('',#9298,(#9302),.PCURVE_S1.);
#9298 = LINE('',#9299,#9300);
#9299 = CARTESIAN_POINT('',(0.684121446,-2.495929838,-11.960012498));
#9300 = VECTOR('',#9301,1.);
#9301 = DIRECTION('',(0.,0.,1.));
#9302 = PCURVE('',#9303,#9311);
#9303 = SURFACE_OF_REVOLUTION('',#9304,#9308);
#9304 = LINE('',#9305,#9306);
#9305 = CARTESIAN_POINT('',(0.5,-2.55,-11.034467352));
#9306 = VECTOR('',#9307,1.);
#9307 = DIRECTION('',(0.,0.,-1.));
#9308 = AXIS1_PLACEMENT('',#9309,#9310);
#9309 = CARTESIAN_POINT('',(0.6,-2.55,-11.));
#9310 = DIRECTION('',(0.,0.,1.));
#9311 = DEFINITIONAL_REPRESENTATION('',(#9312),#9315);
#9312 = B_SPLINE_CURVE_WITH_KNOTS('',1,(#9313,#9314),.UNSPECIFIED.,.F.,
  .F.,(2,2),(0.,0.920024996),.PIECEWISE_BEZIER_KNOTS.);
#9313 = CARTESIAN_POINT('',(3.71286359318,0.925545145796));
#9314 = CARTESIAN_POINT('',(3.71286359318,5.52015020445E-03));
#9315 = ( GEOMETRIC_REPRESENTATION_CONTEXT(2) 
PARAMETRIC_REPRESENTATION_CONTEXT() REPRESENTATION_CONTEXT('2D SPACE',''
  ) );
#9316 = ORIENTED_EDGE('',*,*,#9317,.F.);
#9317 = EDGE_CURVE('',#9318,#9293,#9320,.T.);
#9318 = VERTEX_POINT('',#9319);
#9319 = CARTESIAN_POINT('',(0.7,-2.550000000021,-11.93301270196));
#9320 = SURFACE_CURVE('',#9321,(#9327),.PCURVE_S1.);
#9321 = B_SPLINE_CURVE_WITH_KNOTS('',4,(#9322,#9323,#9324,#9325,#9326),
  .UNSPECIFIED.,.F.,.F.,(5,5),(0.,1.),.PIECEWISE_BEZIER_KNOTS.);
#9322 = CARTESIAN_POINT('',(0.7,-2.550000000041,-11.93301270193));
#9323 = CARTESIAN_POINT('',(0.700000000006,-2.535091631441,
    -11.94162005238));
#9324 = CARTESIAN_POINT('',(0.697029470819,-2.520599802067,
    -11.94898913517));
#9325 = CARTESIAN_POINT('',(0.691504822619,-2.507416771675,
    -11.95511995031));
#9326 = CARTESIAN_POINT('',(0.684121445566,-2.49592983821,
    -11.96001249779));
#9327 = PCURVE('',#9303,#9328);
#9328 = DEFINITIONAL_REPRESENTATION('',(#9329),#9333);
#9329 = B_SPLINE_CURVE_WITH_KNOTS('',2,(#9330,#9331,#9332),
  .UNSPECIFIED.,.F.,.F.,(3,3),(0.,1.),.PIECEWISE_BEZIER_KNOTS.);
#9330 = CARTESIAN_POINT('',(3.14159265318,0.898545349938));
#9331 = CARTESIAN_POINT('',(3.43976002518,0.915760050824));
#9332 = CARTESIAN_POINT('',(3.71286359318,0.925545145796));
#9333 = ( GEOMETRIC_REPRESENTATION_CONTEXT(2) 
PARAMETRIC_REPRESENTATION_CONTEXT() REPRESENTATION_CONTEXT('2D SPACE',''
  ) );
#9334 = ORIENTED_EDGE('',*,*,#9335,.F.);
#9335 = EDGE_CURVE('',#9336,#9318,#9338,.T.);
#9336 = VERTEX_POINT('',#9337);
#9337 = CARTESIAN_POINT('',(0.7,-2.550000000021,-11.06698729803));
#9338 = SURFACE_CURVE('',#9339,(#9343),.PCURVE_S1.);
#9339 = LINE('',#9340,#9341);
#9340 = CARTESIAN_POINT('',(0.7,-2.55,-11.066987298));
#9341 = VECTOR('',#9342,1.);
#9342 = DIRECTION('',(0.,0.,-1.));
#9343 = PCURVE('',#9303,#9344);
#9344 = DEFINITIONAL_REPRESENTATION('',(#9345),#9348);
#9345 = B_SPLINE_CURVE_WITH_KNOTS('',1,(#9346,#9347),.UNSPECIFIED.,.F.,
  .F.,(2,2),(0.,0.866025404),.PIECEWISE_BEZIER_KNOTS.);
#9346 = CARTESIAN_POINT('',(3.14159265318,3.251994606247E-02));
#9347 = CARTESIAN_POINT('',(3.14159265318,0.898545349938));
#9348 = ( GEOMETRIC_REPRESENTATION_CONTEXT(2) 
PARAMETRIC_REPRESENTATION_CONTEXT() REPRESENTATION_CONTEXT('2D SPACE',''
  ) );
#9349 = ORIENTED_EDGE('',*,*,#9350,.F.);
#9350 = EDGE_CURVE('',#9295,#9336,#9351,.T.);
#9351 = SURFACE_CURVE('',#9352,(#9358),.PCURVE_S1.);
#9352 = B_SPLINE_CURVE_WITH_KNOTS('',4,(#9353,#9354,#9355,#9356,#9357),
  .UNSPECIFIED.,.F.,.F.,(5,5),(0.,1.),.PIECEWISE_BEZIER_KNOTS.);
#9353 = CARTESIAN_POINT('',(0.684121445566,-2.49592983821,-11.0399875022
    ));
#9354 = CARTESIAN_POINT('',(0.691504822619,-2.507416771675,
    -11.04488004969));
#9355 = CARTESIAN_POINT('',(0.697029470819,-2.520599802067,
    -11.05101086482));
#9356 = CARTESIAN_POINT('',(0.700000000006,-2.535091631441,
    -11.05837994761));
#9357 = CARTESIAN_POINT('',(0.7,-2.550000000041,-11.06698729806));
#9358 = PCURVE('',#9303,#9359);
#9359 = DEFINITIONAL_REPRESENTATION('',(#9360),#9364);
#9360 = B_SPLINE_CURVE_WITH_KNOTS('',2,(#9361,#9362,#9363),
  .UNSPECIFIED.,.F.,.F.,(3,3),(0.,1.),.PIECEWISE_BEZIER_KNOTS.);
#9361 = CARTESIAN_POINT('',(3.71286359318,5.52015020445E-03));
#9362 = CARTESIAN_POINT('',(3.43976002518,1.530524517627E-02));
#9363 = CARTESIAN_POINT('',(3.14159265318,3.251994606247E-02));
#9364 = ( GEOMETRIC_REPRESENTATION_CONTEXT(2) 
PARAMETRIC_REPRESENTATION_CONTEXT() REPRESENTATION_CONTEXT('2D SPACE',''
  ) );
#9365 = ( GEOMETRIC_REPRESENTATION_CONTEXT(3) 
GLOBAL_UNCERTAINTY_ASSIGNED_CONTEXT((#9369)) 
GLOBAL_UNIT_ASSIGNED_CONTEXT((#9366,#9367,#9368)) REPRESENTATION_CONTEXT
('Context #1','3D Context with UNIT and UNCERTAINTY') );
#9366 = ( LENGTH_UNIT() NAMED_UNIT(*) SI_UNIT(.MILLI.,.METRE.) );
#9367 = ( NAMED_UNIT(*) PLANE_ANGLE_UNIT() SI_UNIT($,.RADIAN.) );
#9368 = ( NAMED_UNIT(*) SI_UNIT($,.STERADIAN.) SOLID_ANGLE_UNIT() );
#9369 = UNCERTAINTY_MEASURE_WITH_UNIT(LENGTH_MEASURE(1.E-05),#9366,
  'distance_accuracy_value','confusion accuracy');
#9370 = SHAPE_DEFINITION_REPRESENTATION(#9371,#9285);
#9371 = PRODUCT_DEFINITION_SHAPE('','',#9372);
#9372 = PRODUCT_DEFINITION('design','',#9373,#9376);
#9373 = PRODUCT_DEFINITION_FORMATION('','',#9374);
#9374 = PRODUCT('eMachineShop.58',
  'eMachineShop.58','',(#9375));
#9375 = PRODUCT_CONTEXT('',#2,'mechanical');
#9376 = PRODUCT_DEFINITION_CONTEXT('part definition',#2,'design');
#9377 = CONTEXT_DEPENDENT_SHAPE_REPRESENTATION(#9378,#9380);
#9378 = ( REPRESENTATION_RELATIONSHIP('','',#9285,#10) 
REPRESENTATION_RELATIONSHIP_WITH_TRANSFORMATION(#9379) 
SHAPE_REPRESENTATION_RELATIONSHIP() );
#9379 = ITEM_DEFINED_TRANSFORMATION('','',#11,#243);
#9380 = PRODUCT_DEFINITION_SHAPE('Placement','Placement of an item',
  #9381);
#9381 = NEXT_ASSEMBLY_USAGE_OCCURRENCE('58','','',#5,#9372,$);
#9382 = PRODUCT_RELATED_PRODUCT_CATEGORY('part',$,(#9374));
#9383 = MANIFOLD_SURFACE_SHAPE_REPRESENTATION('',(#11,#9384),#9537);
#9384 = SHELL_BASED_SURFACE_MODEL('',(#9385));
#9385 = OPEN_SHELL('',(#9386));
#9386 = ADVANCED_FACE('',(#9387),#9401,.T.);
#9387 = FACE_BOUND('',#9388,.T.);
#9388 = EDGE_LOOP('',(#9389,#9411,#9427,#9443,#9459,#9475,#9491,#9507,
    #9523));
#9389 = ORIENTED_EDGE('',*,*,#9390,.T.);
#9390 = EDGE_CURVE('',#9391,#9393,#9395,.T.);
#9391 = VERTEX_POINT('',#9392);
#9392 = CARTESIAN_POINT('',(0.7,-2.55,-11.06698729831));
#9393 = VERTEX_POINT('',#9394);
#9394 = CARTESIAN_POINT('',(0.7,-2.55,-11.93301270168));
#9395 = SURFACE_CURVE('',#9396,(#9400),.PCURVE_S1.);
#9396 = LINE('',#9397,#9398);
#9397 = CARTESIAN_POINT('',(0.7,-2.55,-11.066987298));
#9398 = VECTOR('',#9399,1.);
#9399 = DIRECTION('',(0.,0.,-1.));
#9400 = PCURVE('',#9401,#9406);
#9401 = B_SPLINE_SURFACE_WITH_KNOTS('',1,1,(
    (#9402,#9403)
    ,(#9404,#9405
    )),.UNSPECIFIED.,.F.,.F.,.F.,(2,2),(2,2),(0.,1.),(0.,1.),
  .PIECEWISE_BEZIER_KNOTS.);
#9402 = CARTESIAN_POINT('',(0.7,-2.8015,-11.938208854));
#9403 = CARTESIAN_POINT('',(0.7,-2.55,-11.938208854));
#9404 = CARTESIAN_POINT('',(0.7,-2.8015,-11.061791146));
#9405 = CARTESIAN_POINT('',(0.7,-2.55,-11.061791146));
#9406 = DEFINITIONAL_REPRESENTATION('',(#9407),#9410);
#9407 = B_SPLINE_CURVE_WITH_KNOTS('',1,(#9408,#9409),.UNSPECIFIED.,.F.,
  .F.,(2,2),(0.,0.866025404),.PIECEWISE_BEZIER_KNOTS.);
#9408 = CARTESIAN_POINT('',(0.994071146,1.));
#9409 = CARTESIAN_POINT('',(5.928854E-03,1.));
#9410 = ( GEOMETRIC_REPRESENTATION_CONTEXT(2) 
PARAMETRIC_REPRESENTATION_CONTEXT() REPRESENTATION_CONTEXT('2D SPACE',''
  ) );
#9411 = ORIENTED_EDGE('',*,*,#9412,.T.);
#9412 = EDGE_CURVE('',#9393,#9413,#9415,.T.);
#9413 = VERTEX_POINT('',#9414);
#9414 = CARTESIAN_POINT('',(0.7,-2.653553390656,-11.85355339065));
#9415 = SURFACE_CURVE('',#9416,(#9420),.PCURVE_S1.);
#9416 = B_SPLINE_CURVE_WITH_KNOTS('',2,(#9417,#9418,#9419),
  .UNSPECIFIED.,.F.,.F.,(3,3),(0.,0.25),.PIECEWISE_BEZIER_KNOTS.);
#9417 = CARTESIAN_POINT('',(0.7,-2.55,-11.93301270136));
#9418 = CARTESIAN_POINT('',(0.7,-2.607007203703,-11.90009957754));
#9419 = CARTESIAN_POINT('',(0.7,-2.653553390656,-11.85355339065));
#9420 = PCURVE('',#9401,#9421);
#9421 = DEFINITIONAL_REPRESENTATION('',(#9422),#9426);
#9422 = B_SPLINE_CURVE_WITH_KNOTS('',2,(#9423,#9424,#9425),
  .UNSPECIFIED.,.F.,.F.,(3,3),(0.,0.25),.PIECEWISE_BEZIER_KNOTS.);
#9423 = CARTESIAN_POINT('',(5.928854E-03,1.));
#9424 = CARTESIAN_POINT('',(4.3483006E-02,0.773331198));
#9425 = CARTESIAN_POINT('',(9.6592598E-02,0.588256896));
#9426 = ( GEOMETRIC_REPRESENTATION_CONTEXT(2) 
PARAMETRIC_REPRESENTATION_CONTEXT() REPRESENTATION_CONTEXT('2D SPACE',''
  ) );
#9427 = ORIENTED_EDGE('',*,*,#9428,.T.);
#9428 = EDGE_CURVE('',#9413,#9429,#9431,.T.);
#9429 = VERTEX_POINT('',#9430);
#9430 = CARTESIAN_POINT('',(0.7,-2.733012701799,-11.74999999957));
#9431 = SURFACE_CURVE('',#9432,(#9436),.PCURVE_S1.);
#9432 = B_SPLINE_CURVE_WITH_KNOTS('',2,(#9433,#9434,#9435),
  .UNSPECIFIED.,.F.,.F.,(3,3),(0.25,0.5),.PIECEWISE_BEZIER_KNOTS.);
#9433 = CARTESIAN_POINT('',(0.7,-2.653553390656,-11.85355339065));
#9434 = CARTESIAN_POINT('',(0.7,-2.700099577609,-11.80700720375));
#9435 = CARTESIAN_POINT('',(0.7,-2.733012701798,-11.74999999957));
#9436 = PCURVE('',#9401,#9437);
#9437 = DEFINITIONAL_REPRESENTATION('',(#9438),#9442);
#9438 = B_SPLINE_CURVE_WITH_KNOTS('',2,(#9439,#9440,#9441),
  .UNSPECIFIED.,.F.,.F.,(3,3),(0.25,0.5),.PIECEWISE_BEZIER_KNOTS.);
#9439 = CARTESIAN_POINT('',(9.6592598E-02,0.588256896));
#9440 = CARTESIAN_POINT('',(0.14970219,0.403182594));
#9441 = CARTESIAN_POINT('',(0.214747891,0.272315301));
#9442 = ( GEOMETRIC_REPRESENTATION_CONTEXT(2) 
PARAMETRIC_REPRESENTATION_CONTEXT() REPRESENTATION_CONTEXT('2D SPACE',''
  ) );
#9443 = ORIENTED_EDGE('',*,*,#9444,.T.);
#9444 = EDGE_CURVE('',#9429,#9445,#9447,.T.);
#9445 = VERTEX_POINT('',#9446);
#9446 = CARTESIAN_POINT('',(0.7,-2.782962913083,-11.62940952239));
#9447 = SURFACE_CURVE('',#9448,(#9452),.PCURVE_S1.);
#9448 = B_SPLINE_CURVE_WITH_KNOTS('',2,(#9449,#9450,#9451),
  .UNSPECIFIED.,.F.,.F.,(3,3),(0.5,0.75),.PIECEWISE_BEZIER_KNOTS.);
#9449 = CARTESIAN_POINT('',(0.7,-2.733012701798,-11.74999999957));
#9450 = CARTESIAN_POINT('',(0.7,-2.76592582624,-11.69299279626));
#9451 = CARTESIAN_POINT('',(0.7,-2.782962913083,-11.62940952239));
#9452 = PCURVE('',#9401,#9453);
#9453 = DEFINITIONAL_REPRESENTATION('',(#9454),#9458);
#9454 = B_SPLINE_CURVE_WITH_KNOTS('',2,(#9455,#9456,#9457),
  .UNSPECIFIED.,.F.,.F.,(3,3),(0.5,0.75),.PIECEWISE_BEZIER_KNOTS.);
#9455 = CARTESIAN_POINT('',(0.214747891,0.272315301));
#9456 = CARTESIAN_POINT('',(0.279793591,0.141448007));
#9457 = CARTESIAN_POINT('',(0.352342643,7.3706111E-02));
#9458 = ( GEOMETRIC_REPRESENTATION_CONTEXT(2) 
PARAMETRIC_REPRESENTATION_CONTEXT() REPRESENTATION_CONTEXT('2D SPACE',''
  ) );
#9459 = ORIENTED_EDGE('',*,*,#9460,.T.);
#9460 = EDGE_CURVE('',#9445,#9461,#9463,.T.);
#9461 = VERTEX_POINT('',#9462);
#9462 = CARTESIAN_POINT('',(0.7,-2.799999999928,-11.5));
#9463 = SURFACE_CURVE('',#9464,(#9468),.PCURVE_S1.);
#9464 = B_SPLINE_CURVE_WITH_KNOTS('',2,(#9465,#9466,#9467),
  .UNSPECIFIED.,.F.,.F.,(3,3),(0.75,1.),.PIECEWISE_BEZIER_KNOTS.);
#9465 = CARTESIAN_POINT('',(0.7,-2.782962913083,-11.62940952239));
#9466 = CARTESIAN_POINT('',(0.7,-2.799999999927,-11.56582624852));
#9467 = CARTESIAN_POINT('',(0.7,-2.799999999928,-11.5));
#9468 = PCURVE('',#9401,#9469);
#9469 = DEFINITIONAL_REPRESENTATION('',(#9470),#9474);
#9470 = B_SPLINE_CURVE_WITH_KNOTS('',2,(#9471,#9472,#9473),
  .UNSPECIFIED.,.F.,.F.,(3,3),(0.75,1.),.PIECEWISE_BEZIER_KNOTS.);
#9471 = CARTESIAN_POINT('',(0.352342643,7.3706111E-02));
#9472 = CARTESIAN_POINT('',(0.424891695,5.964215E-03));
#9473 = CARTESIAN_POINT('',(0.5,5.964215E-03));
#9474 = ( GEOMETRIC_REPRESENTATION_CONTEXT(2) 
PARAMETRIC_REPRESENTATION_CONTEXT() REPRESENTATION_CONTEXT('2D SPACE',''
  ) );
#9475 = ORIENTED_EDGE('',*,*,#9476,.T.);
#9476 = EDGE_CURVE('',#9461,#9477,#9479,.T.);
#9477 = VERTEX_POINT('',#9478);
#9478 = CARTESIAN_POINT('',(0.7,-2.782962913083,-11.3705904776));
#9479 = SURFACE_CURVE('',#9480,(#9484),.PCURVE_S1.);
#9480 = B_SPLINE_CURVE_WITH_KNOTS('',2,(#9481,#9482,#9483),
  .UNSPECIFIED.,.F.,.F.,(3,3),(0.,0.25),.PIECEWISE_BEZIER_KNOTS.);
#9481 = CARTESIAN_POINT('',(0.7,-2.799999999928,-11.5));
#9482 = CARTESIAN_POINT('',(0.7,-2.799999999928,-11.43417375148));
#9483 = CARTESIAN_POINT('',(0.7,-2.782962913084,-11.3705904776));
#9484 = PCURVE('',#9401,#9485);
#9485 = DEFINITIONAL_REPRESENTATION('',(#9486),#9490);
#9486 = B_SPLINE_CURVE_WITH_KNOTS('',2,(#9487,#9488,#9489),
  .UNSPECIFIED.,.F.,.F.,(3,3),(0.,0.25),.PIECEWISE_BEZIER_KNOTS.);
#9487 = CARTESIAN_POINT('',(0.5,5.964215E-03));
#9488 = CARTESIAN_POINT('',(0.575108305,5.964215E-03));
#9489 = CARTESIAN_POINT('',(0.647657357,7.3706111E-02));
#9490 = ( GEOMETRIC_REPRESENTATION_CONTEXT(2) 
PARAMETRIC_REPRESENTATION_CONTEXT() REPRESENTATION_CONTEXT('2D SPACE',''
  ) );
#9491 = ORIENTED_EDGE('',*,*,#9492,.T.);
#9492 = EDGE_CURVE('',#9477,#9493,#9495,.T.);
#9493 = VERTEX_POINT('',#9494);
#9494 = CARTESIAN_POINT('',(0.7,-2.733012701799,-11.25000000042));
#9495 = SURFACE_CURVE('',#9496,(#9500),.PCURVE_S1.);
#9496 = B_SPLINE_CURVE_WITH_KNOTS('',2,(#9497,#9498,#9499),
  .UNSPECIFIED.,.F.,.F.,(3,3),(0.25,0.5),.PIECEWISE_BEZIER_KNOTS.);
#9497 = CARTESIAN_POINT('',(0.7,-2.782962913083,-11.3705904776));
#9498 = CARTESIAN_POINT('',(0.7,-2.765925826239,-11.30700720373));
#9499 = CARTESIAN_POINT('',(0.7,-2.733012701798,-11.25000000042));
#9500 = PCURVE('',#9401,#9501);
#9501 = DEFINITIONAL_REPRESENTATION('',(#9502),#9506);
#9502 = B_SPLINE_CURVE_WITH_KNOTS('',2,(#9503,#9504,#9505),
  .UNSPECIFIED.,.F.,.F.,(3,3),(0.25,0.5),.PIECEWISE_BEZIER_KNOTS.);
#9503 = CARTESIAN_POINT('',(0.647657357,7.3706111E-02));
#9504 = CARTESIAN_POINT('',(0.720206409,0.141448007));
#9505 = CARTESIAN_POINT('',(0.785252109,0.272315301));
#9506 = ( GEOMETRIC_REPRESENTATION_CONTEXT(2) 
PARAMETRIC_REPRESENTATION_CONTEXT() REPRESENTATION_CONTEXT('2D SPACE',''
  ) );
#9507 = ORIENTED_EDGE('',*,*,#9508,.T.);
#9508 = EDGE_CURVE('',#9493,#9509,#9511,.T.);
#9509 = VERTEX_POINT('',#9510);
#9510 = CARTESIAN_POINT('',(0.7,-2.653553390656,-11.14644660934));
#9511 = SURFACE_CURVE('',#9512,(#9516),.PCURVE_S1.);
#9512 = B_SPLINE_CURVE_WITH_KNOTS('',2,(#9513,#9514,#9515),
  .UNSPECIFIED.,.F.,.F.,(3,3),(0.5,0.75),.PIECEWISE_BEZIER_KNOTS.);
#9513 = CARTESIAN_POINT('',(0.7,-2.733012701798,-11.25000000042));
#9514 = CARTESIAN_POINT('',(0.7,-2.700099577609,-11.19299279624));
#9515 = CARTESIAN_POINT('',(0.7,-2.653553390656,-11.14644660934));
#9516 = PCURVE('',#9401,#9517);
#9517 = DEFINITIONAL_REPRESENTATION('',(#9518),#9522);
#9518 = B_SPLINE_CURVE_WITH_KNOTS('',2,(#9519,#9520,#9521),
  .UNSPECIFIED.,.F.,.F.,(3,3),(0.5,0.75),.PIECEWISE_BEZIER_KNOTS.);
#9519 = CARTESIAN_POINT('',(0.785252109,0.272315301));
#9520 = CARTESIAN_POINT('',(0.85029781,0.403182594));
#9521 = CARTESIAN_POINT('',(0.903407402,0.588256896));
#9522 = ( GEOMETRIC_REPRESENTATION_CONTEXT(2) 
PARAMETRIC_REPRESENTATION_CONTEXT() REPRESENTATION_CONTEXT('2D SPACE',''
  ) );
#9523 = ORIENTED_EDGE('',*,*,#9524,.T.);
#9524 = EDGE_CURVE('',#9509,#9391,#9525,.T.);
#9525 = SURFACE_CURVE('',#9526,(#9530),.PCURVE_S1.);
#9526 = B_SPLINE_CURVE_WITH_KNOTS('',2,(#9527,#9528,#9529),
  .UNSPECIFIED.,.F.,.F.,(3,3),(0.75,1.),.PIECEWISE_BEZIER_KNOTS.);
#9527 = CARTESIAN_POINT('',(0.7,-2.653553390656,-11.14644660934));
#9528 = CARTESIAN_POINT('',(0.7,-2.607007203703,-11.09990042245));
#9529 = CARTESIAN_POINT('',(0.7,-2.55,-11.06698729863));
#9530 = PCURVE('',#9401,#9531);
#9531 = DEFINITIONAL_REPRESENTATION('',(#9532),#9536);
#9532 = B_SPLINE_CURVE_WITH_KNOTS('',2,(#9533,#9534,#9535),
  .UNSPECIFIED.,.F.,.F.,(3,3),(0.75,1.),.PIECEWISE_BEZIER_KNOTS.);
#9533 = CARTESIAN_POINT('',(0.903407402,0.588256896));
#9534 = CARTESIAN_POINT('',(0.956516994,0.773331198));
#9535 = CARTESIAN_POINT('',(0.994071146,1.));
#9536 = ( GEOMETRIC_REPRESENTATION_CONTEXT(2) 
PARAMETRIC_REPRESENTATION_CONTEXT() REPRESENTATION_CONTEXT('2D SPACE',''
  ) );
#9537 = ( GEOMETRIC_REPRESENTATION_CONTEXT(3) 
GLOBAL_UNCERTAINTY_ASSIGNED_CONTEXT((#9541)) 
GLOBAL_UNIT_ASSIGNED_CONTEXT((#9538,#9539,#9540)) REPRESENTATION_CONTEXT
('Context #1','3D Context with UNIT and UNCERTAINTY') );
#9538 = ( LENGTH_UNIT() NAMED_UNIT(*) SI_UNIT(.MILLI.,.METRE.) );
#9539 = ( NAMED_UNIT(*) PLANE_ANGLE_UNIT() SI_UNIT($,.RADIAN.) );
#9540 = ( NAMED_UNIT(*) SI_UNIT($,.STERADIAN.) SOLID_ANGLE_UNIT() );
#9541 = UNCERTAINTY_MEASURE_WITH_UNIT(LENGTH_MEASURE(1.E-05),#9538,
  'distance_accuracy_value','confusion accuracy');
#9542 = SHAPE_DEFINITION_REPRESENTATION(#9543,#9383);
#9543 = PRODUCT_DEFINITION_SHAPE('','',#9544);
#9544 = PRODUCT_DEFINITION('design','',#9545,#9548);
#9545 = PRODUCT_DEFINITION_FORMATION('','',#9546);
#9546 = PRODUCT('eMachineShop.59',
  'eMachineShop.59','',(#9547));
#9547 = PRODUCT_CONTEXT('',#2,'mechanical');
#9548 = PRODUCT_DEFINITION_CONTEXT('part definition',#2,'design');
#9549 = CONTEXT_DEPENDENT_SHAPE_REPRESENTATION(#9550,#9552);
#9550 = ( REPRESENTATION_RELATIONSHIP('','',#9383,#10) 
REPRESENTATION_RELATIONSHIP_WITH_TRANSFORMATION(#9551) 
SHAPE_REPRESENTATION_RELATIONSHIP() );
#9551 = ITEM_DEFINED_TRANSFORMATION('','',#11,#247);
#9552 = PRODUCT_DEFINITION_SHAPE('Placement','Placement of an item',
  #9553);
#9553 = NEXT_ASSEMBLY_USAGE_OCCURRENCE('59','','',#5,#9544,$);
#9554 = PRODUCT_RELATED_PRODUCT_CATEGORY('part',$,(#9546));
#9555 = MANIFOLD_SURFACE_SHAPE_REPRESENTATION('',(#11,#9556),#9709);
#9556 = SHELL_BASED_SURFACE_MODEL('',(#9557));
#9557 = OPEN_SHELL('',(#9558));
#9558 = ADVANCED_FACE('',(#9559),#9573,.T.);
#9559 = FACE_BOUND('',#9560,.T.);
#9560 = EDGE_LOOP('',(#9561,#9584,#9600,#9616,#9632,#9648,#9664,#9680,
    #9696));
#9561 = ORIENTED_EDGE('',*,*,#9562,.T.);
#9562 = EDGE_CURVE('',#9563,#9565,#9567,.T.);
#9563 = VERTEX_POINT('',#9564);
#9564 = CARTESIAN_POINT('',(1.,-2.55,-11.06698729831));
#9565 = VERTEX_POINT('',#9566);
#9566 = CARTESIAN_POINT('',(1.,-2.653553390656,-11.14644660934));
#9567 = SURFACE_CURVE('',#9568,(#9572),.PCURVE_S1.);
#9568 = B_SPLINE_CURVE_WITH_KNOTS('',2,(#9569,#9570,#9571),
  .UNSPECIFIED.,.F.,.F.,(3,3),(0.,0.25),.PIECEWISE_BEZIER_KNOTS.);
#9569 = CARTESIAN_POINT('',(1.,-2.55,-11.06698729863));
#9570 = CARTESIAN_POINT('',(1.,-2.607007203703,-11.09990042245));
#9571 = CARTESIAN_POINT('',(1.,-2.653553390656,-11.14644660934));
#9572 = PCURVE('',#9573,#9578);
#9573 = B_SPLINE_SURFACE_WITH_KNOTS('',1,1,(
    (#9574,#9575)
    ,(#9576,#9577
    )),.UNSPECIFIED.,.F.,.F.,.F.,(2,2),(2,2),(0.,1.),(0.,1.),
  .PIECEWISE_BEZIER_KNOTS.);
#9574 = CARTESIAN_POINT('',(1.,-2.8015,-11.061791146));
#9575 = CARTESIAN_POINT('',(1.,-2.55,-11.061791146));
#9576 = CARTESIAN_POINT('',(1.,-2.8015,-11.938208854));
#9577 = CARTESIAN_POINT('',(1.,-2.55,-11.938208854));
#9578 = DEFINITIONAL_REPRESENTATION('',(#9579),#9583);
#9579 = B_SPLINE_CURVE_WITH_KNOTS('',2,(#9580,#9581,#9582),
  .UNSPECIFIED.,.F.,.F.,(3,3),(0.,0.25),.PIECEWISE_BEZIER_KNOTS.);
#9580 = CARTESIAN_POINT('',(5.928854E-03,1.));
#9581 = CARTESIAN_POINT('',(4.3483006E-02,0.773331198));
#9582 = CARTESIAN_POINT('',(9.6592598E-02,0.588256896));
#9583 = ( GEOMETRIC_REPRESENTATION_CONTEXT(2) 
PARAMETRIC_REPRESENTATION_CONTEXT() REPRESENTATION_CONTEXT('2D SPACE',''
  ) );
#9584 = ORIENTED_EDGE('',*,*,#9585,.T.);
#9585 = EDGE_CURVE('',#9565,#9586,#9588,.T.);
#9586 = VERTEX_POINT('',#9587);
#9587 = CARTESIAN_POINT('',(1.,-2.733012701799,-11.25000000042));
#9588 = SURFACE_CURVE('',#9589,(#9593),.PCURVE_S1.);
#9589 = B_SPLINE_CURVE_WITH_KNOTS('',2,(#9590,#9591,#9592),
  .UNSPECIFIED.,.F.,.F.,(3,3),(0.25,0.5),.PIECEWISE_BEZIER_KNOTS.);
#9590 = CARTESIAN_POINT('',(1.,-2.653553390656,-11.14644660934));
#9591 = CARTESIAN_POINT('',(1.,-2.700099577609,-11.19299279624));
#9592 = CARTESIAN_POINT('',(1.,-2.733012701798,-11.25000000042));
#9593 = PCURVE('',#9573,#9594);
#9594 = DEFINITIONAL_REPRESENTATION('',(#9595),#9599);
#9595 = B_SPLINE_CURVE_WITH_KNOTS('',2,(#9596,#9597,#9598),
  .UNSPECIFIED.,.F.,.F.,(3,3),(0.25,0.5),.PIECEWISE_BEZIER_KNOTS.);
#9596 = CARTESIAN_POINT('',(9.6592598E-02,0.588256896));
#9597 = CARTESIAN_POINT('',(0.14970219,0.403182594));
#9598 = CARTESIAN_POINT('',(0.214747891,0.272315301));
#9599 = ( GEOMETRIC_REPRESENTATION_CONTEXT(2) 
PARAMETRIC_REPRESENTATION_CONTEXT() REPRESENTATION_CONTEXT('2D SPACE',''
  ) );
#9600 = ORIENTED_EDGE('',*,*,#9601,.T.);
#9601 = EDGE_CURVE('',#9586,#9602,#9604,.T.);
#9602 = VERTEX_POINT('',#9603);
#9603 = CARTESIAN_POINT('',(1.,-2.782962913083,-11.3705904776));
#9604 = SURFACE_CURVE('',#9605,(#9609),.PCURVE_S1.);
#9605 = B_SPLINE_CURVE_WITH_KNOTS('',2,(#9606,#9607,#9608),
  .UNSPECIFIED.,.F.,.F.,(3,3),(0.5,0.75),.PIECEWISE_BEZIER_KNOTS.);
#9606 = CARTESIAN_POINT('',(1.,-2.733012701798,-11.25000000042));
#9607 = CARTESIAN_POINT('',(1.,-2.76592582624,-11.30700720373));
#9608 = CARTESIAN_POINT('',(1.,-2.782962913083,-11.3705904776));
#9609 = PCURVE('',#9573,#9610);
#9610 = DEFINITIONAL_REPRESENTATION('',(#9611),#9615);
#9611 = B_SPLINE_CURVE_WITH_KNOTS('',2,(#9612,#9613,#9614),
  .UNSPECIFIED.,.F.,.F.,(3,3),(0.5,0.75),.PIECEWISE_BEZIER_KNOTS.);
#9612 = CARTESIAN_POINT('',(0.214747891,0.272315301));
#9613 = CARTESIAN_POINT('',(0.279793591,0.141448007));
#9614 = CARTESIAN_POINT('',(0.352342643,7.3706111E-02));
#9615 = ( GEOMETRIC_REPRESENTATION_CONTEXT(2) 
PARAMETRIC_REPRESENTATION_CONTEXT() REPRESENTATION_CONTEXT('2D SPACE',''
  ) );
#9616 = ORIENTED_EDGE('',*,*,#9617,.T.);
#9617 = EDGE_CURVE('',#9602,#9618,#9620,.T.);
#9618 = VERTEX_POINT('',#9619);
#9619 = CARTESIAN_POINT('',(1.,-2.799999999928,-11.5));
#9620 = SURFACE_CURVE('',#9621,(#9625),.PCURVE_S1.);
#9621 = B_SPLINE_CURVE_WITH_KNOTS('',2,(#9622,#9623,#9624),
  .UNSPECIFIED.,.F.,.F.,(3,3),(0.75,1.),.PIECEWISE_BEZIER_KNOTS.);
#9622 = CARTESIAN_POINT('',(1.,-2.782962913083,-11.3705904776));
#9623 = CARTESIAN_POINT('',(1.,-2.799999999927,-11.43417375148));
#9624 = CARTESIAN_POINT('',(1.,-2.799999999928,-11.5));
#9625 = PCURVE('',#9573,#9626);
#9626 = DEFINITIONAL_REPRESENTATION('',(#9627),#9631);
#9627 = B_SPLINE_CURVE_WITH_KNOTS('',2,(#9628,#9629,#9630),
  .UNSPECIFIED.,.F.,.F.,(3,3),(0.75,1.),.PIECEWISE_BEZIER_KNOTS.);
#9628 = CARTESIAN_POINT('',(0.352342643,7.3706111E-02));
#9629 = CARTESIAN_POINT('',(0.424891695,5.964215E-03));
#9630 = CARTESIAN_POINT('',(0.5,5.964215E-03));
#9631 = ( GEOMETRIC_REPRESENTATION_CONTEXT(2) 
PARAMETRIC_REPRESENTATION_CONTEXT() REPRESENTATION_CONTEXT('2D SPACE',''
  ) );
#9632 = ORIENTED_EDGE('',*,*,#9633,.T.);
#9633 = EDGE_CURVE('',#9618,#9634,#9636,.T.);
#9634 = VERTEX_POINT('',#9635);
#9635 = CARTESIAN_POINT('',(1.,-2.782962913083,-11.62940952239));
#9636 = SURFACE_CURVE('',#9637,(#9641),.PCURVE_S1.);
#9637 = B_SPLINE_CURVE_WITH_KNOTS('',2,(#9638,#9639,#9640),
  .UNSPECIFIED.,.F.,.F.,(3,3),(0.,0.25),.PIECEWISE_BEZIER_KNOTS.);
#9638 = CARTESIAN_POINT('',(1.,-2.799999999928,-11.5));
#9639 = CARTESIAN_POINT('',(1.,-2.799999999928,-11.56582624852));
#9640 = CARTESIAN_POINT('',(1.,-2.782962913084,-11.62940952239));
#9641 = PCURVE('',#9573,#9642);
#9642 = DEFINITIONAL_REPRESENTATION('',(#9643),#9647);
#9643 = B_SPLINE_CURVE_WITH_KNOTS('',2,(#9644,#9645,#9646),
  .UNSPECIFIED.,.F.,.F.,(3,3),(0.,0.25),.PIECEWISE_BEZIER_KNOTS.);
#9644 = CARTESIAN_POINT('',(0.5,5.964215E-03));
#9645 = CARTESIAN_POINT('',(0.575108305,5.964215E-03));
#9646 = CARTESIAN_POINT('',(0.647657357,7.3706111E-02));
#9647 = ( GEOMETRIC_REPRESENTATION_CONTEXT(2) 
PARAMETRIC_REPRESENTATION_CONTEXT() REPRESENTATION_CONTEXT('2D SPACE',''
  ) );
#9648 = ORIENTED_EDGE('',*,*,#9649,.T.);
#9649 = EDGE_CURVE('',#9634,#9650,#9652,.T.);
#9650 = VERTEX_POINT('',#9651);
#9651 = CARTESIAN_POINT('',(1.,-2.733012701799,-11.74999999957));
#9652 = SURFACE_CURVE('',#9653,(#9657),.PCURVE_S1.);
#9653 = B_SPLINE_CURVE_WITH_KNOTS('',2,(#9654,#9655,#9656),
  .UNSPECIFIED.,.F.,.F.,(3,3),(0.25,0.5),.PIECEWISE_BEZIER_KNOTS.);
#9654 = CARTESIAN_POINT('',(1.,-2.782962913083,-11.62940952239));
#9655 = CARTESIAN_POINT('',(1.,-2.765925826239,-11.69299279626));
#9656 = CARTESIAN_POINT('',(1.,-2.733012701798,-11.74999999957));
#9657 = PCURVE('',#9573,#9658);
#9658 = DEFINITIONAL_REPRESENTATION('',(#9659),#9663);
#9659 = B_SPLINE_CURVE_WITH_KNOTS('',2,(#9660,#9661,#9662),
  .UNSPECIFIED.,.F.,.F.,(3,3),(0.25,0.5),.PIECEWISE_BEZIER_KNOTS.);
#9660 = CARTESIAN_POINT('',(0.647657357,7.3706111E-02));
#9661 = CARTESIAN_POINT('',(0.720206409,0.141448007));
#9662 = CARTESIAN_POINT('',(0.785252109,0.272315301));
#9663 = ( GEOMETRIC_REPRESENTATION_CONTEXT(2) 
PARAMETRIC_REPRESENTATION_CONTEXT() REPRESENTATION_CONTEXT('2D SPACE',''
  ) );
#9664 = ORIENTED_EDGE('',*,*,#9665,.T.);
#9665 = EDGE_CURVE('',#9650,#9666,#9668,.T.);
#9666 = VERTEX_POINT('',#9667);
#9667 = CARTESIAN_POINT('',(1.,-2.653553390656,-11.85355339065));
#9668 = SURFACE_CURVE('',#9669,(#9673),.PCURVE_S1.);
#9669 = B_SPLINE_CURVE_WITH_KNOTS('',2,(#9670,#9671,#9672),
  .UNSPECIFIED.,.F.,.F.,(3,3),(0.5,0.75),.PIECEWISE_BEZIER_KNOTS.);
#9670 = CARTESIAN_POINT('',(1.,-2.733012701798,-11.74999999957));
#9671 = CARTESIAN_POINT('',(1.,-2.700099577609,-11.80700720375));
#9672 = CARTESIAN_POINT('',(1.,-2.653553390656,-11.85355339065));
#9673 = PCURVE('',#9573,#9674);
#9674 = DEFINITIONAL_REPRESENTATION('',(#9675),#9679);
#9675 = B_SPLINE_CURVE_WITH_KNOTS('',2,(#9676,#9677,#9678),
  .UNSPECIFIED.,.F.,.F.,(3,3),(0.5,0.75),.PIECEWISE_BEZIER_KNOTS.);
#9676 = CARTESIAN_POINT('',(0.785252109,0.272315301));
#9677 = CARTESIAN_POINT('',(0.85029781,0.403182594));
#9678 = CARTESIAN_POINT('',(0.903407402,0.588256896));
#9679 = ( GEOMETRIC_REPRESENTATION_CONTEXT(2) 
PARAMETRIC_REPRESENTATION_CONTEXT() REPRESENTATION_CONTEXT('2D SPACE',''
  ) );
#9680 = ORIENTED_EDGE('',*,*,#9681,.T.);
#9681 = EDGE_CURVE('',#9666,#9682,#9684,.T.);
#9682 = VERTEX_POINT('',#9683);
#9683 = CARTESIAN_POINT('',(1.,-2.55,-11.93301270168));
#9684 = SURFACE_CURVE('',#9685,(#9689),.PCURVE_S1.);
#9685 = B_SPLINE_CURVE_WITH_KNOTS('',2,(#9686,#9687,#9688),
  .UNSPECIFIED.,.F.,.F.,(3,3),(0.75,1.),.PIECEWISE_BEZIER_KNOTS.);
#9686 = CARTESIAN_POINT('',(1.,-2.653553390656,-11.85355339065));
#9687 = CARTESIAN_POINT('',(1.,-2.607007203703,-11.90009957754));
#9688 = CARTESIAN_POINT('',(1.,-2.55,-11.93301270136));
#9689 = PCURVE('',#9573,#9690);
#9690 = DEFINITIONAL_REPRESENTATION('',(#9691),#9695);
#9691 = B_SPLINE_CURVE_WITH_KNOTS('',2,(#9692,#9693,#9694),
  .UNSPECIFIED.,.F.,.F.,(3,3),(0.75,1.),.PIECEWISE_BEZIER_KNOTS.);
#9692 = CARTESIAN_POINT('',(0.903407402,0.588256896));
#9693 = CARTESIAN_POINT('',(0.956516994,0.773331198));
#9694 = CARTESIAN_POINT('',(0.994071146,1.));
#9695 = ( GEOMETRIC_REPRESENTATION_CONTEXT(2) 
PARAMETRIC_REPRESENTATION_CONTEXT() REPRESENTATION_CONTEXT('2D SPACE',''
  ) );
#9696 = ORIENTED_EDGE('',*,*,#9697,.T.);
#9697 = EDGE_CURVE('',#9682,#9563,#9698,.T.);
#9698 = SURFACE_CURVE('',#9699,(#9703),.PCURVE_S1.);
#9699 = LINE('',#9700,#9701);
#9700 = CARTESIAN_POINT('',(1.,-2.55,-11.933012702));
#9701 = VECTOR('',#9702,1.);
#9702 = DIRECTION('',(0.,0.,1.));
#9703 = PCURVE('',#9573,#9704);
#9704 = DEFINITIONAL_REPRESENTATION('',(#9705),#9708);
#9705 = B_SPLINE_CURVE_WITH_KNOTS('',1,(#9706,#9707),.UNSPECIFIED.,.F.,
  .F.,(2,2),(0.,0.866025404),.PIECEWISE_BEZIER_KNOTS.);
#9706 = CARTESIAN_POINT('',(0.994071146,1.));
#9707 = CARTESIAN_POINT('',(5.928854E-03,1.));
#9708 = ( GEOMETRIC_REPRESENTATION_CONTEXT(2) 
PARAMETRIC_REPRESENTATION_CONTEXT() REPRESENTATION_CONTEXT('2D SPACE',''
  ) );
#9709 = ( GEOMETRIC_REPRESENTATION_CONTEXT(3) 
GLOBAL_UNCERTAINTY_ASSIGNED_CONTEXT((#9713)) 
GLOBAL_UNIT_ASSIGNED_CONTEXT((#9710,#9711,#9712)) REPRESENTATION_CONTEXT
('Context #1','3D Context with UNIT and UNCERTAINTY') );
#9710 = ( LENGTH_UNIT() NAMED_UNIT(*) SI_UNIT(.MILLI.,.METRE.) );
#9711 = ( NAMED_UNIT(*) PLANE_ANGLE_UNIT() SI_UNIT($,.RADIAN.) );
#9712 = ( NAMED_UNIT(*) SI_UNIT($,.STERADIAN.) SOLID_ANGLE_UNIT() );
#9713 = UNCERTAINTY_MEASURE_WITH_UNIT(LENGTH_MEASURE(1.E-05),#9710,
  'distance_accuracy_value','confusion accuracy');
#9714 = SHAPE_DEFINITION_REPRESENTATION(#9715,#9555);
#9715 = PRODUCT_DEFINITION_SHAPE('','',#9716);
#9716 = PRODUCT_DEFINITION('design','',#9717,#9720);
#9717 = PRODUCT_DEFINITION_FORMATION('','',#9718);
#9718 = PRODUCT('eMachineShop.60',
  'eMachineShop.60','',(#9719));
#9719 = PRODUCT_CONTEXT('',#2,'mechanical');
#9720 = PRODUCT_DEFINITION_CONTEXT('part definition',#2,'design');
#9721 = CONTEXT_DEPENDENT_SHAPE_REPRESENTATION(#9722,#9724);
#9722 = ( REPRESENTATION_RELATIONSHIP('','',#9555,#10) 
REPRESENTATION_RELATIONSHIP_WITH_TRANSFORMATION(#9723) 
SHAPE_REPRESENTATION_RELATIONSHIP() );
#9723 = ITEM_DEFINED_TRANSFORMATION('','',#11,#251);
#9724 = PRODUCT_DEFINITION_SHAPE('Placement','Placement of an item',
  #9725);
#9725 = NEXT_ASSEMBLY_USAGE_OCCURRENCE('60','','',#5,#9716,$);
#9726 = PRODUCT_RELATED_PRODUCT_CATEGORY('part',$,(#9718));
#9727 = MANIFOLD_SURFACE_SHAPE_REPRESENTATION('',(#11,#9728),#10050);
#9728 = SHELL_BASED_SURFACE_MODEL('',(#9729));
#9729 = OPEN_SHELL('',(#9730));
#9730 = ADVANCED_FACE('',(#9731),#9745,.T.);
#9731 = FACE_BOUND('',#9732,.T.);
#9732 = EDGE_LOOP('',(#9733,#9755,#9770,#9785,#9801,#9817,#9833,#9849,
    #9864,#9880,#9896,#9911,#9926,#9941,#9957,#9973,#9988,#10004,#10020,
    #10036));
#9733 = ORIENTED_EDGE('',*,*,#9734,.T.);
#9734 = EDGE_CURVE('',#9735,#9737,#9739,.T.);
#9735 = VERTEX_POINT('',#9736);
#9736 = CARTESIAN_POINT('',(0.353210603959,-1.9811043334,-11.));
#9737 = VERTEX_POINT('',#9738);
#9738 = CARTESIAN_POINT('',(0.558184974,-2.3,-11.));
#9739 = SURFACE_CURVE('',#9740,(#9744),.PCURVE_S1.);
#9740 = LINE('',#9741,#9742);
#9741 = CARTESIAN_POINT('',(0.353210604,-1.981104333,-11.));
#9742 = VECTOR('',#9743,1.);
#9743 = DIRECTION('',(0.540701617887,-0.841214455662,0.));
#9744 = PCURVE('',#9745,#9750);
#9745 = B_SPLINE_SURFACE_WITH_KNOTS('',1,1,(
    (#9746,#9747)
    ,(#9748,#9749
    )),.UNSPECIFIED.,.F.,.F.,.F.,(2,2),(2,2),(0.,1.),(0.,1.),
  .PIECEWISE_BEZIER_KNOTS.);
#9746 = CARTESIAN_POINT('',(0.2455,-2.3,-11.));
#9747 = CARTESIAN_POINT('',(0.2455,0.4,-11.));
#9748 = CARTESIAN_POINT('',(1.,-2.3,-11.));
#9749 = CARTESIAN_POINT('',(1.,0.4,-11.));
#9750 = DEFINITIONAL_REPRESENTATION('',(#9751),#9754);
#9751 = B_SPLINE_CURVE_WITH_KNOTS('',1,(#9752,#9753),.UNSPECIFIED.,.F.,
  .F.,(2,2),(0.,0.379089618413),.PIECEWISE_BEZIER_KNOTS.);
#9752 = CARTESIAN_POINT('',(0.142757593,0.118109506));
#9753 = CARTESIAN_POINT('',(0.414426738,0.));
#9754 = ( GEOMETRIC_REPRESENTATION_CONTEXT(2) 
PARAMETRIC_REPRESENTATION_CONTEXT() REPRESENTATION_CONTEXT('2D SPACE',''
  ) );
#9755 = ORIENTED_EDGE('',*,*,#9756,.T.);
#9756 = EDGE_CURVE('',#9737,#9757,#9759,.T.);
#9757 = VERTEX_POINT('',#9758);
#9758 = CARTESIAN_POINT('',(0.914812226,-2.3,-11.));
#9759 = SURFACE_CURVE('',#9760,(#9764),.PCURVE_S1.);
#9760 = LINE('',#9761,#9762);
#9761 = CARTESIAN_POINT('',(0.558184974,-2.3,-11.));
#9762 = VECTOR('',#9763,1.);
#9763 = DIRECTION('',(1.,0.,0.));
#9764 = PCURVE('',#9745,#9765);
#9765 = DEFINITIONAL_REPRESENTATION('',(#9766),#9769);
#9766 = B_SPLINE_CURVE_WITH_KNOTS('',1,(#9767,#9768),.UNSPECIFIED.,.F.,
  .F.,(2,2),(0.,0.356627252),.PIECEWISE_BEZIER_KNOTS.);
#9767 = CARTESIAN_POINT('',(0.414426738,0.));
#9768 = CARTESIAN_POINT('',(0.887093739,0.));
#9769 = ( GEOMETRIC_REPRESENTATION_CONTEXT(2) 
PARAMETRIC_REPRESENTATION_CONTEXT() REPRESENTATION_CONTEXT('2D SPACE',''
  ) );
#9770 = ORIENTED_EDGE('',*,*,#9771,.T.);
#9771 = EDGE_CURVE('',#9757,#9772,#9774,.T.);
#9772 = VERTEX_POINT('',#9773);
#9773 = CARTESIAN_POINT('',(0.605574940379,-1.8188938471,-11.));
#9774 = SURFACE_CURVE('',#9775,(#9779),.PCURVE_S1.);
#9775 = LINE('',#9776,#9777);
#9776 = CARTESIAN_POINT('',(0.914812226,-2.3,-11.));
#9777 = VECTOR('',#9778,1.);
#9778 = DIRECTION('',(-0.540701617755,0.841214455747,0.));
#9779 = PCURVE('',#9745,#9780);
#9780 = DEFINITIONAL_REPRESENTATION('',(#9781),#9784);
#9781 = B_SPLINE_CURVE_WITH_KNOTS('',1,(#9782,#9783),.UNSPECIFIED.,.F.,
  .F.,(2,2),(0.,0.571918551463),.PIECEWISE_BEZIER_KNOTS.);
#9782 = CARTESIAN_POINT('',(0.887093739,0.));
#9783 = CARTESIAN_POINT('',(0.477236502,0.178187464));
#9784 = ( GEOMETRIC_REPRESENTATION_CONTEXT(2) 
PARAMETRIC_REPRESENTATION_CONTEXT() REPRESENTATION_CONTEXT('2D SPACE',''
  ) );
#9785 = ORIENTED_EDGE('',*,*,#9786,.T.);
#9786 = EDGE_CURVE('',#9772,#9787,#9789,.T.);
#9787 = VERTEX_POINT('',#9788);
#9788 = CARTESIAN_POINT('',(0.564181023046,-1.7282668109,-11.));
#9789 = SURFACE_CURVE('',#9790,(#9794),.PCURVE_S1.);
#9790 = B_SPLINE_CURVE_WITH_KNOTS('',2,(#9791,#9792,#9793),
  .UNSPECIFIED.,.F.,.F.,(3,3),(0.,0.5),.PIECEWISE_BEZIER_KNOTS.);
#9791 = CARTESIAN_POINT('',(0.605574940759,-1.8188938472,-11.));
#9792 = CARTESIAN_POINT('',(0.578362045961,-1.7765564837,-11.));
#9793 = CARTESIAN_POINT('',(0.564181023046,-1.7282668109,-11.));
#9794 = PCURVE('',#9745,#9795);
#9795 = DEFINITIONAL_REPRESENTATION('',(#9796),#9800);
#9796 = B_SPLINE_CURVE_WITH_KNOTS('',2,(#9797,#9798,#9799),
  .UNSPECIFIED.,.F.,.F.,(3,3),(0.,0.5),.PIECEWISE_BEZIER_KNOTS.);
#9797 = CARTESIAN_POINT('',(0.477236502,0.178187464));
#9798 = CARTESIAN_POINT('',(0.441169047,0.193867969));
#9799 = CARTESIAN_POINT('',(0.422373788,0.211753033));
#9800 = ( GEOMETRIC_REPRESENTATION_CONTEXT(2) 
PARAMETRIC_REPRESENTATION_CONTEXT() REPRESENTATION_CONTEXT('2D SPACE',''
  ) );
#9801 = ORIENTED_EDGE('',*,*,#9802,.T.);
#9802 = EDGE_CURVE('',#9787,#9803,#9805,.T.);
#9803 = VERTEX_POINT('',#9804);
#9804 = CARTESIAN_POINT('',(0.55000000013,-1.6296482822,-11.));
#9805 = SURFACE_CURVE('',#9806,(#9810),.PCURVE_S1.);
#9806 = B_SPLINE_CURVE_WITH_KNOTS('',2,(#9807,#9808,#9809),
  .UNSPECIFIED.,.F.,.F.,(3,3),(0.5,1.),.PIECEWISE_BEZIER_KNOTS.);
#9807 = CARTESIAN_POINT('',(0.564181023046,-1.7282668109,-11.));
#9808 = CARTESIAN_POINT('',(0.55000000013,-1.6799771381,-11.));
#9809 = CARTESIAN_POINT('',(0.55000000013,-1.6296482822,-11.));
#9810 = PCURVE('',#9745,#9811);
#9811 = DEFINITIONAL_REPRESENTATION('',(#9812),#9816);
#9812 = B_SPLINE_CURVE_WITH_KNOTS('',2,(#9813,#9814,#9815),
  .UNSPECIFIED.,.F.,.F.,(3,3),(0.5,1.),.PIECEWISE_BEZIER_KNOTS.);
#9813 = CARTESIAN_POINT('',(0.422373788,0.211753033));
#9814 = CARTESIAN_POINT('',(0.403578529,0.229638097));
#9815 = CARTESIAN_POINT('',(0.403578529,0.248278414));
#9816 = ( GEOMETRIC_REPRESENTATION_CONTEXT(2) 
PARAMETRIC_REPRESENTATION_CONTEXT() REPRESENTATION_CONTEXT('2D SPACE',''
  ) );
#9817 = ORIENTED_EDGE('',*,*,#9818,.T.);
#9818 = EDGE_CURVE('',#9803,#9819,#9821,.T.);
#9819 = VERTEX_POINT('',#9820);
#9820 = CARTESIAN_POINT('',(0.569413481301,-1.514702408,-11.));
#9821 = SURFACE_CURVE('',#9822,(#9826),.PCURVE_S1.);
#9822 = B_SPLINE_CURVE_WITH_KNOTS('',2,(#9823,#9824,#9825),
  .UNSPECIFIED.,.F.,.F.,(3,3),(0.,0.5),.PIECEWISE_BEZIER_KNOTS.);
#9823 = CARTESIAN_POINT('',(0.55000000013,-1.6296482822,-11.));
#9824 = CARTESIAN_POINT('',(0.55000000013,-1.570535951,-11.));
#9825 = CARTESIAN_POINT('',(0.5694134813,-1.514702408,-11.));
#9826 = PCURVE('',#9745,#9827);
#9827 = DEFINITIONAL_REPRESENTATION('',(#9828),#9832);
#9828 = B_SPLINE_CURVE_WITH_KNOTS('',2,(#9829,#9830,#9831),
  .UNSPECIFIED.,.F.,.F.,(3,3),(0.,0.5),.PIECEWISE_BEZIER_KNOTS.);
#9829 = CARTESIAN_POINT('',(0.403578529,0.248278414));
#9830 = CARTESIAN_POINT('',(0.403578529,0.27017187));
#9831 = CARTESIAN_POINT('',(0.429308789,0.29085096));
#9832 = ( GEOMETRIC_REPRESENTATION_CONTEXT(2) 
PARAMETRIC_REPRESENTATION_CONTEXT() REPRESENTATION_CONTEXT('2D SPACE',''
  ) );
#9833 = ORIENTED_EDGE('',*,*,#9834,.T.);
#9834 = EDGE_CURVE('',#9819,#9835,#9837,.T.);
#9835 = VERTEX_POINT('',#9836);
#9836 = CARTESIAN_POINT('',(0.625500305832,-1.4125079636,-11.));
#9837 = SURFACE_CURVE('',#9838,(#9842),.PCURVE_S1.);
#9838 = B_SPLINE_CURVE_WITH_KNOTS('',2,(#9839,#9840,#9841),
  .UNSPECIFIED.,.F.,.F.,(3,3),(0.5,1.),.PIECEWISE_BEZIER_KNOTS.);
#9839 = CARTESIAN_POINT('',(0.5694134813,-1.514702408,-11.));
#9840 = CARTESIAN_POINT('',(0.588826961716,-1.4588688677,-11.));
#9841 = CARTESIAN_POINT('',(0.625500305663,-1.4125079642,-11.));
#9842 = PCURVE('',#9745,#9843);
#9843 = DEFINITIONAL_REPRESENTATION('',(#9844),#9848);
#9844 = B_SPLINE_CURVE_WITH_KNOTS('',2,(#9845,#9846,#9847),
  .UNSPECIFIED.,.F.,.F.,(3,3),(0.5,1.),.PIECEWISE_BEZIER_KNOTS.);
#9845 = CARTESIAN_POINT('',(0.429308789,0.29085096));
#9846 = CARTESIAN_POINT('',(0.455039048,0.311530049));
#9847 = CARTESIAN_POINT('',(0.503645203,0.328700754));
#9848 = ( GEOMETRIC_REPRESENTATION_CONTEXT(2) 
PARAMETRIC_REPRESENTATION_CONTEXT() REPRESENTATION_CONTEXT('2D SPACE',''
  ) );
#9849 = ORIENTED_EDGE('',*,*,#9850,.T.);
#9850 = EDGE_CURVE('',#9835,#9851,#9853,.T.);
#9851 = VERTEX_POINT('',#9852);
#9852 = CARTESIAN_POINT('',(0.913713936821,-1.0481603635,-11.));
#9853 = SURFACE_CURVE('',#9854,(#9858),.PCURVE_S1.);
#9854 = LINE('',#9855,#9856);
#9855 = CARTESIAN_POINT('',(0.625500306,-1.412507963,-11.));
#9856 = VECTOR('',#9857,1.);
#9857 = DIRECTION('',(0.620400909345,0.784284840912,0.));
#9858 = PCURVE('',#9745,#9859);
#9859 = DEFINITIONAL_REPRESENTATION('',(#9860),#9863);
#9860 = B_SPLINE_CURVE_WITH_KNOTS('',1,(#9861,#9862),.UNSPECIFIED.,.F.,
  .F.,(2,2),(0.,0.464560297476),.PIECEWISE_BEZIER_KNOTS.);
#9861 = CARTESIAN_POINT('',(0.503645203,0.328700754));
#9862 = CARTESIAN_POINT('',(0.885638087,0.46364431));
#9863 = ( GEOMETRIC_REPRESENTATION_CONTEXT(2) 
PARAMETRIC_REPRESENTATION_CONTEXT() REPRESENTATION_CONTEXT('2D SPACE',''
  ) );
#9864 = ORIENTED_EDGE('',*,*,#9865,.T.);
#9865 = EDGE_CURVE('',#9851,#9866,#9868,.T.);
#9866 = VERTEX_POINT('',#9867);
#9867 = CARTESIAN_POINT('',(0.977813164701,-0.9313667114,-11.));
#9868 = SURFACE_CURVE('',#9869,(#9873),.PCURVE_S1.);
#9869 = B_SPLINE_CURVE_WITH_KNOTS('',2,(#9870,#9871,#9872),
  .UNSPECIFIED.,.F.,.F.,(3,3),(0.,0.5),.PIECEWISE_BEZIER_KNOTS.);
#9870 = CARTESIAN_POINT('',(0.913713936641,-1.048160363,-11.));
#9871 = CARTESIAN_POINT('',(0.955626329401,-0.9951764729,-11.));
#9872 = CARTESIAN_POINT('',(0.9778131647,-0.9313667114,-11.));
#9873 = PCURVE('',#9745,#9874);
#9874 = DEFINITIONAL_REPRESENTATION('',(#9875),#9879);
#9875 = B_SPLINE_CURVE_WITH_KNOTS('',2,(#9876,#9877,#9878),
  .UNSPECIFIED.,.F.,.F.,(3,3),(0.,0.5),.PIECEWISE_BEZIER_KNOTS.);
#9876 = CARTESIAN_POINT('',(0.885638087,0.46364431));
#9877 = CARTESIAN_POINT('',(0.941187978,0.483267973));
#9878 = CARTESIAN_POINT('',(0.970593989,0.506901218));
#9879 = ( GEOMETRIC_REPRESENTATION_CONTEXT(2) 
PARAMETRIC_REPRESENTATION_CONTEXT() REPRESENTATION_CONTEXT('2D SPACE',''
  ) );
#9880 = ORIENTED_EDGE('',*,*,#9881,.T.);
#9881 = EDGE_CURVE('',#9866,#9882,#9884,.T.);
#9882 = VERTEX_POINT('',#9883);
#9883 = CARTESIAN_POINT('',(1.,-0.7999999994,-11.));
#9884 = SURFACE_CURVE('',#9885,(#9889),.PCURVE_S1.);
#9885 = B_SPLINE_CURVE_WITH_KNOTS('',2,(#9886,#9887,#9888),
  .UNSPECIFIED.,.F.,.F.,(3,3),(0.5,1.),.PIECEWISE_BEZIER_KNOTS.);
#9886 = CARTESIAN_POINT('',(0.9778131647,-0.9313667114,-11.));
#9887 = CARTESIAN_POINT('',(1.,-0.8675569499,-11.));
#9888 = CARTESIAN_POINT('',(1.,-0.7999999988,-11.));
#9889 = PCURVE('',#9745,#9890);
#9890 = DEFINITIONAL_REPRESENTATION('',(#9891),#9895);
#9891 = B_SPLINE_CURVE_WITH_KNOTS('',2,(#9892,#9893,#9894),
  .UNSPECIFIED.,.F.,.F.,(3,3),(0.5,1.),.PIECEWISE_BEZIER_KNOTS.);
#9892 = CARTESIAN_POINT('',(0.970593989,0.506901218));
#9893 = CARTESIAN_POINT('',(1.,0.530534463));
#9894 = CARTESIAN_POINT('',(1.,0.555555556));
#9895 = ( GEOMETRIC_REPRESENTATION_CONTEXT(2) 
PARAMETRIC_REPRESENTATION_CONTEXT() REPRESENTATION_CONTEXT('2D SPACE',''
  ) );
#9896 = ORIENTED_EDGE('',*,*,#9897,.T.);
#9897 = EDGE_CURVE('',#9882,#9898,#9900,.T.);
#9898 = VERTEX_POINT('',#9899);
#9899 = CARTESIAN_POINT('',(1.,0.4,-11.));
#9900 = SURFACE_CURVE('',#9901,(#9905),.PCURVE_S1.);
#9901 = LINE('',#9902,#9903);
#9902 = CARTESIAN_POINT('',(1.,-0.8,-11.));
#9903 = VECTOR('',#9904,1.);
#9904 = DIRECTION('',(0.,1.,0.));
#9905 = PCURVE('',#9745,#9906);
#9906 = DEFINITIONAL_REPRESENTATION('',(#9907),#9910);
#9907 = B_SPLINE_CURVE_WITH_KNOTS('',1,(#9908,#9909),.UNSPECIFIED.,.F.,
  .F.,(2,2),(0.,1.2),.PIECEWISE_BEZIER_KNOTS.);
#9908 = CARTESIAN_POINT('',(1.,0.555555556));
#9909 = CARTESIAN_POINT('',(1.,1.));
#9910 = ( GEOMETRIC_REPRESENTATION_CONTEXT(2) 
PARAMETRIC_REPRESENTATION_CONTEXT() REPRESENTATION_CONTEXT('2D SPACE',''
  ) );
#9911 = ORIENTED_EDGE('',*,*,#9912,.T.);
#9912 = EDGE_CURVE('',#9898,#9913,#9915,.T.);
#9913 = VERTEX_POINT('',#9914);
#9914 = CARTESIAN_POINT('',(0.7,0.4,-11.));
#9915 = SURFACE_CURVE('',#9916,(#9920),.PCURVE_S1.);
#9916 = LINE('',#9917,#9918);
#9917 = CARTESIAN_POINT('',(1.,0.4,-11.));
#9918 = VECTOR('',#9919,1.);
#9919 = DIRECTION('',(-1.,0.,0.));
#9920 = PCURVE('',#9745,#9921);
#9921 = DEFINITIONAL_REPRESENTATION('',(#9922),#9925);
#9922 = B_SPLINE_CURVE_WITH_KNOTS('',1,(#9923,#9924),.UNSPECIFIED.,.F.,
  .F.,(2,2),(0.,0.3),.PIECEWISE_BEZIER_KNOTS.);
#9923 = CARTESIAN_POINT('',(1.,1.));
#9924 = CARTESIAN_POINT('',(0.602385686,1.));
#9925 = ( GEOMETRIC_REPRESENTATION_CONTEXT(2) 
PARAMETRIC_REPRESENTATION_CONTEXT() REPRESENTATION_CONTEXT('2D SPACE',''
  ) );
#9926 = ORIENTED_EDGE('',*,*,#9927,.T.);
#9927 = EDGE_CURVE('',#9913,#9928,#9930,.T.);
#9928 = VERTEX_POINT('',#9929);
#9929 = CARTESIAN_POINT('',(0.700000000043,-0.7999999994,-11.));
#9930 = SURFACE_CURVE('',#9931,(#9935),.PCURVE_S1.);
#9931 = LINE('',#9932,#9933);
#9932 = CARTESIAN_POINT('',(0.7,0.4,-11.));
#9933 = VECTOR('',#9934,1.);
#9934 = DIRECTION('',(0.,-1.,0.));
#9935 = PCURVE('',#9745,#9936);
#9936 = DEFINITIONAL_REPRESENTATION('',(#9937),#9940);
#9937 = B_SPLINE_CURVE_WITH_KNOTS('',1,(#9938,#9939),.UNSPECIFIED.,.F.,
  .F.,(2,2),(0.,1.2),.PIECEWISE_BEZIER_KNOTS.);
#9938 = CARTESIAN_POINT('',(0.602385686,1.));
#9939 = CARTESIAN_POINT('',(0.602385686,0.555555556));
#9940 = ( GEOMETRIC_REPRESENTATION_CONTEXT(2) 
PARAMETRIC_REPRESENTATION_CONTEXT() REPRESENTATION_CONTEXT('2D SPACE',''
  ) );
#9941 = ORIENTED_EDGE('',*,*,#9942,.T.);
#9942 = EDGE_CURVE('',#9928,#9943,#9945,.T.);
#9943 = VERTEX_POINT('',#9944);
#9944 = CARTESIAN_POINT('',(0.694453291073,-0.8328416783,-11.));
#9945 = SURFACE_CURVE('',#9946,(#9950),.PCURVE_S1.);
#9946 = B_SPLINE_CURVE_WITH_KNOTS('',2,(#9947,#9948,#9949),
  .UNSPECIFIED.,.F.,.F.,(3,3),(0.,0.5),.PIECEWISE_BEZIER_KNOTS.);
#9947 = CARTESIAN_POINT('',(0.700000000087,-0.7999999988,-11.));
#9948 = CARTESIAN_POINT('',(0.700000000087,-0.8168892386,-11.));
#9949 = CARTESIAN_POINT('',(0.694453291073,-0.8328416783,-11.));
#9950 = PCURVE('',#9745,#9951);
#9951 = DEFINITIONAL_REPRESENTATION('',(#9952),#9956);
#9952 = B_SPLINE_CURVE_WITH_KNOTS('',2,(#9953,#9954,#9955),
  .UNSPECIFIED.,.F.,.F.,(3,3),(0.,0.5),.PIECEWISE_BEZIER_KNOTS.);
#9953 = CARTESIAN_POINT('',(0.602385686,0.555555556));
#9954 = CARTESIAN_POINT('',(0.602385686,0.549300282));
#9955 = CARTESIAN_POINT('',(0.595034183,0.543391971));
#9956 = ( GEOMETRIC_REPRESENTATION_CONTEXT(2) 
PARAMETRIC_REPRESENTATION_CONTEXT() REPRESENTATION_CONTEXT('2D SPACE',''
  ) );
#9957 = ORIENTED_EDGE('',*,*,#9958,.T.);
#9958 = EDGE_CURVE('',#9943,#9959,#9961,.T.);
#9959 = VERTEX_POINT('',#9960);
#9960 = CARTESIAN_POINT('',(0.678428484218,-0.8620400911,-11.));
#9961 = SURFACE_CURVE('',#9962,(#9966),.PCURVE_S1.);
#9962 = B_SPLINE_CURVE_WITH_KNOTS('',2,(#9963,#9964,#9965),
  .UNSPECIFIED.,.F.,.F.,(3,3),(0.5,1.),.PIECEWISE_BEZIER_KNOTS.);
#9963 = CARTESIAN_POINT('',(0.694453291074,-0.8328416783,-11.));
#9964 = CARTESIAN_POINT('',(0.68890658206,-0.848794118,-11.));
#9965 = CARTESIAN_POINT('',(0.678428484436,-0.8620400912,-11.));
#9966 = PCURVE('',#9745,#9967);
#9967 = DEFINITIONAL_REPRESENTATION('',(#9968),#9972);
#9968 = B_SPLINE_CURVE_WITH_KNOTS('',2,(#9969,#9970,#9971),
  .UNSPECIFIED.,.F.,.F.,(3,3),(0.5,1.),.PIECEWISE_BEZIER_KNOTS.);
#9969 = CARTESIAN_POINT('',(0.595034183,0.543391971));
#9970 = CARTESIAN_POINT('',(0.58768268,0.53748366));
#9971 = CARTESIAN_POINT('',(0.573795208,0.532577744));
#9972 = ( GEOMETRIC_REPRESENTATION_CONTEXT(2) 
PARAMETRIC_REPRESENTATION_CONTEXT() REPRESENTATION_CONTEXT('2D SPACE',''
  ) );
#9973 = ORIENTED_EDGE('',*,*,#9974,.T.);
#9974 = EDGE_CURVE('',#9959,#9975,#9977,.T.);
#9975 = VERTEX_POINT('',#9976);
#9976 = CARTESIAN_POINT('',(0.390214853229,-1.22638768985,-11.));
#9977 = SURFACE_CURVE('',#9978,(#9982),.PCURVE_S1.);
#9978 = LINE('',#9979,#9980);
#9979 = CARTESIAN_POINT('',(0.678428484,-0.862040091,-11.));
#9980 = VECTOR('',#9981,1.);
#9981 = DIRECTION('',(-0.620400909345,-0.784284840912,0.));
#9982 = PCURVE('',#9745,#9983);
#9983 = DEFINITIONAL_REPRESENTATION('',(#9984),#9987);
#9984 = B_SPLINE_CURVE_WITH_KNOTS('',1,(#9985,#9986),.UNSPECIFIED.,.F.,
  .F.,(2,2),(0.,0.464560297476),.PIECEWISE_BEZIER_KNOTS.);
#9985 = CARTESIAN_POINT('',(0.573795208,0.532577744));
#9986 = CARTESIAN_POINT('',(0.191802324,0.397634189));
#9987 = ( GEOMETRIC_REPRESENTATION_CONTEXT(2) 
PARAMETRIC_REPRESENTATION_CONTEXT() REPRESENTATION_CONTEXT('2D SPACE',''
  ) );
#9988 = ORIENTED_EDGE('',*,*,#9989,.T.);
#9989 = EDGE_CURVE('',#9975,#9990,#9992,.T.);
#9990 = VERTEX_POINT('',#9991);
#9991 = CARTESIAN_POINT('',(0.286053607673,-1.4161773749,-11.));
#9992 = SURFACE_CURVE('',#9993,(#9997),.PCURVE_S1.);
#9993 = B_SPLINE_CURVE_WITH_KNOTS('',2,(#9994,#9995,#9996),
  .UNSPECIFIED.,.F.,.F.,(3,3),(0.,0.5),.PIECEWISE_BEZIER_KNOTS.);
#9994 = CARTESIAN_POINT('',(0.390214853458,-1.2263876897,-11.));
#9995 = CARTESIAN_POINT('',(0.322107215129,-1.3124865128,-11.));
#9996 = CARTESIAN_POINT('',(0.286053607673,-1.4161773749,-11.));
#9997 = PCURVE('',#9745,#9998);
#9998 = DEFINITIONAL_REPRESENTATION('',(#9999),#10003);
#9999 = B_SPLINE_CURVE_WITH_KNOTS('',2,(#10000,#10001,#10002),
  .UNSPECIFIED.,.F.,.F.,(3,3),(0.,0.5),.PIECEWISE_BEZIER_KNOTS.);
#10000 = CARTESIAN_POINT('',(0.191802324,0.397634189));
#10001 = CARTESIAN_POINT('',(0.101533751,0.365745736));
#10002 = CARTESIAN_POINT('',(5.3748983E-02,0.327341713));
#10003 = ( GEOMETRIC_REPRESENTATION_CONTEXT(2) 
PARAMETRIC_REPRESENTATION_CONTEXT() REPRESENTATION_CONTEXT('2D SPACE',''
  ) );
#10004 = ORIENTED_EDGE('',*,*,#10005,.T.);
#10005 = EDGE_CURVE('',#9990,#10006,#10008,.T.);
#10006 = VERTEX_POINT('',#10007);
#10007 = CARTESIAN_POINT('',(0.250000000218,-1.6296482822,-11.));
#10008 = SURFACE_CURVE('',#10009,(#10013),.PCURVE_S1.);
#10009 = B_SPLINE_CURVE_WITH_KNOTS('',2,(#10010,#10011,#10012),
  .UNSPECIFIED.,.F.,.F.,(3,3),(0.5,1.),.PIECEWISE_BEZIER_KNOTS.);
#10010 = CARTESIAN_POINT('',(0.286053607673,-1.4161773749,-11.));
#10011 = CARTESIAN_POINT('',(0.250000000217,-1.5198682397,-11.));
#10012 = CARTESIAN_POINT('',(0.250000000217,-1.6296482822,-11.));
#10013 = PCURVE('',#9745,#10014);
#10014 = DEFINITIONAL_REPRESENTATION('',(#10015),#10019);
#10015 = B_SPLINE_CURVE_WITH_KNOTS('',2,(#10016,#10017,#10018),
  .UNSPECIFIED.,.F.,.F.,(3,3),(0.5,1.),.PIECEWISE_BEZIER_KNOTS.);
#10016 = CARTESIAN_POINT('',(5.3748983E-02,0.327341713));
#10017 = CARTESIAN_POINT('',(5.964215E-03,0.288937689));
#10018 = CARTESIAN_POINT('',(5.964215E-03,0.248278414));
#10019 = ( GEOMETRIC_REPRESENTATION_CONTEXT(2) 
PARAMETRIC_REPRESENTATION_CONTEXT() REPRESENTATION_CONTEXT('2D SPACE',''
  ) );
#10020 = ORIENTED_EDGE('',*,*,#10021,.T.);
#10021 = EDGE_CURVE('',#10006,#10022,#10024,.T.);
#10022 = VERTEX_POINT('',#10023);
#10023 = CARTESIAN_POINT('',(0.276336185632,-1.8127969799,-11.));
#10024 = SURFACE_CURVE('',#10025,(#10029),.PCURVE_S1.);
#10025 = B_SPLINE_CURVE_WITH_KNOTS('',2,(#10026,#10027,#10028),
  .UNSPECIFIED.,.F.,.F.,(3,3),(0.,0.5),.PIECEWISE_BEZIER_KNOTS.);
#10026 = CARTESIAN_POINT('',(0.250000000217,-1.6296482822,-11.));
#10027 = CARTESIAN_POINT('',(0.250000000217,-1.7231161586,-11.));
#10028 = CARTESIAN_POINT('',(0.276336185632,-1.8127969799,-11.));
#10029 = PCURVE('',#9745,#10030);
#10030 = DEFINITIONAL_REPRESENTATION('',(#10031),#10035);
#10031 = B_SPLINE_CURVE_WITH_KNOTS('',2,(#10032,#10033,#10034),
  .UNSPECIFIED.,.F.,.F.,(3,3),(0.,0.5),.PIECEWISE_BEZIER_KNOTS.);
#10032 = CARTESIAN_POINT('',(5.964215E-03,0.248278414));
#10033 = CARTESIAN_POINT('',(5.964215E-03,0.213660682));
#10034 = CARTESIAN_POINT('',(4.0869696E-02,0.180445563));
#10035 = ( GEOMETRIC_REPRESENTATION_CONTEXT(2) 
PARAMETRIC_REPRESENTATION_CONTEXT() REPRESENTATION_CONTEXT('2D SPACE',''
  ) );
#10036 = ORIENTED_EDGE('',*,*,#10037,.T.);
#10037 = EDGE_CURVE('',#10022,#9735,#10038,.T.);
#10038 = SURFACE_CURVE('',#10039,(#10043),.PCURVE_S1.);
#10039 = B_SPLINE_CURVE_WITH_KNOTS('',2,(#10040,#10041,#10042),
  .UNSPECIFIED.,.F.,.F.,(3,3),(0.5,1.),.PIECEWISE_BEZIER_KNOTS.);
#10040 = CARTESIAN_POINT('',(0.276336185632,-1.8127969799,-11.));
#10041 = CARTESIAN_POINT('',(0.302672370292,-1.9024778012,-11.));
#10042 = CARTESIAN_POINT('',(0.353210603918,-1.9811043338,-11.));
#10043 = PCURVE('',#9745,#10044);
#10044 = DEFINITIONAL_REPRESENTATION('',(#10045),#10049);
#10045 = B_SPLINE_CURVE_WITH_KNOTS('',2,(#10046,#10047,#10048),
  .UNSPECIFIED.,.F.,.F.,(3,3),(0.5,1.),.PIECEWISE_BEZIER_KNOTS.);
#10046 = CARTESIAN_POINT('',(4.0869696E-02,0.180445563));
#10047 = CARTESIAN_POINT('',(7.5775176E-02,0.147230444));
#10048 = CARTESIAN_POINT('',(0.142757593,0.118109506));
#10049 = ( GEOMETRIC_REPRESENTATION_CONTEXT(2) 
PARAMETRIC_REPRESENTATION_CONTEXT() REPRESENTATION_CONTEXT('2D SPACE',''
  ) );
#10050 = ( GEOMETRIC_REPRESENTATION_CONTEXT(3) 
GLOBAL_UNCERTAINTY_ASSIGNED_CONTEXT((#10054)) 
GLOBAL_UNIT_ASSIGNED_CONTEXT((#10051,#10052,#10053)) 
REPRESENTATION_CONTEXT('Context #1',
  '3D Context with UNIT and UNCERTAINTY') );
#10051 = ( LENGTH_UNIT() NAMED_UNIT(*) SI_UNIT(.MILLI.,.METRE.) );
#10052 = ( NAMED_UNIT(*) PLANE_ANGLE_UNIT() SI_UNIT($,.RADIAN.) );
#10053 = ( NAMED_UNIT(*) SI_UNIT($,.STERADIAN.) SOLID_ANGLE_UNIT() );
#10054 = UNCERTAINTY_MEASURE_WITH_UNIT(LENGTH_MEASURE(1.E-05),#10051,
  'distance_accuracy_value','confusion accuracy');
#10055 = SHAPE_DEFINITION_REPRESENTATION(#10056,#9727);
#10056 = PRODUCT_DEFINITION_SHAPE('','',#10057);
#10057 = PRODUCT_DEFINITION('design','',#10058,#10061);
#10058 = PRODUCT_DEFINITION_FORMATION('','',#10059);
#10059 = PRODUCT('eMachineShop.61',
  'eMachineShop.61','',(#10060));
#10060 = PRODUCT_CONTEXT('',#2,'mechanical');
#10061 = PRODUCT_DEFINITION_CONTEXT('part definition',#2,'design');
#10062 = CONTEXT_DEPENDENT_SHAPE_REPRESENTATION(#10063,#10065);
#10063 = ( REPRESENTATION_RELATIONSHIP('','',#9727,#10) 
REPRESENTATION_RELATIONSHIP_WITH_TRANSFORMATION(#10064) 
SHAPE_REPRESENTATION_RELATIONSHIP() );
#10064 = ITEM_DEFINED_TRANSFORMATION('','',#11,#255);
#10065 = PRODUCT_DEFINITION_SHAPE('Placement','Placement of an item',
  #10066);
#10066 = NEXT_ASSEMBLY_USAGE_OCCURRENCE('61','','',#5,#10057,$);
#10067 = PRODUCT_RELATED_PRODUCT_CATEGORY('part',$,(#10059));
#10068 = MANIFOLD_SURFACE_SHAPE_REPRESENTATION('',(#11,#10069),#10391);
#10069 = SHELL_BASED_SURFACE_MODEL('',(#10070));
#10070 = OPEN_SHELL('',(#10071));
#10071 = ADVANCED_FACE('',(#10072),#10086,.T.);
#10072 = FACE_BOUND('',#10073,.T.);
#10073 = EDGE_LOOP('',(#10074,#10097,#10113,#10129,#10145,#10160,#10176,
    #10192,#10207,#10222,#10237,#10253,#10269,#10284,#10300,#10316,
    #10332,#10348,#10363,#10378));
#10074 = ORIENTED_EDGE('',*,*,#10075,.T.);
#10075 = EDGE_CURVE('',#10076,#10078,#10080,.T.);
#10076 = VERTEX_POINT('',#10077);
#10077 = CARTESIAN_POINT('',(0.605574940379,-1.8188938471,-12.));
#10078 = VERTEX_POINT('',#10079);
#10079 = CARTESIAN_POINT('',(0.564181023046,-1.7282668109,-12.));
#10080 = SURFACE_CURVE('',#10081,(#10085),.PCURVE_S1.);
#10081 = B_SPLINE_CURVE_WITH_KNOTS('',2,(#10082,#10083,#10084),
  .UNSPECIFIED.,.F.,.F.,(3,3),(0.,0.5),.PIECEWISE_BEZIER_KNOTS.);
#10082 = CARTESIAN_POINT('',(0.605574940759,-1.8188938472,-12.));
#10083 = CARTESIAN_POINT('',(0.578362045961,-1.7765564837,-12.));
#10084 = CARTESIAN_POINT('',(0.564181023046,-1.7282668109,-12.));
#10085 = PCURVE('',#10086,#10091);
#10086 = B_SPLINE_SURFACE_WITH_KNOTS('',1,1,(
    (#10087,#10088)
    ,(#10089,#10090
    )),.UNSPECIFIED.,.F.,.F.,.F.,(2,2),(2,2),(0.,1.),(0.,1.),
  .PIECEWISE_BEZIER_KNOTS.);
#10087 = CARTESIAN_POINT('',(0.2455,-2.3,-12.));
#10088 = CARTESIAN_POINT('',(0.2455,0.4,-12.));
#10089 = CARTESIAN_POINT('',(1.,-2.3,-12.));
#10090 = CARTESIAN_POINT('',(1.,0.4,-12.));
#10091 = DEFINITIONAL_REPRESENTATION('',(#10092),#10096);
#10092 = B_SPLINE_CURVE_WITH_KNOTS('',2,(#10093,#10094,#10095),
  .UNSPECIFIED.,.F.,.F.,(3,3),(0.,0.5),.PIECEWISE_BEZIER_KNOTS.);
#10093 = CARTESIAN_POINT('',(0.477236502,0.178187464));
#10094 = CARTESIAN_POINT('',(0.441169047,0.193867969));
#10095 = CARTESIAN_POINT('',(0.422373788,0.211753033));
#10096 = ( GEOMETRIC_REPRESENTATION_CONTEXT(2) 
PARAMETRIC_REPRESENTATION_CONTEXT() REPRESENTATION_CONTEXT('2D SPACE',''
  ) );
#10097 = ORIENTED_EDGE('',*,*,#10098,.T.);
#10098 = EDGE_CURVE('',#10078,#10099,#10101,.T.);
#10099 = VERTEX_POINT('',#10100);
#10100 = CARTESIAN_POINT('',(0.55000000013,-1.6296482822,-12.));
#10101 = SURFACE_CURVE('',#10102,(#10106),.PCURVE_S1.);
#10102 = B_SPLINE_CURVE_WITH_KNOTS('',2,(#10103,#10104,#10105),
  .UNSPECIFIED.,.F.,.F.,(3,3),(0.5,1.),.PIECEWISE_BEZIER_KNOTS.);
#10103 = CARTESIAN_POINT('',(0.564181023046,-1.7282668109,-12.));
#10104 = CARTESIAN_POINT('',(0.55000000013,-1.6799771381,-12.));
#10105 = CARTESIAN_POINT('',(0.55000000013,-1.6296482822,-12.));
#10106 = PCURVE('',#10086,#10107);
#10107 = DEFINITIONAL_REPRESENTATION('',(#10108),#10112);
#10108 = B_SPLINE_CURVE_WITH_KNOTS('',2,(#10109,#10110,#10111),
  .UNSPECIFIED.,.F.,.F.,(3,3),(0.5,1.),.PIECEWISE_BEZIER_KNOTS.);
#10109 = CARTESIAN_POINT('',(0.422373788,0.211753033));
#10110 = CARTESIAN_POINT('',(0.403578529,0.229638097));
#10111 = CARTESIAN_POINT('',(0.403578529,0.248278414));
#10112 = ( GEOMETRIC_REPRESENTATION_CONTEXT(2) 
PARAMETRIC_REPRESENTATION_CONTEXT() REPRESENTATION_CONTEXT('2D SPACE',''
  ) );
#10113 = ORIENTED_EDGE('',*,*,#10114,.T.);
#10114 = EDGE_CURVE('',#10099,#10115,#10117,.T.);
#10115 = VERTEX_POINT('',#10116);
#10116 = CARTESIAN_POINT('',(0.569413481301,-1.514702408,-12.));
#10117 = SURFACE_CURVE('',#10118,(#10122),.PCURVE_S1.);
#10118 = B_SPLINE_CURVE_WITH_KNOTS('',2,(#10119,#10120,#10121),
  .UNSPECIFIED.,.F.,.F.,(3,3),(0.,0.5),.PIECEWISE_BEZIER_KNOTS.);
#10119 = CARTESIAN_POINT('',(0.55000000013,-1.6296482822,-12.));
#10120 = CARTESIAN_POINT('',(0.55000000013,-1.570535951,-12.));
#10121 = CARTESIAN_POINT('',(0.5694134813,-1.514702408,-12.));
#10122 = PCURVE('',#10086,#10123);
#10123 = DEFINITIONAL_REPRESENTATION('',(#10124),#10128);
#10124 = B_SPLINE_CURVE_WITH_KNOTS('',2,(#10125,#10126,#10127),
  .UNSPECIFIED.,.F.,.F.,(3,3),(0.,0.5),.PIECEWISE_BEZIER_KNOTS.);
#10125 = CARTESIAN_POINT('',(0.403578529,0.248278414));
#10126 = CARTESIAN_POINT('',(0.403578529,0.27017187));
#10127 = CARTESIAN_POINT('',(0.429308789,0.29085096));
#10128 = ( GEOMETRIC_REPRESENTATION_CONTEXT(2) 
PARAMETRIC_REPRESENTATION_CONTEXT() REPRESENTATION_CONTEXT('2D SPACE',''
  ) );
#10129 = ORIENTED_EDGE('',*,*,#10130,.T.);
#10130 = EDGE_CURVE('',#10115,#10131,#10133,.T.);
#10131 = VERTEX_POINT('',#10132);
#10132 = CARTESIAN_POINT('',(0.625500305832,-1.4125079636,-12.));
#10133 = SURFACE_CURVE('',#10134,(#10138),.PCURVE_S1.);
#10134 = B_SPLINE_CURVE_WITH_KNOTS('',2,(#10135,#10136,#10137),
  .UNSPECIFIED.,.F.,.F.,(3,3),(0.5,1.),.PIECEWISE_BEZIER_KNOTS.);
#10135 = CARTESIAN_POINT('',(0.5694134813,-1.514702408,-12.));
#10136 = CARTESIAN_POINT('',(0.588826961716,-1.4588688677,-12.));
#10137 = CARTESIAN_POINT('',(0.625500305663,-1.4125079642,-12.));
#10138 = PCURVE('',#10086,#10139);
#10139 = DEFINITIONAL_REPRESENTATION('',(#10140),#10144);
#10140 = B_SPLINE_CURVE_WITH_KNOTS('',2,(#10141,#10142,#10143),
  .UNSPECIFIED.,.F.,.F.,(3,3),(0.5,1.),.PIECEWISE_BEZIER_KNOTS.);
#10141 = CARTESIAN_POINT('',(0.429308789,0.29085096));
#10142 = CARTESIAN_POINT('',(0.455039048,0.311530049));
#10143 = CARTESIAN_POINT('',(0.503645203,0.328700754));
#10144 = ( GEOMETRIC_REPRESENTATION_CONTEXT(2) 
PARAMETRIC_REPRESENTATION_CONTEXT() REPRESENTATION_CONTEXT('2D SPACE',''
  ) );
#10145 = ORIENTED_EDGE('',*,*,#10146,.T.);
#10146 = EDGE_CURVE('',#10131,#10147,#10149,.T.);
#10147 = VERTEX_POINT('',#10148);
#10148 = CARTESIAN_POINT('',(0.913713936821,-1.0481603635,-12.));
#10149 = SURFACE_CURVE('',#10150,(#10154),.PCURVE_S1.);
#10150 = LINE('',#10151,#10152);
#10151 = CARTESIAN_POINT('',(0.625500306,-1.412507963,-12.));
#10152 = VECTOR('',#10153,1.);
#10153 = DIRECTION('',(0.620400909345,0.784284840912,0.));
#10154 = PCURVE('',#10086,#10155);
#10155 = DEFINITIONAL_REPRESENTATION('',(#10156),#10159);
#10156 = B_SPLINE_CURVE_WITH_KNOTS('',1,(#10157,#10158),.UNSPECIFIED.,
  .F.,.F.,(2,2),(0.,0.464560297476),.PIECEWISE_BEZIER_KNOTS.);
#10157 = CARTESIAN_POINT('',(0.503645203,0.328700754));
#10158 = CARTESIAN_POINT('',(0.885638087,0.46364431));
#10159 = ( GEOMETRIC_REPRESENTATION_CONTEXT(2) 
PARAMETRIC_REPRESENTATION_CONTEXT() REPRESENTATION_CONTEXT('2D SPACE',''
  ) );
#10160 = ORIENTED_EDGE('',*,*,#10161,.T.);
#10161 = EDGE_CURVE('',#10147,#10162,#10164,.T.);
#10162 = VERTEX_POINT('',#10163);
#10163 = CARTESIAN_POINT('',(0.977813164701,-0.9313667114,-12.));
#10164 = SURFACE_CURVE('',#10165,(#10169),.PCURVE_S1.);
#10165 = B_SPLINE_CURVE_WITH_KNOTS('',2,(#10166,#10167,#10168),
  .UNSPECIFIED.,.F.,.F.,(3,3),(0.,0.5),.PIECEWISE_BEZIER_KNOTS.);
#10166 = CARTESIAN_POINT('',(0.913713936641,-1.048160363,-12.));
#10167 = CARTESIAN_POINT('',(0.955626329401,-0.9951764729,-12.));
#10168 = CARTESIAN_POINT('',(0.9778131647,-0.9313667114,-12.));
#10169 = PCURVE('',#10086,#10170);
#10170 = DEFINITIONAL_REPRESENTATION('',(#10171),#10175);
#10171 = B_SPLINE_CURVE_WITH_KNOTS('',2,(#10172,#10173,#10174),
  .UNSPECIFIED.,.F.,.F.,(3,3),(0.,0.5),.PIECEWISE_BEZIER_KNOTS.);
#10172 = CARTESIAN_POINT('',(0.885638087,0.46364431));
#10173 = CARTESIAN_POINT('',(0.941187978,0.483267973));
#10174 = CARTESIAN_POINT('',(0.970593989,0.506901218));
#10175 = ( GEOMETRIC_REPRESENTATION_CONTEXT(2) 
PARAMETRIC_REPRESENTATION_CONTEXT() REPRESENTATION_CONTEXT('2D SPACE',''
  ) );
#10176 = ORIENTED_EDGE('',*,*,#10177,.T.);
#10177 = EDGE_CURVE('',#10162,#10178,#10180,.T.);
#10178 = VERTEX_POINT('',#10179);
#10179 = CARTESIAN_POINT('',(1.,-0.7999999994,-12.));
#10180 = SURFACE_CURVE('',#10181,(#10185),.PCURVE_S1.);
#10181 = B_SPLINE_CURVE_WITH_KNOTS('',2,(#10182,#10183,#10184),
  .UNSPECIFIED.,.F.,.F.,(3,3),(0.5,1.),.PIECEWISE_BEZIER_KNOTS.);
#10182 = CARTESIAN_POINT('',(0.9778131647,-0.9313667114,-12.));
#10183 = CARTESIAN_POINT('',(1.,-0.8675569499,-12.));
#10184 = CARTESIAN_POINT('',(1.,-0.7999999988,-12.));
#10185 = PCURVE('',#10086,#10186);
#10186 = DEFINITIONAL_REPRESENTATION('',(#10187),#10191);
#10187 = B_SPLINE_CURVE_WITH_KNOTS('',2,(#10188,#10189,#10190),
  .UNSPECIFIED.,.F.,.F.,(3,3),(0.5,1.),.PIECEWISE_BEZIER_KNOTS.);
#10188 = CARTESIAN_POINT('',(0.970593989,0.506901218));
#10189 = CARTESIAN_POINT('',(1.,0.530534463));
#10190 = CARTESIAN_POINT('',(1.,0.555555556));
#10191 = ( GEOMETRIC_REPRESENTATION_CONTEXT(2) 
PARAMETRIC_REPRESENTATION_CONTEXT() REPRESENTATION_CONTEXT('2D SPACE',''
  ) );
#10192 = ORIENTED_EDGE('',*,*,#10193,.T.);
#10193 = EDGE_CURVE('',#10178,#10194,#10196,.T.);
#10194 = VERTEX_POINT('',#10195);
#10195 = CARTESIAN_POINT('',(1.,0.4,-12.));
#10196 = SURFACE_CURVE('',#10197,(#10201),.PCURVE_S1.);
#10197 = LINE('',#10198,#10199);
#10198 = CARTESIAN_POINT('',(1.,-0.8,-12.));
#10199 = VECTOR('',#10200,1.);
#10200 = DIRECTION('',(0.,1.,0.));
#10201 = PCURVE('',#10086,#10202);
#10202 = DEFINITIONAL_REPRESENTATION('',(#10203),#10206);
#10203 = B_SPLINE_CURVE_WITH_KNOTS('',1,(#10204,#10205),.UNSPECIFIED.,
  .F.,.F.,(2,2),(0.,1.2),.PIECEWISE_BEZIER_KNOTS.);
#10204 = CARTESIAN_POINT('',(1.,0.555555556));
#10205 = CARTESIAN_POINT('',(1.,1.));
#10206 = ( GEOMETRIC_REPRESENTATION_CONTEXT(2) 
PARAMETRIC_REPRESENTATION_CONTEXT() REPRESENTATION_CONTEXT('2D SPACE',''
  ) );
#10207 = ORIENTED_EDGE('',*,*,#10208,.T.);
#10208 = EDGE_CURVE('',#10194,#10209,#10211,.T.);
#10209 = VERTEX_POINT('',#10210);
#10210 = CARTESIAN_POINT('',(0.7,0.4,-12.));
#10211 = SURFACE_CURVE('',#10212,(#10216),.PCURVE_S1.);
#10212 = LINE('',#10213,#10214);
#10213 = CARTESIAN_POINT('',(1.,0.4,-12.));
#10214 = VECTOR('',#10215,1.);
#10215 = DIRECTION('',(-1.,0.,0.));
#10216 = PCURVE('',#10086,#10217);
#10217 = DEFINITIONAL_REPRESENTATION('',(#10218),#10221);
#10218 = B_SPLINE_CURVE_WITH_KNOTS('',1,(#10219,#10220),.UNSPECIFIED.,
  .F.,.F.,(2,2),(0.,0.3),.PIECEWISE_BEZIER_KNOTS.);
#10219 = CARTESIAN_POINT('',(1.,1.));
#10220 = CARTESIAN_POINT('',(0.602385686,1.));
#10221 = ( GEOMETRIC_REPRESENTATION_CONTEXT(2) 
PARAMETRIC_REPRESENTATION_CONTEXT() REPRESENTATION_CONTEXT('2D SPACE',''
  ) );
#10222 = ORIENTED_EDGE('',*,*,#10223,.T.);
#10223 = EDGE_CURVE('',#10209,#10224,#10226,.T.);
#10224 = VERTEX_POINT('',#10225);
#10225 = CARTESIAN_POINT('',(0.700000000043,-0.7999999994,-12.));
#10226 = SURFACE_CURVE('',#10227,(#10231),.PCURVE_S1.);
#10227 = LINE('',#10228,#10229);
#10228 = CARTESIAN_POINT('',(0.7,0.4,-12.));
#10229 = VECTOR('',#10230,1.);
#10230 = DIRECTION('',(0.,-1.,0.));
#10231 = PCURVE('',#10086,#10232);
#10232 = DEFINITIONAL_REPRESENTATION('',(#10233),#10236);
#10233 = B_SPLINE_CURVE_WITH_KNOTS('',1,(#10234,#10235),.UNSPECIFIED.,
  .F.,.F.,(2,2),(0.,1.2),.PIECEWISE_BEZIER_KNOTS.);
#10234 = CARTESIAN_POINT('',(0.602385686,1.));
#10235 = CARTESIAN_POINT('',(0.602385686,0.555555556));
#10236 = ( GEOMETRIC_REPRESENTATION_CONTEXT(2) 
PARAMETRIC_REPRESENTATION_CONTEXT() REPRESENTATION_CONTEXT('2D SPACE',''
  ) );
#10237 = ORIENTED_EDGE('',*,*,#10238,.T.);
#10238 = EDGE_CURVE('',#10224,#10239,#10241,.T.);
#10239 = VERTEX_POINT('',#10240);
#10240 = CARTESIAN_POINT('',(0.694453291073,-0.8328416783,-12.));
#10241 = SURFACE_CURVE('',#10242,(#10246),.PCURVE_S1.);
#10242 = B_SPLINE_CURVE_WITH_KNOTS('',2,(#10243,#10244,#10245),
  .UNSPECIFIED.,.F.,.F.,(3,3),(0.,0.5),.PIECEWISE_BEZIER_KNOTS.);
#10243 = CARTESIAN_POINT('',(0.700000000087,-0.7999999988,-12.));
#10244 = CARTESIAN_POINT('',(0.700000000087,-0.8168892386,-12.));
#10245 = CARTESIAN_POINT('',(0.694453291073,-0.8328416783,-12.));
#10246 = PCURVE('',#10086,#10247);
#10247 = DEFINITIONAL_REPRESENTATION('',(#10248),#10252);
#10248 = B_SPLINE_CURVE_WITH_KNOTS('',2,(#10249,#10250,#10251),
  .UNSPECIFIED.,.F.,.F.,(3,3),(0.,0.5),.PIECEWISE_BEZIER_KNOTS.);
#10249 = CARTESIAN_POINT('',(0.602385686,0.555555556));
#10250 = CARTESIAN_POINT('',(0.602385686,0.549300282));
#10251 = CARTESIAN_POINT('',(0.595034183,0.543391971));
#10252 = ( GEOMETRIC_REPRESENTATION_CONTEXT(2) 
PARAMETRIC_REPRESENTATION_CONTEXT() REPRESENTATION_CONTEXT('2D SPACE',''
  ) );
#10253 = ORIENTED_EDGE('',*,*,#10254,.T.);
#10254 = EDGE_CURVE('',#10239,#10255,#10257,.T.);
#10255 = VERTEX_POINT('',#10256);
#10256 = CARTESIAN_POINT('',(0.678428484218,-0.8620400911,-12.));
#10257 = SURFACE_CURVE('',#10258,(#10262),.PCURVE_S1.);
#10258 = B_SPLINE_CURVE_WITH_KNOTS('',2,(#10259,#10260,#10261),
  .UNSPECIFIED.,.F.,.F.,(3,3),(0.5,1.),.PIECEWISE_BEZIER_KNOTS.);
#10259 = CARTESIAN_POINT('',(0.694453291074,-0.8328416783,-12.));
#10260 = CARTESIAN_POINT('',(0.68890658206,-0.848794118,-12.));
#10261 = CARTESIAN_POINT('',(0.678428484436,-0.8620400912,-12.));
#10262 = PCURVE('',#10086,#10263);
#10263 = DEFINITIONAL_REPRESENTATION('',(#10264),#10268);
#10264 = B_SPLINE_CURVE_WITH_KNOTS('',2,(#10265,#10266,#10267),
  .UNSPECIFIED.,.F.,.F.,(3,3),(0.5,1.),.PIECEWISE_BEZIER_KNOTS.);
#10265 = CARTESIAN_POINT('',(0.595034183,0.543391971));
#10266 = CARTESIAN_POINT('',(0.58768268,0.53748366));
#10267 = CARTESIAN_POINT('',(0.573795208,0.532577744));
#10268 = ( GEOMETRIC_REPRESENTATION_CONTEXT(2) 
PARAMETRIC_REPRESENTATION_CONTEXT() REPRESENTATION_CONTEXT('2D SPACE',''
  ) );
#10269 = ORIENTED_EDGE('',*,*,#10270,.T.);
#10270 = EDGE_CURVE('',#10255,#10271,#10273,.T.);
#10271 = VERTEX_POINT('',#10272);
#10272 = CARTESIAN_POINT('',(0.390214853229,-1.22638768985,-12.));
#10273 = SURFACE_CURVE('',#10274,(#10278),.PCURVE_S1.);
#10274 = LINE('',#10275,#10276);
#10275 = CARTESIAN_POINT('',(0.678428484,-0.862040091,-12.));
#10276 = VECTOR('',#10277,1.);
#10277 = DIRECTION('',(-0.620400909345,-0.784284840912,0.));
#10278 = PCURVE('',#10086,#10279);
#10279 = DEFINITIONAL_REPRESENTATION('',(#10280),#10283);
#10280 = B_SPLINE_CURVE_WITH_KNOTS('',1,(#10281,#10282),.UNSPECIFIED.,
  .F.,.F.,(2,2),(0.,0.464560297476),.PIECEWISE_BEZIER_KNOTS.);
#10281 = CARTESIAN_POINT('',(0.573795208,0.532577744));
#10282 = CARTESIAN_POINT('',(0.191802324,0.397634189));
#10283 = ( GEOMETRIC_REPRESENTATION_CONTEXT(2) 
PARAMETRIC_REPRESENTATION_CONTEXT() REPRESENTATION_CONTEXT('2D SPACE',''
  ) );
#10284 = ORIENTED_EDGE('',*,*,#10285,.T.);
#10285 = EDGE_CURVE('',#10271,#10286,#10288,.T.);
#10286 = VERTEX_POINT('',#10287);
#10287 = CARTESIAN_POINT('',(0.286053607673,-1.4161773749,-12.));
#10288 = SURFACE_CURVE('',#10289,(#10293),.PCURVE_S1.);
#10289 = B_SPLINE_CURVE_WITH_KNOTS('',2,(#10290,#10291,#10292),
  .UNSPECIFIED.,.F.,.F.,(3,3),(0.,0.5),.PIECEWISE_BEZIER_KNOTS.);
#10290 = CARTESIAN_POINT('',(0.390214853458,-1.2263876897,-12.));
#10291 = CARTESIAN_POINT('',(0.322107215129,-1.3124865128,-12.));
#10292 = CARTESIAN_POINT('',(0.286053607673,-1.4161773749,-12.));
#10293 = PCURVE('',#10086,#10294);
#10294 = DEFINITIONAL_REPRESENTATION('',(#10295),#10299);
#10295 = B_SPLINE_CURVE_WITH_KNOTS('',2,(#10296,#10297,#10298),
  .UNSPECIFIED.,.F.,.F.,(3,3),(0.,0.5),.PIECEWISE_BEZIER_KNOTS.);
#10296 = CARTESIAN_POINT('',(0.191802324,0.397634189));
#10297 = CARTESIAN_POINT('',(0.101533751,0.365745736));
#10298 = CARTESIAN_POINT('',(5.3748983E-02,0.327341713));
#10299 = ( GEOMETRIC_REPRESENTATION_CONTEXT(2) 
PARAMETRIC_REPRESENTATION_CONTEXT() REPRESENTATION_CONTEXT('2D SPACE',''
  ) );
#10300 = ORIENTED_EDGE('',*,*,#10301,.T.);
#10301 = EDGE_CURVE('',#10286,#10302,#10304,.T.);
#10302 = VERTEX_POINT('',#10303);
#10303 = CARTESIAN_POINT('',(0.250000000218,-1.6296482822,-12.));
#10304 = SURFACE_CURVE('',#10305,(#10309),.PCURVE_S1.);
#10305 = B_SPLINE_CURVE_WITH_KNOTS('',2,(#10306,#10307,#10308),
  .UNSPECIFIED.,.F.,.F.,(3,3),(0.5,1.),.PIECEWISE_BEZIER_KNOTS.);
#10306 = CARTESIAN_POINT('',(0.286053607673,-1.4161773749,-12.));
#10307 = CARTESIAN_POINT('',(0.250000000217,-1.5198682397,-12.));
#10308 = CARTESIAN_POINT('',(0.250000000217,-1.6296482822,-12.));
#10309 = PCURVE('',#10086,#10310);
#10310 = DEFINITIONAL_REPRESENTATION('',(#10311),#10315);
#10311 = B_SPLINE_CURVE_WITH_KNOTS('',2,(#10312,#10313,#10314),
  .UNSPECIFIED.,.F.,.F.,(3,3),(0.5,1.),.PIECEWISE_BEZIER_KNOTS.);
#10312 = CARTESIAN_POINT('',(5.3748983E-02,0.327341713));
#10313 = CARTESIAN_POINT('',(5.964215E-03,0.288937689));
#10314 = CARTESIAN_POINT('',(5.964215E-03,0.248278414));
#10315 = ( GEOMETRIC_REPRESENTATION_CONTEXT(2) 
PARAMETRIC_REPRESENTATION_CONTEXT() REPRESENTATION_CONTEXT('2D SPACE',''
  ) );
#10316 = ORIENTED_EDGE('',*,*,#10317,.T.);
#10317 = EDGE_CURVE('',#10302,#10318,#10320,.T.);
#10318 = VERTEX_POINT('',#10319);
#10319 = CARTESIAN_POINT('',(0.276336185632,-1.8127969799,-12.));
#10320 = SURFACE_CURVE('',#10321,(#10325),.PCURVE_S1.);
#10321 = B_SPLINE_CURVE_WITH_KNOTS('',2,(#10322,#10323,#10324),
  .UNSPECIFIED.,.F.,.F.,(3,3),(0.,0.5),.PIECEWISE_BEZIER_KNOTS.);
#10322 = CARTESIAN_POINT('',(0.250000000217,-1.6296482822,-12.));
#10323 = CARTESIAN_POINT('',(0.250000000217,-1.7231161586,-12.));
#10324 = CARTESIAN_POINT('',(0.276336185632,-1.8127969799,-12.));
#10325 = PCURVE('',#10086,#10326);
#10326 = DEFINITIONAL_REPRESENTATION('',(#10327),#10331);
#10327 = B_SPLINE_CURVE_WITH_KNOTS('',2,(#10328,#10329,#10330),
  .UNSPECIFIED.,.F.,.F.,(3,3),(0.,0.5),.PIECEWISE_BEZIER_KNOTS.);
#10328 = CARTESIAN_POINT('',(5.964215E-03,0.248278414));
#10329 = CARTESIAN_POINT('',(5.964215E-03,0.213660682));
#10330 = CARTESIAN_POINT('',(4.0869696E-02,0.180445563));
#10331 = ( GEOMETRIC_REPRESENTATION_CONTEXT(2) 
PARAMETRIC_REPRESENTATION_CONTEXT() REPRESENTATION_CONTEXT('2D SPACE',''
  ) );
#10332 = ORIENTED_EDGE('',*,*,#10333,.T.);
#10333 = EDGE_CURVE('',#10318,#10334,#10336,.T.);
#10334 = VERTEX_POINT('',#10335);
#10335 = CARTESIAN_POINT('',(0.353210603959,-1.9811043334,-12.));
#10336 = SURFACE_CURVE('',#10337,(#10341),.PCURVE_S1.);
#10337 = B_SPLINE_CURVE_WITH_KNOTS('',2,(#10338,#10339,#10340),
  .UNSPECIFIED.,.F.,.F.,(3,3),(0.5,1.),.PIECEWISE_BEZIER_KNOTS.);
#10338 = CARTESIAN_POINT('',(0.276336185632,-1.8127969799,-12.));
#10339 = CARTESIAN_POINT('',(0.302672370292,-1.9024778012,-12.));
#10340 = CARTESIAN_POINT('',(0.353210603918,-1.9811043338,-12.));
#10341 = PCURVE('',#10086,#10342);
#10342 = DEFINITIONAL_REPRESENTATION('',(#10343),#10347);
#10343 = B_SPLINE_CURVE_WITH_KNOTS('',2,(#10344,#10345,#10346),
  .UNSPECIFIED.,.F.,.F.,(3,3),(0.5,1.),.PIECEWISE_BEZIER_KNOTS.);
#10344 = CARTESIAN_POINT('',(4.0869696E-02,0.180445563));
#10345 = CARTESIAN_POINT('',(7.5775176E-02,0.147230444));
#10346 = CARTESIAN_POINT('',(0.142757593,0.118109506));
#10347 = ( GEOMETRIC_REPRESENTATION_CONTEXT(2) 
PARAMETRIC_REPRESENTATION_CONTEXT() REPRESENTATION_CONTEXT('2D SPACE',''
  ) );
#10348 = ORIENTED_EDGE('',*,*,#10349,.T.);
#10349 = EDGE_CURVE('',#10334,#10350,#10352,.T.);
#10350 = VERTEX_POINT('',#10351);
#10351 = CARTESIAN_POINT('',(0.558184974,-2.3,-12.));
#10352 = SURFACE_CURVE('',#10353,(#10357),.PCURVE_S1.);
#10353 = LINE('',#10354,#10355);
#10354 = CARTESIAN_POINT('',(0.353210604,-1.981104333,-12.));
#10355 = VECTOR('',#10356,1.);
#10356 = DIRECTION('',(0.540701617887,-0.841214455662,0.));
#10357 = PCURVE('',#10086,#10358);
#10358 = DEFINITIONAL_REPRESENTATION('',(#10359),#10362);
#10359 = B_SPLINE_CURVE_WITH_KNOTS('',1,(#10360,#10361),.UNSPECIFIED.,
  .F.,.F.,(2,2),(0.,0.379089618413),.PIECEWISE_BEZIER_KNOTS.);
#10360 = CARTESIAN_POINT('',(0.142757593,0.118109506));
#10361 = CARTESIAN_POINT('',(0.414426738,0.));
#10362 = ( GEOMETRIC_REPRESENTATION_CONTEXT(2) 
PARAMETRIC_REPRESENTATION_CONTEXT() REPRESENTATION_CONTEXT('2D SPACE',''
  ) );
#10363 = ORIENTED_EDGE('',*,*,#10364,.T.);
#10364 = EDGE_CURVE('',#10350,#10365,#10367,.T.);
#10365 = VERTEX_POINT('',#10366);
#10366 = CARTESIAN_POINT('',(0.914812226,-2.3,-12.));
#10367 = SURFACE_CURVE('',#10368,(#10372),.PCURVE_S1.);
#10368 = LINE('',#10369,#10370);
#10369 = CARTESIAN_POINT('',(0.558184974,-2.3,-12.));
#10370 = VECTOR('',#10371,1.);
#10371 = DIRECTION('',(1.,0.,0.));
#10372 = PCURVE('',#10086,#10373);
#10373 = DEFINITIONAL_REPRESENTATION('',(#10374),#10377);
#10374 = B_SPLINE_CURVE_WITH_KNOTS('',1,(#10375,#10376),.UNSPECIFIED.,
  .F.,.F.,(2,2),(0.,0.356627252),.PIECEWISE_BEZIER_KNOTS.);
#10375 = CARTESIAN_POINT('',(0.414426738,0.));
#10376 = CARTESIAN_POINT('',(0.887093739,0.));
#10377 = ( GEOMETRIC_REPRESENTATION_CONTEXT(2) 
PARAMETRIC_REPRESENTATION_CONTEXT() REPRESENTATION_CONTEXT('2D SPACE',''
  ) );
#10378 = ORIENTED_EDGE('',*,*,#10379,.T.);
#10379 = EDGE_CURVE('',#10365,#10076,#10380,.T.);
#10380 = SURFACE_CURVE('',#10381,(#10385),.PCURVE_S1.);
#10381 = LINE('',#10382,#10383);
#10382 = CARTESIAN_POINT('',(0.914812226,-2.3,-12.));
#10383 = VECTOR('',#10384,1.);
#10384 = DIRECTION('',(-0.540701617755,0.841214455747,0.));
#10385 = PCURVE('',#10086,#10386);
#10386 = DEFINITIONAL_REPRESENTATION('',(#10387),#10390);
#10387 = B_SPLINE_CURVE_WITH_KNOTS('',1,(#10388,#10389),.UNSPECIFIED.,
  .F.,.F.,(2,2),(0.,0.571918551463),.PIECEWISE_BEZIER_KNOTS.);
#10388 = CARTESIAN_POINT('',(0.887093739,0.));
#10389 = CARTESIAN_POINT('',(0.477236502,0.178187464));
#10390 = ( GEOMETRIC_REPRESENTATION_CONTEXT(2) 
PARAMETRIC_REPRESENTATION_CONTEXT() REPRESENTATION_CONTEXT('2D SPACE',''
  ) );
#10391 = ( GEOMETRIC_REPRESENTATION_CONTEXT(3) 
GLOBAL_UNCERTAINTY_ASSIGNED_CONTEXT((#10395)) 
GLOBAL_UNIT_ASSIGNED_CONTEXT((#10392,#10393,#10394)) 
REPRESENTATION_CONTEXT('Context #1',
  '3D Context with UNIT and UNCERTAINTY') );
#10392 = ( LENGTH_UNIT() NAMED_UNIT(*) SI_UNIT(.MILLI.,.METRE.) );
#10393 = ( NAMED_UNIT(*) PLANE_ANGLE_UNIT() SI_UNIT($,.RADIAN.) );
#10394 = ( NAMED_UNIT(*) SI_UNIT($,.STERADIAN.) SOLID_ANGLE_UNIT() );
#10395 = UNCERTAINTY_MEASURE_WITH_UNIT(LENGTH_MEASURE(1.E-05),#10392,
  'distance_accuracy_value','confusion accuracy');
#10396 = SHAPE_DEFINITION_REPRESENTATION(#10397,#10068);
#10397 = PRODUCT_DEFINITION_SHAPE('','',#10398);
#10398 = PRODUCT_DEFINITION('design','',#10399,#10402);
#10399 = PRODUCT_DEFINITION_FORMATION('','',#10400);
#10400 = PRODUCT('eMachineShop.62',
  'eMachineShop.62','',(#10401));
#10401 = PRODUCT_CONTEXT('',#2,'mechanical');
#10402 = PRODUCT_DEFINITION_CONTEXT('part definition',#2,'design');
#10403 = CONTEXT_DEPENDENT_SHAPE_REPRESENTATION(#10404,#10406);
#10404 = ( REPRESENTATION_RELATIONSHIP('','',#10068,#10) 
REPRESENTATION_RELATIONSHIP_WITH_TRANSFORMATION(#10405) 
SHAPE_REPRESENTATION_RELATIONSHIP() );
#10405 = ITEM_DEFINED_TRANSFORMATION('','',#11,#259);
#10406 = PRODUCT_DEFINITION_SHAPE('Placement','Placement of an item',
  #10407);
#10407 = NEXT_ASSEMBLY_USAGE_OCCURRENCE('62','','',#5,#10398,$);
#10408 = PRODUCT_RELATED_PRODUCT_CATEGORY('part',$,(#10400));
#10409 = MANIFOLD_SURFACE_SHAPE_REPRESENTATION('',(#11,#10410),#10553);
#10410 = SHELL_BASED_SURFACE_MODEL('',(#10411));
#10411 = OPEN_SHELL('',(#10412));
#10412 = ADVANCED_FACE('',(#10413),#10428,.T.);
#10413 = FACE_BOUND('',#10414,.T.);
#10414 = EDGE_LOOP('',(#10415,#10441,#10458,#10475,#10490,#10506,#10524,
    #10540));
#10415 = ORIENTED_EDGE('',*,*,#10416,.F.);
#10416 = EDGE_CURVE('',#10417,#10419,#10421,.T.);
#10417 = VERTEX_POINT('',#10418);
#10418 = CARTESIAN_POINT('',(0.700000000145,-2.549999999909,
    -11.06698729805));
#10419 = VERTEX_POINT('',#10420);
#10420 = CARTESIAN_POINT('',(0.7,-2.8,-11.50000000002));
#10421 = SURFACE_CURVE('',#10422,(#10427),.PCURVE_S1.);
#10422 = CIRCLE('',#10423,0.5);
#10423 = AXIS2_PLACEMENT_3D('',#10424,#10425,#10426);
#10424 = CARTESIAN_POINT('',(0.7,-2.3,-11.5));
#10425 = DIRECTION('',(1.,3.08148791102E-33,6.123233995737E-17));
#10426 = DIRECTION('',(-5.302876193624E-17,-0.5,0.866025403784));
#10427 = PCURVE('',#10428,#10436);
#10428 = SURFACE_OF_REVOLUTION('',#10429,#10433);
#10429 = LINE('',#10430,#10431);
#10430 = CARTESIAN_POINT('',(1.,-2.3,-11.));
#10431 = VECTOR('',#10432,1.);
#10432 = DIRECTION('',(-1.,0.,0.));
#10433 = AXIS1_PLACEMENT('',#10434,#10435);
#10434 = CARTESIAN_POINT('',(0.7,-2.3,-11.5));
#10435 = DIRECTION('',(1.,0.,0.));
#10436 = DEFINITIONAL_REPRESENTATION('',(#10437),#10440);
#10437 = B_SPLINE_CURVE_WITH_KNOTS('',1,(#10438,#10439),.UNSPECIFIED.,
  .F.,.F.,(2,2),(-8.881784197001E-16,1.047197551304),
  .PIECEWISE_BEZIER_KNOTS.);
#10438 = CARTESIAN_POINT('',(0.52359877518,0.299999999711));
#10439 = CARTESIAN_POINT('',(1.57079632718,0.299999999711));
#10440 = ( GEOMETRIC_REPRESENTATION_CONTEXT(2) 
PARAMETRIC_REPRESENTATION_CONTEXT() REPRESENTATION_CONTEXT('2D SPACE',''
  ) );
#10441 = ORIENTED_EDGE('',*,*,#10442,.F.);
#10442 = EDGE_CURVE('',#10443,#10417,#10445,.T.);
#10443 = VERTEX_POINT('',#10444);
#10444 = CARTESIAN_POINT('',(0.684121446,-2.495929838,-11.039987502));
#10445 = SURFACE_CURVE('',#10446,(#10451),.PCURVE_S1.);
#10446 = B_SPLINE_CURVE_WITH_KNOTS('',3,(#10447,#10448,#10449,#10450),
  .UNSPECIFIED.,.F.,.F.,(4,4),(0.,1.),.PIECEWISE_BEZIER_KNOTS.);
#10447 = CARTESIAN_POINT('',(0.684121445662,-2.4959298382,
    -11.03998750179));
#10448 = CARTESIAN_POINT('',(0.694707148747,-2.512398896225,
    -11.04700205006));
#10449 = CARTESIAN_POINT('',(0.700000000289,-2.530588119196,
    -11.05577984351));
#10450 = CARTESIAN_POINT('',(0.700000000289,-2.549999999819,
    -11.066987298));
#10451 = PCURVE('',#10428,#10452);
#10452 = DEFINITIONAL_REPRESENTATION('',(#10453),#10457);
#10453 = B_SPLINE_CURVE_WITH_KNOTS('',2,(#10454,#10455,#10456),
  .UNSPECIFIED.,.F.,.F.,(3,3),(0.,1.),.PIECEWISE_BEZIER_KNOTS.);
#10454 = CARTESIAN_POINT('',(0.40265205718,0.315878554338));
#10455 = CARTESIAN_POINT('',(0.45635404818,0.299999999711));
#10456 = CARTESIAN_POINT('',(0.52359877518,0.299999999711));
#10457 = ( GEOMETRIC_REPRESENTATION_CONTEXT(2) 
PARAMETRIC_REPRESENTATION_CONTEXT() REPRESENTATION_CONTEXT('2D SPACE',''
  ) );
#10458 = ORIENTED_EDGE('',*,*,#10459,.F.);
#10459 = EDGE_CURVE('',#10460,#10443,#10462,.T.);
#10460 = VERTEX_POINT('',#10461);
#10461 = CARTESIAN_POINT('',(0.558184974,-2.3,-11.));
#10462 = SURFACE_CURVE('',#10463,(#10468),.PCURVE_S1.);
#10463 = ( BOUNDED_CURVE() B_SPLINE_CURVE(3,(#10464,#10465,#10466,#10467
),.UNSPECIFIED.,.F.,.F.) B_SPLINE_CURVE_WITH_KNOTS((4,4),(0.,1.),
.PIECEWISE_BEZIER_KNOTS.) CURVE() GEOMETRIC_REPRESENTATION_ITEM() 
RATIONAL_B_SPLINE_CURVE((1.,0.986534850033,0.986534850033,1.)) 
REPRESENTATION_ITEM('') );
#10464 = CARTESIAN_POINT('',(0.558184974,-2.3,-11.));
#10465 = CARTESIAN_POINT('',(0.60161393,-2.367566038,-11.));
#10466 = CARTESIAN_POINT('',(0.64416572,-2.433767395,-11.013511096));
#10467 = CARTESIAN_POINT('',(0.684121446,-2.495929838,-11.039987502));
#10468 = PCURVE('',#10428,#10469);
#10469 = DEFINITIONAL_REPRESENTATION('',(#10470),#10474);
#10470 = B_SPLINE_CURVE_WITH_KNOTS('',2,(#10471,#10472,#10473),
  .UNSPECIFIED.,.F.,.F.,(3,3),(0.,1.),.PIECEWISE_BEZIER_KNOTS.);
#10471 = CARTESIAN_POINT('',(1.795896600469E-10,0.441815025717));
#10472 = CARTESIAN_POINT('',(0.26770513218,0.355779534346));
#10473 = CARTESIAN_POINT('',(0.40265205718,0.315878554338));
#10474 = ( GEOMETRIC_REPRESENTATION_CONTEXT(2) 
PARAMETRIC_REPRESENTATION_CONTEXT() REPRESENTATION_CONTEXT('2D SPACE',''
  ) );
#10475 = ORIENTED_EDGE('',*,*,#10476,.F.);
#10476 = EDGE_CURVE('',#10477,#10460,#10479,.T.);
#10477 = VERTEX_POINT('',#10478);
#10478 = CARTESIAN_POINT('',(0.914812226,-2.3,-11.));
#10479 = SURFACE_CURVE('',#10480,(#10484),.PCURVE_S1.);
#10480 = LINE('',#10481,#10482);
#10481 = CARTESIAN_POINT('',(0.914812226,-2.3,-11.));
#10482 = VECTOR('',#10483,1.);
#10483 = DIRECTION('',(-1.,0.,0.));
#10484 = PCURVE('',#10428,#10485);
#10485 = DEFINITIONAL_REPRESENTATION('',(#10486),#10489);
#10486 = B_SPLINE_CURVE_WITH_KNOTS('',1,(#10487,#10488),.UNSPECIFIED.,
  .F.,.F.,(2,2),(0.,0.356627252),.PIECEWISE_BEZIER_KNOTS.);
#10487 = CARTESIAN_POINT('',(1.795896600469E-10,8.518777352993E-02));
#10488 = CARTESIAN_POINT('',(1.795896600469E-10,0.441815025717));
#10489 = ( GEOMETRIC_REPRESENTATION_CONTEXT(2) 
PARAMETRIC_REPRESENTATION_CONTEXT() REPRESENTATION_CONTEXT('2D SPACE',''
  ) );
#10490 = ORIENTED_EDGE('',*,*,#10491,.F.);
#10491 = EDGE_CURVE('',#10492,#10477,#10494,.T.);
#10492 = VERTEX_POINT('',#10493);
#10493 = CARTESIAN_POINT('',(0.936485782,-2.333719353,-11.00113829));
#10494 = SURFACE_CURVE('',#10495,(#10500),.PCURVE_S1.);
#10495 = ( BOUNDED_CURVE() B_SPLINE_CURVE(3,(#10496,#10497,#10498,#10499
),.UNSPECIFIED.,.F.,.F.) B_SPLINE_CURVE_WITH_KNOTS((4,4),(0.,1.),
.PIECEWISE_BEZIER_KNOTS.) CURVE() GEOMETRIC_REPRESENTATION_ITEM() 
RATIONAL_B_SPLINE_CURVE((1.,0.999620461808,0.999620461808,1.)) 
REPRESENTATION_ITEM('') );
#10496 = CARTESIAN_POINT('',(0.936485782,-2.333719353,-11.00113829));
#10497 = CARTESIAN_POINT('',(0.929270867,-2.322494509,-11.000379574));
#10498 = CARTESIAN_POINT('',(0.922043605,-2.311250457,-11.));
#10499 = CARTESIAN_POINT('',(0.914812226,-2.3,-11.));
#10500 = PCURVE('',#10428,#10501);
#10501 = DEFINITIONAL_REPRESENTATION('',(#10502),#10505);
#10502 = B_SPLINE_CURVE_WITH_KNOTS('',1,(#10503,#10504),.UNSPECIFIED.,
  .F.,.F.,(2,2),(0.,1.),.PIECEWISE_BEZIER_KNOTS.);
#10503 = CARTESIAN_POINT('',(6.748992917959E-02,6.351421762047E-02));
#10504 = CARTESIAN_POINT('',(1.795896600469E-10,8.518777352993E-02));
#10505 = ( GEOMETRIC_REPRESENTATION_CONTEXT(2) 
PARAMETRIC_REPRESENTATION_CONTEXT() REPRESENTATION_CONTEXT('2D SPACE',''
  ) );
#10506 = ORIENTED_EDGE('',*,*,#10507,.F.);
#10507 = EDGE_CURVE('',#10508,#10492,#10510,.T.);
#10508 = VERTEX_POINT('',#10509);
#10509 = CARTESIAN_POINT('',(1.,-2.549999999886,-11.06698729804));
#10510 = SURFACE_CURVE('',#10511,(#10517),.PCURVE_S1.);
#10511 = B_SPLINE_CURVE_WITH_KNOTS('',4,(#10512,#10513,#10514,#10515,
    #10516),.UNSPECIFIED.,.F.,.F.,(5,5),(0.,1.),
  .PIECEWISE_BEZIER_KNOTS.);
#10512 = CARTESIAN_POINT('',(1.,-2.549999999819,-11.066987298));
#10513 = CARTESIAN_POINT('',(1.,-2.494135038193,-11.0347336474));
#10514 = CARTESIAN_POINT('',(0.989414297063,-2.437060457707,
    -11.0146359684));
#10515 = CARTESIAN_POINT('',(0.96824289119,-2.383126527153,
    -11.00447784913));
#10516 = CARTESIAN_POINT('',(0.93648578238,-2.333719352987,
    -11.00113829047));
#10517 = PCURVE('',#10428,#10518);
#10518 = DEFINITIONAL_REPRESENTATION('',(#10519),#10523);
#10519 = B_SPLINE_CURVE_WITH_KNOTS('',2,(#10520,#10521,#10522),
  .UNSPECIFIED.,.F.,.F.,(3,3),(0.,1.),.PIECEWISE_BEZIER_KNOTS.);
#10520 = CARTESIAN_POINT('',(0.52359877518,-5.167462218718E-17));
#10521 = CARTESIAN_POINT('',(0.26556957018,-2.620939515898E-17));
#10522 = CARTESIAN_POINT('',(6.748992917959E-02,6.351421762047E-02));
#10523 = ( GEOMETRIC_REPRESENTATION_CONTEXT(2) 
PARAMETRIC_REPRESENTATION_CONTEXT() REPRESENTATION_CONTEXT('2D SPACE',''
  ) );
#10524 = ORIENTED_EDGE('',*,*,#10525,.F.);
#10525 = EDGE_CURVE('',#10526,#10508,#10528,.T.);
#10526 = VERTEX_POINT('',#10527);
#10527 = CARTESIAN_POINT('',(1.,-2.8,-11.5));
#10528 = SURFACE_CURVE('',#10529,(#10534),.PCURVE_S1.);
#10529 = CIRCLE('',#10530,0.5);
#10530 = AXIS2_PLACEMENT_3D('',#10531,#10532,#10533);
#10531 = CARTESIAN_POINT('',(1.,-2.3,-11.5));
#10532 = DIRECTION('',(-1.,0.,6.123233995737E-17));
#10533 = DIRECTION('',(8.58915688636E-31,-1.,1.402715769533E-14));
#10534 = PCURVE('',#10428,#10535);
#10535 = DEFINITIONAL_REPRESENTATION('',(#10536),#10539);
#10536 = B_SPLINE_CURVE_WITH_KNOTS('',1,(#10537,#10538),.UNSPECIFIED.,
  .F.,.F.,(2,2),(1.836970198721E-16,1.047197551304),
  .PIECEWISE_BEZIER_KNOTS.);
#10537 = CARTESIAN_POINT('',(1.57079632718,-1.550238667235E-16));
#10538 = CARTESIAN_POINT('',(0.52359877518,-5.167462218718E-17));
#10539 = ( GEOMETRIC_REPRESENTATION_CONTEXT(2) 
PARAMETRIC_REPRESENTATION_CONTEXT() REPRESENTATION_CONTEXT('2D SPACE',''
  ) );
#10540 = ORIENTED_EDGE('',*,*,#10541,.F.);
#10541 = EDGE_CURVE('',#10419,#10526,#10542,.T.);
#10542 = SURFACE_CURVE('',#10543,(#10547),.PCURVE_S1.);
#10543 = LINE('',#10544,#10545);
#10544 = CARTESIAN_POINT('',(0.7,-2.8,-11.5));
#10545 = VECTOR('',#10546,1.);
#10546 = DIRECTION('',(1.,0.,0.));
#10547 = PCURVE('',#10428,#10548);
#10548 = DEFINITIONAL_REPRESENTATION('',(#10549),#10552);
#10549 = B_SPLINE_CURVE_WITH_KNOTS('',1,(#10550,#10551),.UNSPECIFIED.,
  .F.,.F.,(2,2),(0.,0.3),.PIECEWISE_BEZIER_KNOTS.);
#10550 = CARTESIAN_POINT('',(1.57079632718,0.299999999711));
#10551 = CARTESIAN_POINT('',(1.57079632718,-1.550238667235E-16));
#10552 = ( GEOMETRIC_REPRESENTATION_CONTEXT(2) 
PARAMETRIC_REPRESENTATION_CONTEXT() REPRESENTATION_CONTEXT('2D SPACE',''
  ) );
#10553 = ( GEOMETRIC_REPRESENTATION_CONTEXT(3) 
GLOBAL_UNCERTAINTY_ASSIGNED_CONTEXT((#10557)) 
GLOBAL_UNIT_ASSIGNED_CONTEXT((#10554,#10555,#10556)) 
REPRESENTATION_CONTEXT('Context #1',
  '3D Context with UNIT and UNCERTAINTY') );
#10554 = ( LENGTH_UNIT() NAMED_UNIT(*) SI_UNIT(.MILLI.,.METRE.) );
#10555 = ( NAMED_UNIT(*) PLANE_ANGLE_UNIT() SI_UNIT($,.RADIAN.) );
#10556 = ( NAMED_UNIT(*) SI_UNIT($,.STERADIAN.) SOLID_ANGLE_UNIT() );
#10557 = UNCERTAINTY_MEASURE_WITH_UNIT(LENGTH_MEASURE(5.E-03),#10554,
  'distance_accuracy_value','confusion accuracy');
#10558 = SHAPE_DEFINITION_REPRESENTATION(#10559,#10409);
#10559 = PRODUCT_DEFINITION_SHAPE('','',#10560);
#10560 = PRODUCT_DEFINITION('design','',#10561,#10564);
#10561 = PRODUCT_DEFINITION_FORMATION('','',#10562);
#10562 = PRODUCT('eMachineShop.63',
  'eMachineShop.63','',(#10563));
#10563 = PRODUCT_CONTEXT('',#2,'mechanical');
#10564 = PRODUCT_DEFINITION_CONTEXT('part definition',#2,'design');
#10565 = CONTEXT_DEPENDENT_SHAPE_REPRESENTATION(#10566,#10568);
#10566 = ( REPRESENTATION_RELATIONSHIP('','',#10409,#10) 
REPRESENTATION_RELATIONSHIP_WITH_TRANSFORMATION(#10567) 
SHAPE_REPRESENTATION_RELATIONSHIP() );
#10567 = ITEM_DEFINED_TRANSFORMATION('','',#11,#263);
#10568 = PRODUCT_DEFINITION_SHAPE('Placement','Placement of an item',
  #10569);
#10569 = NEXT_ASSEMBLY_USAGE_OCCURRENCE('63','','',#5,#10560,$);
#10570 = PRODUCT_RELATED_PRODUCT_CATEGORY('part',$,(#10562));
#10571 = MANIFOLD_SURFACE_SHAPE_REPRESENTATION('',(#11,#10572),#10715);
#10572 = SHELL_BASED_SURFACE_MODEL('',(#10573));
#10573 = OPEN_SHELL('',(#10574));
#10574 = ADVANCED_FACE('',(#10575),#10591,.T.);
#10575 = FACE_BOUND('',#10576,.T.);
#10576 = EDGE_LOOP('',(#10577,#10605,#10621,#10636,#10653,#10670,#10686,
    #10701));
#10577 = ORIENTED_EDGE('',*,*,#10578,.F.);
#10578 = EDGE_CURVE('',#10579,#10581,#10583,.T.);
#10579 = VERTEX_POINT('',#10580);
#10580 = CARTESIAN_POINT('',(0.936485782,-2.333719353,-11.99886171));
#10581 = VERTEX_POINT('',#10582);
#10582 = CARTESIAN_POINT('',(1.,-2.549999999909,-11.93301270194));
#10583 = SURFACE_CURVE('',#10584,(#10590),.PCURVE_S1.);
#10584 = B_SPLINE_CURVE_WITH_KNOTS('',4,(#10585,#10586,#10587,#10588,
    #10589),.UNSPECIFIED.,.F.,.F.,(5,5),(0.,1.),
  .PIECEWISE_BEZIER_KNOTS.);
#10585 = CARTESIAN_POINT('',(0.93648578238,-2.333719352987,
    -11.99886170952));
#10586 = CARTESIAN_POINT('',(0.96824289119,-2.383126527153,
    -11.99552215086));
#10587 = CARTESIAN_POINT('',(0.989414297063,-2.437060457707,
    -11.98536403159));
#10588 = CARTESIAN_POINT('',(1.,-2.494135038193,-11.96526635259));
#10589 = CARTESIAN_POINT('',(1.,-2.549999999819,-11.93301270199));
#10590 = PCURVE('',#10591,#10599);
#10591 = SURFACE_OF_REVOLUTION('',#10592,#10596);
#10592 = LINE('',#10593,#10594);
#10593 = CARTESIAN_POINT('',(0.555534084,-2.3,-12.));
#10594 = VECTOR('',#10595,1.);
#10595 = DIRECTION('',(1.,0.,0.));
#10596 = AXIS1_PLACEMENT('',#10597,#10598);
#10597 = CARTESIAN_POINT('',(0.6,-2.3,-11.5));
#10598 = DIRECTION('',(-1.,0.,0.));
#10599 = DEFINITIONAL_REPRESENTATION('',(#10600),#10604);
#10600 = B_SPLINE_CURVE_WITH_KNOTS('',2,(#10601,#10602,#10603),
  .UNSPECIFIED.,.F.,.F.,(3,3),(0.,1.),.PIECEWISE_BEZIER_KNOTS.);
#10601 = CARTESIAN_POINT('',(6.748992917959E-02,0.38095169838));
#10602 = CARTESIAN_POINT('',(0.26556957018,0.444465916));
#10603 = CARTESIAN_POINT('',(0.52359877518,0.444465916));
#10604 = ( GEOMETRIC_REPRESENTATION_CONTEXT(2) 
PARAMETRIC_REPRESENTATION_CONTEXT() REPRESENTATION_CONTEXT('2D SPACE',''
  ) );
#10605 = ORIENTED_EDGE('',*,*,#10606,.F.);
#10606 = EDGE_CURVE('',#10607,#10579,#10609,.T.);
#10607 = VERTEX_POINT('',#10608);
#10608 = CARTESIAN_POINT('',(0.914812226,-2.3,-12.));
#10609 = SURFACE_CURVE('',#10610,(#10615),.PCURVE_S1.);
#10610 = ( BOUNDED_CURVE() B_SPLINE_CURVE(3,(#10611,#10612,#10613,#10614
),.UNSPECIFIED.,.F.,.F.) B_SPLINE_CURVE_WITH_KNOTS((4,4),(0.,1.),
.PIECEWISE_BEZIER_KNOTS.) CURVE() GEOMETRIC_REPRESENTATION_ITEM() 
RATIONAL_B_SPLINE_CURVE((1.,0.999620461808,0.999620461808,1.)) 
REPRESENTATION_ITEM('') );
#10611 = CARTESIAN_POINT('',(0.914812226,-2.3,-12.));
#10612 = CARTESIAN_POINT('',(0.922043605,-2.311250457,-12.));
#10613 = CARTESIAN_POINT('',(0.929270867,-2.322494509,-11.999620426));
#10614 = CARTESIAN_POINT('',(0.936485782,-2.333719353,-11.99886171));
#10615 = PCURVE('',#10591,#10616);
#10616 = DEFINITIONAL_REPRESENTATION('',(#10617),#10620);
#10617 = B_SPLINE_CURVE_WITH_KNOTS('',1,(#10618,#10619),.UNSPECIFIED.,
  .F.,.F.,(2,2),(0.,1.),.PIECEWISE_BEZIER_KNOTS.);
#10618 = CARTESIAN_POINT('',(1.795896600469E-10,0.35927814247));
#10619 = CARTESIAN_POINT('',(6.748992917959E-02,0.38095169838));
#10620 = ( GEOMETRIC_REPRESENTATION_CONTEXT(2) 
PARAMETRIC_REPRESENTATION_CONTEXT() REPRESENTATION_CONTEXT('2D SPACE',''
  ) );
#10621 = ORIENTED_EDGE('',*,*,#10622,.F.);
#10622 = EDGE_CURVE('',#10623,#10607,#10625,.T.);
#10623 = VERTEX_POINT('',#10624);
#10624 = CARTESIAN_POINT('',(0.558184974,-2.3,-12.));
#10625 = SURFACE_CURVE('',#10626,(#10630),.PCURVE_S1.);
#10626 = LINE('',#10627,#10628);
#10627 = CARTESIAN_POINT('',(0.558184974,-2.3,-12.));
#10628 = VECTOR('',#10629,1.);
#10629 = DIRECTION('',(1.,0.,0.));
#10630 = PCURVE('',#10591,#10631);
#10631 = DEFINITIONAL_REPRESENTATION('',(#10632),#10635);
#10632 = B_SPLINE_CURVE_WITH_KNOTS('',1,(#10633,#10634),.UNSPECIFIED.,
  .F.,.F.,(2,2),(0.,0.356627252),.PIECEWISE_BEZIER_KNOTS.);
#10633 = CARTESIAN_POINT('',(1.795896600469E-10,2.650890283196E-03));
#10634 = CARTESIAN_POINT('',(1.795896600469E-10,0.35927814247));
#10635 = ( GEOMETRIC_REPRESENTATION_CONTEXT(2) 
PARAMETRIC_REPRESENTATION_CONTEXT() REPRESENTATION_CONTEXT('2D SPACE',''
  ) );
#10636 = ORIENTED_EDGE('',*,*,#10637,.F.);
#10637 = EDGE_CURVE('',#10638,#10623,#10640,.T.);
#10638 = VERTEX_POINT('',#10639);
#10639 = CARTESIAN_POINT('',(0.684121446,-2.495929838,-11.960012498));
#10640 = SURFACE_CURVE('',#10641,(#10646),.PCURVE_S1.);
#10641 = ( BOUNDED_CURVE() B_SPLINE_CURVE(3,(#10642,#10643,#10644,#10645
),.UNSPECIFIED.,.F.,.F.) B_SPLINE_CURVE_WITH_KNOTS((4,4),(0.,1.),
.PIECEWISE_BEZIER_KNOTS.) CURVE() GEOMETRIC_REPRESENTATION_ITEM() 
RATIONAL_B_SPLINE_CURVE((1.,0.986534850033,0.986534850033,1.)) 
REPRESENTATION_ITEM('') );
#10642 = CARTESIAN_POINT('',(0.684121446,-2.495929838,-11.960012498));
#10643 = CARTESIAN_POINT('',(0.64416572,-2.433767395,-11.986488904));
#10644 = CARTESIAN_POINT('',(0.60161393,-2.367566038,-12.));
#10645 = CARTESIAN_POINT('',(0.558184974,-2.3,-12.));
#10646 = PCURVE('',#10591,#10647);
#10647 = DEFINITIONAL_REPRESENTATION('',(#10648),#10652);
#10648 = B_SPLINE_CURVE_WITH_KNOTS('',2,(#10649,#10650,#10651),
  .UNSPECIFIED.,.F.,.F.,(3,3),(0.,1.),.PIECEWISE_BEZIER_KNOTS.);
#10649 = CARTESIAN_POINT('',(0.40265205718,0.128587361662));
#10650 = CARTESIAN_POINT('',(0.26770513218,8.868638165414E-02));
#10651 = CARTESIAN_POINT('',(1.795896600469E-10,2.650890283196E-03));
#10652 = ( GEOMETRIC_REPRESENTATION_CONTEXT(2) 
PARAMETRIC_REPRESENTATION_CONTEXT() REPRESENTATION_CONTEXT('2D SPACE',''
  ) );
#10653 = ORIENTED_EDGE('',*,*,#10654,.F.);
#10654 = EDGE_CURVE('',#10655,#10638,#10657,.T.);
#10655 = VERTEX_POINT('',#10656);
#10656 = CARTESIAN_POINT('',(0.700000000145,-2.549999999886,
    -11.93301270195));
#10657 = SURFACE_CURVE('',#10658,(#10663),.PCURVE_S1.);
#10658 = B_SPLINE_CURVE_WITH_KNOTS('',3,(#10659,#10660,#10661,#10662),
  .UNSPECIFIED.,.F.,.F.,(4,4),(0.,1.),.PIECEWISE_BEZIER_KNOTS.);
#10659 = CARTESIAN_POINT('',(0.700000000289,-2.549999999819,
    -11.93301270199));
#10660 = CARTESIAN_POINT('',(0.700000000289,-2.530588119196,
    -11.94422015648));
#10661 = CARTESIAN_POINT('',(0.694707148747,-2.512398896225,
    -11.95299794993));
#10662 = CARTESIAN_POINT('',(0.684121445662,-2.4959298382,-11.9600124982
    ));
#10663 = PCURVE('',#10591,#10664);
#10664 = DEFINITIONAL_REPRESENTATION('',(#10665),#10669);
#10665 = B_SPLINE_CURVE_WITH_KNOTS('',2,(#10666,#10667,#10668),
  .UNSPECIFIED.,.F.,.F.,(3,3),(0.,1.),.PIECEWISE_BEZIER_KNOTS.);
#10666 = CARTESIAN_POINT('',(0.52359877518,0.144465916289));
#10667 = CARTESIAN_POINT('',(0.45635404818,0.144465916289));
#10668 = CARTESIAN_POINT('',(0.40265205718,0.128587361662));
#10669 = ( GEOMETRIC_REPRESENTATION_CONTEXT(2) 
PARAMETRIC_REPRESENTATION_CONTEXT() REPRESENTATION_CONTEXT('2D SPACE',''
  ) );
#10670 = ORIENTED_EDGE('',*,*,#10671,.F.);
#10671 = EDGE_CURVE('',#10672,#10655,#10674,.T.);
#10672 = VERTEX_POINT('',#10673);
#10673 = CARTESIAN_POINT('',(0.7,-2.8,-11.5));
#10674 = SURFACE_CURVE('',#10675,(#10680),.PCURVE_S1.);
#10675 = CIRCLE('',#10676,0.5);
#10676 = AXIS2_PLACEMENT_3D('',#10677,#10678,#10679);
#10677 = CARTESIAN_POINT('',(0.7,-2.3,-11.5));
#10678 = DIRECTION('',(1.,0.,6.123233995737E-17));
#10679 = DIRECTION('',(8.58915688636E-31,-1.,-1.402715769533E-14));
#10680 = PCURVE('',#10591,#10681);
#10681 = DEFINITIONAL_REPRESENTATION('',(#10682),#10685);
#10682 = B_SPLINE_CURVE_WITH_KNOTS('',1,(#10683,#10684),.UNSPECIFIED.,
  .F.,.F.,(2,2),(1.836970198721E-16,1.047197551304),
  .PIECEWISE_BEZIER_KNOTS.);
#10683 = CARTESIAN_POINT('',(1.57079632718,0.144465916289));
#10684 = CARTESIAN_POINT('',(0.52359877518,0.144465916289));
#10685 = ( GEOMETRIC_REPRESENTATION_CONTEXT(2) 
PARAMETRIC_REPRESENTATION_CONTEXT() REPRESENTATION_CONTEXT('2D SPACE',''
  ) );
#10686 = ORIENTED_EDGE('',*,*,#10687,.F.);
#10687 = EDGE_CURVE('',#10688,#10672,#10690,.T.);
#10688 = VERTEX_POINT('',#10689);
#10689 = CARTESIAN_POINT('',(1.,-2.8,-11.49999999997));
#10690 = SURFACE_CURVE('',#10691,(#10695),.PCURVE_S1.);
#10691 = LINE('',#10692,#10693);
#10692 = CARTESIAN_POINT('',(1.,-2.8,-11.5));
#10693 = VECTOR('',#10694,1.);
#10694 = DIRECTION('',(-1.,0.,0.));
#10695 = PCURVE('',#10591,#10696);
#10696 = DEFINITIONAL_REPRESENTATION('',(#10697),#10700);
#10697 = B_SPLINE_CURVE_WITH_KNOTS('',1,(#10698,#10699),.UNSPECIFIED.,
  .F.,.F.,(2,2),(0.,0.3),.PIECEWISE_BEZIER_KNOTS.);
#10698 = CARTESIAN_POINT('',(1.57079632718,0.444465916));
#10699 = CARTESIAN_POINT('',(1.57079632718,0.144465916289));
#10700 = ( GEOMETRIC_REPRESENTATION_CONTEXT(2) 
PARAMETRIC_REPRESENTATION_CONTEXT() REPRESENTATION_CONTEXT('2D SPACE',''
  ) );
#10701 = ORIENTED_EDGE('',*,*,#10702,.F.);
#10702 = EDGE_CURVE('',#10581,#10688,#10703,.T.);
#10703 = SURFACE_CURVE('',#10704,(#10709),.PCURVE_S1.);
#10704 = CIRCLE('',#10705,0.5);
#10705 = AXIS2_PLACEMENT_3D('',#10706,#10707,#10708);
#10706 = CARTESIAN_POINT('',(1.,-2.3,-11.5));
#10707 = DIRECTION('',(-1.,-3.08148791102E-33,6.123233995737E-17));
#10708 = DIRECTION('',(-5.302876193624E-17,-0.5,-0.866025403784));
#10709 = PCURVE('',#10591,#10710);
#10710 = DEFINITIONAL_REPRESENTATION('',(#10711),#10714);
#10711 = B_SPLINE_CURVE_WITH_KNOTS('',1,(#10712,#10713),.UNSPECIFIED.,
  .F.,.F.,(2,2),(4.996003610813E-16,1.047197551304),
  .PIECEWISE_BEZIER_KNOTS.);
#10712 = CARTESIAN_POINT('',(0.52359877518,0.444465916));
#10713 = CARTESIAN_POINT('',(1.57079632718,0.444465916));
#10714 = ( GEOMETRIC_REPRESENTATION_CONTEXT(2) 
PARAMETRIC_REPRESENTATION_CONTEXT() REPRESENTATION_CONTEXT('2D SPACE',''
  ) );
#10715 = ( GEOMETRIC_REPRESENTATION_CONTEXT(3) 
GLOBAL_UNCERTAINTY_ASSIGNED_CONTEXT((#10719)) 
GLOBAL_UNIT_ASSIGNED_CONTEXT((#10716,#10717,#10718)) 
REPRESENTATION_CONTEXT('Context #1',
  '3D Context with UNIT and UNCERTAINTY') );
#10716 = ( LENGTH_UNIT() NAMED_UNIT(*) SI_UNIT(.MILLI.,.METRE.) );
#10717 = ( NAMED_UNIT(*) PLANE_ANGLE_UNIT() SI_UNIT($,.RADIAN.) );
#10718 = ( NAMED_UNIT(*) SI_UNIT($,.STERADIAN.) SOLID_ANGLE_UNIT() );
#10719 = UNCERTAINTY_MEASURE_WITH_UNIT(LENGTH_MEASURE(5.E-03),#10716,
  'distance_accuracy_value','confusion accuracy');
#10720 = SHAPE_DEFINITION_REPRESENTATION(#10721,#10571);
#10721 = PRODUCT_DEFINITION_SHAPE('','',#10722);
#10722 = PRODUCT_DEFINITION('design','',#10723,#10726);
#10723 = PRODUCT_DEFINITION_FORMATION('','',#10724);
#10724 = PRODUCT('eMachineShop.64',
  'eMachineShop.64','',(#10725));
#10725 = PRODUCT_CONTEXT('',#2,'mechanical');
#10726 = PRODUCT_DEFINITION_CONTEXT('part definition',#2,'design');
#10727 = CONTEXT_DEPENDENT_SHAPE_REPRESENTATION(#10728,#10730);
#10728 = ( REPRESENTATION_RELATIONSHIP('','',#10571,#10) 
REPRESENTATION_RELATIONSHIP_WITH_TRANSFORMATION(#10729) 
SHAPE_REPRESENTATION_RELATIONSHIP() );
#10729 = ITEM_DEFINED_TRANSFORMATION('','',#11,#267);
#10730 = PRODUCT_DEFINITION_SHAPE('Placement','Placement of an item',
  #10731);
#10731 = NEXT_ASSEMBLY_USAGE_OCCURRENCE('64','','',#5,#10722,$);
#10732 = PRODUCT_RELATED_PRODUCT_CATEGORY('part',$,(#10724));
#10733 = MANIFOLD_SURFACE_SHAPE_REPRESENTATION('',(#11,#10734),#10877);
#10734 = SHELL_BASED_SURFACE_MODEL('',(#10735));
#10735 = OPEN_SHELL('',(#10736));
#10736 = ADVANCED_FACE('',(#10737),#10752,.T.);
#10737 = FACE_BOUND('',#10738,.T.);
#10738 = EDGE_LOOP('',(#10739,#10766,#10781,#10797,#10815,#10831,#10846,
    #10862));
#10739 = ORIENTED_EDGE('',*,*,#10740,.F.);
#10740 = EDGE_CURVE('',#10741,#10743,#10745,.T.);
#10741 = VERTEX_POINT('',#10742);
#10742 = CARTESIAN_POINT('',(6.641815026,-2.3,-12.));
#10743 = VERTEX_POINT('',#10744);
#10744 = CARTESIAN_POINT('',(6.515878554,-2.495929838,-11.960012498));
#10745 = SURFACE_CURVE('',#10746,(#10751),.PCURVE_S1.);
#10746 = ( BOUNDED_CURVE() B_SPLINE_CURVE(3,(#10747,#10748,#10749,#10750
),.UNSPECIFIED.,.F.,.F.) B_SPLINE_CURVE_WITH_KNOTS((4,4),(0.,1.),
.PIECEWISE_BEZIER_KNOTS.) CURVE() GEOMETRIC_REPRESENTATION_ITEM() 
RATIONAL_B_SPLINE_CURVE((1.,0.986534850033,0.986534850033,1.)) 
REPRESENTATION_ITEM('') );
#10747 = CARTESIAN_POINT('',(6.641815026,-2.3,-12.));
#10748 = CARTESIAN_POINT('',(6.59838607,-2.367566038,-12.));
#10749 = CARTESIAN_POINT('',(6.55583428,-2.433767395,-11.986488904));
#10750 = CARTESIAN_POINT('',(6.515878554,-2.495929838,-11.960012498));
#10751 = PCURVE('',#10752,#10760);
#10752 = SURFACE_OF_REVOLUTION('',#10753,#10757);
#10753 = LINE('',#10754,#10755);
#10754 = CARTESIAN_POINT('',(6.2,-2.3,-12.));
#10755 = VECTOR('',#10756,1.);
#10756 = DIRECTION('',(1.,0.,0.));
#10757 = AXIS1_PLACEMENT('',#10758,#10759);
#10758 = CARTESIAN_POINT('',(6.6,-2.3,-11.5));
#10759 = DIRECTION('',(-1.,0.,0.));
#10760 = DEFINITIONAL_REPRESENTATION('',(#10761),#10765);
#10761 = B_SPLINE_CURVE_WITH_KNOTS('',2,(#10762,#10763,#10764),
  .UNSPECIFIED.,.F.,.F.,(3,3),(0.,1.),.PIECEWISE_BEZIER_KNOTS.);
#10762 = CARTESIAN_POINT('',(1.795896600469E-10,0.441815025717));
#10763 = CARTESIAN_POINT('',(0.26770513218,0.355779534346));
#10764 = CARTESIAN_POINT('',(0.40265205718,0.315878554338));
#10765 = ( GEOMETRIC_REPRESENTATION_CONTEXT(2) 
PARAMETRIC_REPRESENTATION_CONTEXT() REPRESENTATION_CONTEXT('2D SPACE',''
  ) );
#10766 = ORIENTED_EDGE('',*,*,#10767,.F.);
#10767 = EDGE_CURVE('',#10768,#10741,#10770,.T.);
#10768 = VERTEX_POINT('',#10769);
#10769 = CARTESIAN_POINT('',(6.285187774,-2.3,-12.));
#10770 = SURFACE_CURVE('',#10771,(#10775),.PCURVE_S1.);
#10771 = LINE('',#10772,#10773);
#10772 = CARTESIAN_POINT('',(6.285187774,-2.3,-12.));
#10773 = VECTOR('',#10774,1.);
#10774 = DIRECTION('',(1.,0.,0.));
#10775 = PCURVE('',#10752,#10776);
#10776 = DEFINITIONAL_REPRESENTATION('',(#10777),#10780);
#10777 = B_SPLINE_CURVE_WITH_KNOTS('',1,(#10778,#10779),.UNSPECIFIED.,
  .F.,.F.,(2,2),(0.,0.356627252),.PIECEWISE_BEZIER_KNOTS.);
#10778 = CARTESIAN_POINT('',(1.795896600469E-10,8.518777352993E-02));
#10779 = CARTESIAN_POINT('',(1.795896600469E-10,0.441815025717));
#10780 = ( GEOMETRIC_REPRESENTATION_CONTEXT(2) 
PARAMETRIC_REPRESENTATION_CONTEXT() REPRESENTATION_CONTEXT('2D SPACE',''
  ) );
#10781 = ORIENTED_EDGE('',*,*,#10782,.F.);
#10782 = EDGE_CURVE('',#10783,#10768,#10785,.T.);
#10783 = VERTEX_POINT('',#10784);
#10784 = CARTESIAN_POINT('',(6.263514218,-2.333719353,-11.99886171));
#10785 = SURFACE_CURVE('',#10786,(#10791),.PCURVE_S1.);
#10786 = ( BOUNDED_CURVE() B_SPLINE_CURVE(3,(#10787,#10788,#10789,#10790
),.UNSPECIFIED.,.F.,.F.) B_SPLINE_CURVE_WITH_KNOTS((4,4),(0.,1.),
.PIECEWISE_BEZIER_KNOTS.) CURVE() GEOMETRIC_REPRESENTATION_ITEM() 
RATIONAL_B_SPLINE_CURVE((1.,0.999620461808,0.999620461808,1.)) 
REPRESENTATION_ITEM('') );
#10787 = CARTESIAN_POINT('',(6.263514218,-2.333719353,-11.99886171));
#10788 = CARTESIAN_POINT('',(6.270729133,-2.322494509,-11.999620426));
#10789 = CARTESIAN_POINT('',(6.277956395,-2.311250457,-12.));
#10790 = CARTESIAN_POINT('',(6.285187774,-2.3,-12.));
#10791 = PCURVE('',#10752,#10792);
#10792 = DEFINITIONAL_REPRESENTATION('',(#10793),#10796);
#10793 = B_SPLINE_CURVE_WITH_KNOTS('',1,(#10794,#10795),.UNSPECIFIED.,
  .F.,.F.,(2,2),(0.,1.),.PIECEWISE_BEZIER_KNOTS.);
#10794 = CARTESIAN_POINT('',(6.748992917959E-02,6.351421762047E-02));
#10795 = CARTESIAN_POINT('',(1.795896600469E-10,8.518777352993E-02));
#10796 = ( GEOMETRIC_REPRESENTATION_CONTEXT(2) 
PARAMETRIC_REPRESENTATION_CONTEXT() REPRESENTATION_CONTEXT('2D SPACE',''
  ) );
#10797 = ORIENTED_EDGE('',*,*,#10798,.F.);
#10798 = EDGE_CURVE('',#10799,#10783,#10801,.T.);
#10799 = VERTEX_POINT('',#10800);
#10800 = CARTESIAN_POINT('',(6.2,-2.549999999886,-11.93301270195));
#10801 = SURFACE_CURVE('',#10802,(#10808),.PCURVE_S1.);
#10802 = B_SPLINE_CURVE_WITH_KNOTS('',4,(#10803,#10804,#10805,#10806,
    #10807),.UNSPECIFIED.,.F.,.F.,(5,5),(0.,1.),
  .PIECEWISE_BEZIER_KNOTS.);
#10803 = CARTESIAN_POINT('',(6.2,-2.549999999819,-11.93301270199));
#10804 = CARTESIAN_POINT('',(6.2,-2.494135038193,-11.96526635259));
#10805 = CARTESIAN_POINT('',(6.210585702937,-2.437060457707,
    -11.98536403159));
#10806 = CARTESIAN_POINT('',(6.23175710881,-2.383126527153,
    -11.99552215086));
#10807 = CARTESIAN_POINT('',(6.26351421762,-2.333719352987,
    -11.99886170952));
#10808 = PCURVE('',#10752,#10809);
#10809 = DEFINITIONAL_REPRESENTATION('',(#10810),#10814);
#10810 = B_SPLINE_CURVE_WITH_KNOTS('',2,(#10811,#10812,#10813),
  .UNSPECIFIED.,.F.,.F.,(3,3),(0.,1.),.PIECEWISE_BEZIER_KNOTS.);
#10811 = CARTESIAN_POINT('',(0.52359877518,-5.167462218718E-17));
#10812 = CARTESIAN_POINT('',(0.26556957018,-2.620939515898E-17));
#10813 = CARTESIAN_POINT('',(6.748992917959E-02,6.351421762047E-02));
#10814 = ( GEOMETRIC_REPRESENTATION_CONTEXT(2) 
PARAMETRIC_REPRESENTATION_CONTEXT() REPRESENTATION_CONTEXT('2D SPACE',''
  ) );
#10815 = ORIENTED_EDGE('',*,*,#10816,.F.);
#10816 = EDGE_CURVE('',#10817,#10799,#10819,.T.);
#10817 = VERTEX_POINT('',#10818);
#10818 = CARTESIAN_POINT('',(6.2,-2.8,-11.5));
#10819 = SURFACE_CURVE('',#10820,(#10825),.PCURVE_S1.);
#10820 = CIRCLE('',#10821,0.5);
#10821 = AXIS2_PLACEMENT_3D('',#10822,#10823,#10824);
#10822 = CARTESIAN_POINT('',(6.2,-2.3,-11.5));
#10823 = DIRECTION('',(1.,0.,6.123233995737E-17));
#10824 = DIRECTION('',(8.58915688636E-31,-1.,-1.402715769533E-14));
#10825 = PCURVE('',#10752,#10826);
#10826 = DEFINITIONAL_REPRESENTATION('',(#10827),#10830);
#10827 = B_SPLINE_CURVE_WITH_KNOTS('',1,(#10828,#10829),.UNSPECIFIED.,
  .F.,.F.,(2,2),(1.836970198721E-16,1.047197551304),
  .PIECEWISE_BEZIER_KNOTS.);
#10828 = CARTESIAN_POINT('',(1.57079632718,-1.550238667235E-16));
#10829 = CARTESIAN_POINT('',(0.52359877518,-5.167462218718E-17));
#10830 = ( GEOMETRIC_REPRESENTATION_CONTEXT(2) 
PARAMETRIC_REPRESENTATION_CONTEXT() REPRESENTATION_CONTEXT('2D SPACE',''
  ) );
#10831 = ORIENTED_EDGE('',*,*,#10832,.F.);
#10832 = EDGE_CURVE('',#10833,#10817,#10835,.T.);
#10833 = VERTEX_POINT('',#10834);
#10834 = CARTESIAN_POINT('',(6.5,-2.8,-11.49999999997));
#10835 = SURFACE_CURVE('',#10836,(#10840),.PCURVE_S1.);
#10836 = LINE('',#10837,#10838);
#10837 = CARTESIAN_POINT('',(6.5,-2.8,-11.5));
#10838 = VECTOR('',#10839,1.);
#10839 = DIRECTION('',(-1.,0.,0.));
#10840 = PCURVE('',#10752,#10841);
#10841 = DEFINITIONAL_REPRESENTATION('',(#10842),#10845);
#10842 = B_SPLINE_CURVE_WITH_KNOTS('',1,(#10843,#10844),.UNSPECIFIED.,
  .F.,.F.,(2,2),(0.,0.3),.PIECEWISE_BEZIER_KNOTS.);
#10843 = CARTESIAN_POINT('',(1.57079632718,0.299999999711));
#10844 = CARTESIAN_POINT('',(1.57079632718,-1.550238667235E-16));
#10845 = ( GEOMETRIC_REPRESENTATION_CONTEXT(2) 
PARAMETRIC_REPRESENTATION_CONTEXT() REPRESENTATION_CONTEXT('2D SPACE',''
  ) );
#10846 = ORIENTED_EDGE('',*,*,#10847,.F.);
#10847 = EDGE_CURVE('',#10848,#10833,#10850,.T.);
#10848 = VERTEX_POINT('',#10849);
#10849 = CARTESIAN_POINT('',(6.499999999856,-2.549999999909,
    -11.93301270194));
#10850 = SURFACE_CURVE('',#10851,(#10856),.PCURVE_S1.);
#10851 = CIRCLE('',#10852,0.5);
#10852 = AXIS2_PLACEMENT_3D('',#10853,#10854,#10855);
#10853 = CARTESIAN_POINT('',(6.5,-2.3,-11.5));
#10854 = DIRECTION('',(-1.,-3.08148791102E-33,6.123233995737E-17));
#10855 = DIRECTION('',(-5.302876193624E-17,-0.5,-0.866025403784));
#10856 = PCURVE('',#10752,#10857);
#10857 = DEFINITIONAL_REPRESENTATION('',(#10858),#10861);
#10858 = B_SPLINE_CURVE_WITH_KNOTS('',1,(#10859,#10860),.UNSPECIFIED.,
  .F.,.F.,(2,2),(-8.881784197001E-16,1.047197551304),
  .PIECEWISE_BEZIER_KNOTS.);
#10859 = CARTESIAN_POINT('',(0.52359877518,0.299999999711));
#10860 = CARTESIAN_POINT('',(1.57079632718,0.299999999711));
#10861 = ( GEOMETRIC_REPRESENTATION_CONTEXT(2) 
PARAMETRIC_REPRESENTATION_CONTEXT() REPRESENTATION_CONTEXT('2D SPACE',''
  ) );
#10862 = ORIENTED_EDGE('',*,*,#10863,.F.);
#10863 = EDGE_CURVE('',#10743,#10848,#10864,.T.);
#10864 = SURFACE_CURVE('',#10865,(#10870),.PCURVE_S1.);
#10865 = B_SPLINE_CURVE_WITH_KNOTS('',3,(#10866,#10867,#10868,#10869),
  .UNSPECIFIED.,.F.,.F.,(4,4),(0.,1.),.PIECEWISE_BEZIER_KNOTS.);
#10866 = CARTESIAN_POINT('',(6.515878554338,-2.4959298382,-11.9600124982
    ));
#10867 = CARTESIAN_POINT('',(6.505292851253,-2.512398896225,
    -11.95299794993));
#10868 = CARTESIAN_POINT('',(6.499999999711,-2.530588119196,
    -11.94422015648));
#10869 = CARTESIAN_POINT('',(6.499999999711,-2.549999999819,
    -11.93301270199));
#10870 = PCURVE('',#10752,#10871);
#10871 = DEFINITIONAL_REPRESENTATION('',(#10872),#10876);
#10872 = B_SPLINE_CURVE_WITH_KNOTS('',2,(#10873,#10874,#10875),
  .UNSPECIFIED.,.F.,.F.,(3,3),(0.,1.),.PIECEWISE_BEZIER_KNOTS.);
#10873 = CARTESIAN_POINT('',(0.40265205718,0.315878554338));
#10874 = CARTESIAN_POINT('',(0.45635404818,0.299999999711));
#10875 = CARTESIAN_POINT('',(0.52359877518,0.299999999711));
#10876 = ( GEOMETRIC_REPRESENTATION_CONTEXT(2) 
PARAMETRIC_REPRESENTATION_CONTEXT() REPRESENTATION_CONTEXT('2D SPACE',''
  ) );
#10877 = ( GEOMETRIC_REPRESENTATION_CONTEXT(3) 
GLOBAL_UNCERTAINTY_ASSIGNED_CONTEXT((#10881)) 
GLOBAL_UNIT_ASSIGNED_CONTEXT((#10878,#10879,#10880)) 
REPRESENTATION_CONTEXT('Context #1',
  '3D Context with UNIT and UNCERTAINTY') );
#10878 = ( LENGTH_UNIT() NAMED_UNIT(*) SI_UNIT(.MILLI.,.METRE.) );
#10879 = ( NAMED_UNIT(*) PLANE_ANGLE_UNIT() SI_UNIT($,.RADIAN.) );
#10880 = ( NAMED_UNIT(*) SI_UNIT($,.STERADIAN.) SOLID_ANGLE_UNIT() );
#10881 = UNCERTAINTY_MEASURE_WITH_UNIT(LENGTH_MEASURE(5.E-03),#10878,
  'distance_accuracy_value','confusion accuracy');
#10882 = SHAPE_DEFINITION_REPRESENTATION(#10883,#10733);
#10883 = PRODUCT_DEFINITION_SHAPE('','',#10884);
#10884 = PRODUCT_DEFINITION('design','',#10885,#10888);
#10885 = PRODUCT_DEFINITION_FORMATION('','',#10886);
#10886 = PRODUCT('eMachineShop.65',
  'eMachineShop.65','',(#10887));
#10887 = PRODUCT_CONTEXT('',#2,'mechanical');
#10888 = PRODUCT_DEFINITION_CONTEXT('part definition',#2,'design');
#10889 = CONTEXT_DEPENDENT_SHAPE_REPRESENTATION(#10890,#10892);
#10890 = ( REPRESENTATION_RELATIONSHIP('','',#10733,#10) 
REPRESENTATION_RELATIONSHIP_WITH_TRANSFORMATION(#10891) 
SHAPE_REPRESENTATION_RELATIONSHIP() );
#10891 = ITEM_DEFINED_TRANSFORMATION('','',#11,#271);
#10892 = PRODUCT_DEFINITION_SHAPE('Placement','Placement of an item',
  #10893);
#10893 = NEXT_ASSEMBLY_USAGE_OCCURRENCE('65','','',#5,#10884,$);
#10894 = PRODUCT_RELATED_PRODUCT_CATEGORY('part',$,(#10886));
#10895 = MANIFOLD_SURFACE_SHAPE_REPRESENTATION('',(#11,#10896),#11039);
#10896 = SHELL_BASED_SURFACE_MODEL('',(#10897));
#10897 = OPEN_SHELL('',(#10898));
#10898 = ADVANCED_FACE('',(#10899),#10914,.T.);
#10899 = FACE_BOUND('',#10900,.T.);
#10900 = EDGE_LOOP('',(#10901,#10928,#10944,#10959,#10975,#10993,#11009,
    #11024));
#10901 = ORIENTED_EDGE('',*,*,#10902,.F.);
#10902 = EDGE_CURVE('',#10903,#10905,#10907,.T.);
#10903 = VERTEX_POINT('',#10904);
#10904 = CARTESIAN_POINT('',(6.499999999856,-2.549999999886,
    -11.06698729804));
#10905 = VERTEX_POINT('',#10906);
#10906 = CARTESIAN_POINT('',(6.515878554,-2.495929838,-11.039987502));
#10907 = SURFACE_CURVE('',#10908,(#10913),.PCURVE_S1.);
#10908 = B_SPLINE_CURVE_WITH_KNOTS('',3,(#10909,#10910,#10911,#10912),
  .UNSPECIFIED.,.F.,.F.,(4,4),(0.,1.),.PIECEWISE_BEZIER_KNOTS.);
#10909 = CARTESIAN_POINT('',(6.499999999711,-2.549999999819,
    -11.066987298));
#10910 = CARTESIAN_POINT('',(6.499999999711,-2.530588119196,
    -11.05577984351));
#10911 = CARTESIAN_POINT('',(6.505292851253,-2.512398896225,
    -11.04700205006));
#10912 = CARTESIAN_POINT('',(6.515878554338,-2.4959298382,
    -11.03998750179));
#10913 = PCURVE('',#10914,#10922);
#10914 = SURFACE_OF_REVOLUTION('',#10915,#10919);
#10915 = LINE('',#10916,#10917);
#10916 = CARTESIAN_POINT('',(6.644465916,-2.3,-11.));
#10917 = VECTOR('',#10918,1.);
#10918 = DIRECTION('',(-1.,0.,0.));
#10919 = AXIS1_PLACEMENT('',#10920,#10921);
#10920 = CARTESIAN_POINT('',(6.5,-2.3,-11.5));
#10921 = DIRECTION('',(1.,0.,0.));
#10922 = DEFINITIONAL_REPRESENTATION('',(#10923),#10927);
#10923 = B_SPLINE_CURVE_WITH_KNOTS('',2,(#10924,#10925,#10926),
  .UNSPECIFIED.,.F.,.F.,(3,3),(0.,1.),.PIECEWISE_BEZIER_KNOTS.);
#10924 = CARTESIAN_POINT('',(0.52359877518,0.144465916289));
#10925 = CARTESIAN_POINT('',(0.45635404818,0.144465916289));
#10926 = CARTESIAN_POINT('',(0.40265205718,0.128587361662));
#10927 = ( GEOMETRIC_REPRESENTATION_CONTEXT(2) 
PARAMETRIC_REPRESENTATION_CONTEXT() REPRESENTATION_CONTEXT('2D SPACE',''
  ) );
#10928 = ORIENTED_EDGE('',*,*,#10929,.F.);
#10929 = EDGE_CURVE('',#10930,#10903,#10932,.T.);
#10930 = VERTEX_POINT('',#10931);
#10931 = CARTESIAN_POINT('',(6.5,-2.8,-11.5));
#10932 = SURFACE_CURVE('',#10933,(#10938),.PCURVE_S1.);
#10933 = CIRCLE('',#10934,0.5);
#10934 = AXIS2_PLACEMENT_3D('',#10935,#10936,#10937);
#10935 = CARTESIAN_POINT('',(6.5,-2.3,-11.5));
#10936 = DIRECTION('',(-1.,0.,6.123233995737E-17));
#10937 = DIRECTION('',(8.58915688636E-31,-1.,1.402715769533E-14));
#10938 = PCURVE('',#10914,#10939);
#10939 = DEFINITIONAL_REPRESENTATION('',(#10940),#10943);
#10940 = B_SPLINE_CURVE_WITH_KNOTS('',1,(#10941,#10942),.UNSPECIFIED.,
  .F.,.F.,(2,2),(1.836970198721E-16,1.047197551304),
  .PIECEWISE_BEZIER_KNOTS.);
#10941 = CARTESIAN_POINT('',(1.57079632718,0.144465916289));
#10942 = CARTESIAN_POINT('',(0.52359877518,0.144465916289));
#10943 = ( GEOMETRIC_REPRESENTATION_CONTEXT(2) 
PARAMETRIC_REPRESENTATION_CONTEXT() REPRESENTATION_CONTEXT('2D SPACE',''
  ) );
#10944 = ORIENTED_EDGE('',*,*,#10945,.F.);
#10945 = EDGE_CURVE('',#10946,#10930,#10948,.T.);
#10946 = VERTEX_POINT('',#10947);
#10947 = CARTESIAN_POINT('',(6.2,-2.8,-11.50000000002));
#10948 = SURFACE_CURVE('',#10949,(#10953),.PCURVE_S1.);
#10949 = LINE('',#10950,#10951);
#10950 = CARTESIAN_POINT('',(6.2,-2.8,-11.5));
#10951 = VECTOR('',#10952,1.);
#10952 = DIRECTION('',(1.,0.,0.));
#10953 = PCURVE('',#10914,#10954);
#10954 = DEFINITIONAL_REPRESENTATION('',(#10955),#10958);
#10955 = B_SPLINE_CURVE_WITH_KNOTS('',1,(#10956,#10957),.UNSPECIFIED.,
  .F.,.F.,(2,2),(0.,0.3),.PIECEWISE_BEZIER_KNOTS.);
#10956 = CARTESIAN_POINT('',(1.57079632718,0.444465916));
#10957 = CARTESIAN_POINT('',(1.57079632718,0.144465916289));
#10958 = ( GEOMETRIC_REPRESENTATION_CONTEXT(2) 
PARAMETRIC_REPRESENTATION_CONTEXT() REPRESENTATION_CONTEXT('2D SPACE',''
  ) );
#10959 = ORIENTED_EDGE('',*,*,#10960,.F.);
#10960 = EDGE_CURVE('',#10961,#10946,#10963,.T.);
#10961 = VERTEX_POINT('',#10962);
#10962 = CARTESIAN_POINT('',(6.2,-2.549999999909,-11.06698729805));
#10963 = SURFACE_CURVE('',#10964,(#10969),.PCURVE_S1.);
#10964 = CIRCLE('',#10965,0.5);
#10965 = AXIS2_PLACEMENT_3D('',#10966,#10967,#10968);
#10966 = CARTESIAN_POINT('',(6.2,-2.3,-11.5));
#10967 = DIRECTION('',(1.,3.08148791102E-33,6.123233995737E-17));
#10968 = DIRECTION('',(-5.302876193624E-17,-0.5,0.866025403784));
#10969 = PCURVE('',#10914,#10970);
#10970 = DEFINITIONAL_REPRESENTATION('',(#10971),#10974);
#10971 = B_SPLINE_CURVE_WITH_KNOTS('',1,(#10972,#10973),.UNSPECIFIED.,
  .F.,.F.,(2,2),(2.997602166488E-15,1.047197551304),
  .PIECEWISE_BEZIER_KNOTS.);
#10972 = CARTESIAN_POINT('',(0.52359877518,0.444465916));
#10973 = CARTESIAN_POINT('',(1.57079632718,0.444465916));
#10974 = ( GEOMETRIC_REPRESENTATION_CONTEXT(2) 
PARAMETRIC_REPRESENTATION_CONTEXT() REPRESENTATION_CONTEXT('2D SPACE',''
  ) );
#10975 = ORIENTED_EDGE('',*,*,#10976,.F.);
#10976 = EDGE_CURVE('',#10977,#10961,#10979,.T.);
#10977 = VERTEX_POINT('',#10978);
#10978 = CARTESIAN_POINT('',(6.263514218,-2.333719353,-11.00113829));
#10979 = SURFACE_CURVE('',#10980,(#10986),.PCURVE_S1.);
#10980 = B_SPLINE_CURVE_WITH_KNOTS('',4,(#10981,#10982,#10983,#10984,
    #10985),.UNSPECIFIED.,.F.,.F.,(5,5),(0.,1.),
  .PIECEWISE_BEZIER_KNOTS.);
#10981 = CARTESIAN_POINT('',(6.26351421762,-2.333719352987,
    -11.00113829047));
#10982 = CARTESIAN_POINT('',(6.23175710881,-2.383126527153,
    -11.00447784913));
#10983 = CARTESIAN_POINT('',(6.210585702937,-2.437060457707,
    -11.0146359684));
#10984 = CARTESIAN_POINT('',(6.2,-2.494135038193,-11.0347336474));
#10985 = CARTESIAN_POINT('',(6.2,-2.549999999819,-11.066987298));
#10986 = PCURVE('',#10914,#10987);
#10987 = DEFINITIONAL_REPRESENTATION('',(#10988),#10992);
#10988 = B_SPLINE_CURVE_WITH_KNOTS('',2,(#10989,#10990,#10991),
  .UNSPECIFIED.,.F.,.F.,(3,3),(0.,1.),.PIECEWISE_BEZIER_KNOTS.);
#10989 = CARTESIAN_POINT('',(6.748992917959E-02,0.38095169838));
#10990 = CARTESIAN_POINT('',(0.26556957018,0.444465916));
#10991 = CARTESIAN_POINT('',(0.52359877518,0.444465916));
#10992 = ( GEOMETRIC_REPRESENTATION_CONTEXT(2) 
PARAMETRIC_REPRESENTATION_CONTEXT() REPRESENTATION_CONTEXT('2D SPACE',''
  ) );
#10993 = ORIENTED_EDGE('',*,*,#10994,.F.);
#10994 = EDGE_CURVE('',#10995,#10977,#10997,.T.);
#10995 = VERTEX_POINT('',#10996);
#10996 = CARTESIAN_POINT('',(6.285187774,-2.3,-11.));
#10997 = SURFACE_CURVE('',#10998,(#11003),.PCURVE_S1.);
#10998 = ( BOUNDED_CURVE() B_SPLINE_CURVE(3,(#10999,#11000,#11001,#11002
),.UNSPECIFIED.,.F.,.F.) B_SPLINE_CURVE_WITH_KNOTS((4,4),(0.,1.),
.PIECEWISE_BEZIER_KNOTS.) CURVE() GEOMETRIC_REPRESENTATION_ITEM() 
RATIONAL_B_SPLINE_CURVE((1.,0.999620461808,0.999620461808,1.)) 
REPRESENTATION_ITEM('') );
#10999 = CARTESIAN_POINT('',(6.285187774,-2.3,-11.));
#11000 = CARTESIAN_POINT('',(6.277956395,-2.311250457,-11.));
#11001 = CARTESIAN_POINT('',(6.270729133,-2.322494509,-11.000379574));
#11002 = CARTESIAN_POINT('',(6.263514218,-2.333719353,-11.00113829));
#11003 = PCURVE('',#10914,#11004);
#11004 = DEFINITIONAL_REPRESENTATION('',(#11005),#11008);
#11005 = B_SPLINE_CURVE_WITH_KNOTS('',1,(#11006,#11007),.UNSPECIFIED.,
  .F.,.F.,(2,2),(0.,1.),.PIECEWISE_BEZIER_KNOTS.);
#11006 = CARTESIAN_POINT('',(1.795896600469E-10,0.35927814247));
#11007 = CARTESIAN_POINT('',(6.748992917959E-02,0.38095169838));
#11008 = ( GEOMETRIC_REPRESENTATION_CONTEXT(2) 
PARAMETRIC_REPRESENTATION_CONTEXT() REPRESENTATION_CONTEXT('2D SPACE',''
  ) );
#11009 = ORIENTED_EDGE('',*,*,#11010,.F.);
#11010 = EDGE_CURVE('',#11011,#10995,#11013,.T.);
#11011 = VERTEX_POINT('',#11012);
#11012 = CARTESIAN_POINT('',(6.641815026,-2.3,-11.));
#11013 = SURFACE_CURVE('',#11014,(#11018),.PCURVE_S1.);
#11014 = LINE('',#11015,#11016);
#11015 = CARTESIAN_POINT('',(6.641815026,-2.3,-11.));
#11016 = VECTOR('',#11017,1.);
#11017 = DIRECTION('',(-1.,0.,0.));
#11018 = PCURVE('',#10914,#11019);
#11019 = DEFINITIONAL_REPRESENTATION('',(#11020),#11023);
#11020 = B_SPLINE_CURVE_WITH_KNOTS('',1,(#11021,#11022),.UNSPECIFIED.,
  .F.,.F.,(2,2),(0.,0.356627252),.PIECEWISE_BEZIER_KNOTS.);
#11021 = CARTESIAN_POINT('',(1.795896600469E-10,2.650890283196E-03));
#11022 = CARTESIAN_POINT('',(1.795896600469E-10,0.35927814247));
#11023 = ( GEOMETRIC_REPRESENTATION_CONTEXT(2) 
PARAMETRIC_REPRESENTATION_CONTEXT() REPRESENTATION_CONTEXT('2D SPACE',''
  ) );
#11024 = ORIENTED_EDGE('',*,*,#11025,.F.);
#11025 = EDGE_CURVE('',#10905,#11011,#11026,.T.);
#11026 = SURFACE_CURVE('',#11027,(#11032),.PCURVE_S1.);
#11027 = ( BOUNDED_CURVE() B_SPLINE_CURVE(3,(#11028,#11029,#11030,#11031
),.UNSPECIFIED.,.F.,.F.) B_SPLINE_CURVE_WITH_KNOTS((4,4),(0.,1.),
.PIECEWISE_BEZIER_KNOTS.) CURVE() GEOMETRIC_REPRESENTATION_ITEM() 
RATIONAL_B_SPLINE_CURVE((1.,0.986534850033,0.986534850033,1.)) 
REPRESENTATION_ITEM('') );
#11028 = CARTESIAN_POINT('',(6.515878554,-2.495929838,-11.039987502));
#11029 = CARTESIAN_POINT('',(6.55583428,-2.433767395,-11.013511096));
#11030 = CARTESIAN_POINT('',(6.59838607,-2.367566038,-11.));
#11031 = CARTESIAN_POINT('',(6.641815026,-2.3,-11.));
#11032 = PCURVE('',#10914,#11033);
#11033 = DEFINITIONAL_REPRESENTATION('',(#11034),#11038);
#11034 = B_SPLINE_CURVE_WITH_KNOTS('',2,(#11035,#11036,#11037),
  .UNSPECIFIED.,.F.,.F.,(3,3),(0.,1.),.PIECEWISE_BEZIER_KNOTS.);
#11035 = CARTESIAN_POINT('',(0.40265205718,0.128587361662));
#11036 = CARTESIAN_POINT('',(0.26770513218,8.868638165414E-02));
#11037 = CARTESIAN_POINT('',(1.795896600469E-10,2.650890283196E-03));
#11038 = ( GEOMETRIC_REPRESENTATION_CONTEXT(2) 
PARAMETRIC_REPRESENTATION_CONTEXT() REPRESENTATION_CONTEXT('2D SPACE',''
  ) );
#11039 = ( GEOMETRIC_REPRESENTATION_CONTEXT(3) 
GLOBAL_UNCERTAINTY_ASSIGNED_CONTEXT((#11043)) 
GLOBAL_UNIT_ASSIGNED_CONTEXT((#11040,#11041,#11042)) 
REPRESENTATION_CONTEXT('Context #1',
  '3D Context with UNIT and UNCERTAINTY') );
#11040 = ( LENGTH_UNIT() NAMED_UNIT(*) SI_UNIT(.MILLI.,.METRE.) );
#11041 = ( NAMED_UNIT(*) PLANE_ANGLE_UNIT() SI_UNIT($,.RADIAN.) );
#11042 = ( NAMED_UNIT(*) SI_UNIT($,.STERADIAN.) SOLID_ANGLE_UNIT() );
#11043 = UNCERTAINTY_MEASURE_WITH_UNIT(LENGTH_MEASURE(5.E-03),#11040,
  'distance_accuracy_value','confusion accuracy');
#11044 = SHAPE_DEFINITION_REPRESENTATION(#11045,#10895);
#11045 = PRODUCT_DEFINITION_SHAPE('','',#11046);
#11046 = PRODUCT_DEFINITION('design','',#11047,#11050);
#11047 = PRODUCT_DEFINITION_FORMATION('','',#11048);
#11048 = PRODUCT('eMachineShop.66',
  'eMachineShop.66','',(#11049));
#11049 = PRODUCT_CONTEXT('',#2,'mechanical');
#11050 = PRODUCT_DEFINITION_CONTEXT('part definition',#2,'design');
#11051 = CONTEXT_DEPENDENT_SHAPE_REPRESENTATION(#11052,#11054);
#11052 = ( REPRESENTATION_RELATIONSHIP('','',#10895,#10) 
REPRESENTATION_RELATIONSHIP_WITH_TRANSFORMATION(#11053) 
SHAPE_REPRESENTATION_RELATIONSHIP() );
#11053 = ITEM_DEFINED_TRANSFORMATION('','',#11,#275);
#11054 = PRODUCT_DEFINITION_SHAPE('Placement','Placement of an item',
  #11055);
#11055 = NEXT_ASSEMBLY_USAGE_OCCURRENCE('66','','',#5,#11046,$);
#11056 = PRODUCT_RELATED_PRODUCT_CATEGORY('part',$,(#11048));
#11057 = MANIFOLD_SURFACE_SHAPE_REPRESENTATION('',(#11,#11058),#11173);
#11058 = SHELL_BASED_SURFACE_MODEL('',(#11059));
#11059 = OPEN_SHELL('',(#11060));
#11060 = ADVANCED_FACE('',(#11061),#11077,.T.);
#11061 = FACE_BOUND('',#11062,.T.);
#11062 = EDGE_LOOP('',(#11063,#11091,#11109,#11124,#11142,#11160));
#11063 = ORIENTED_EDGE('',*,*,#11064,.F.);
#11064 = EDGE_CURVE('',#11065,#11067,#11069,.T.);
#11065 = VERTEX_POINT('',#11066);
#11066 = CARTESIAN_POINT('',(4.965105629621,-2.441113253099,
    -5.720326101082));
#11067 = VERTEX_POINT('',#11068);
#11068 = CARTESIAN_POINT('',(5.013514217805,-2.33371935302,
    -5.701138290381));
#11069 = SURFACE_CURVE('',#11070,(#11076),.PCURVE_S1.);
#11070 = B_SPLINE_CURVE_WITH_KNOTS('',4,(#11071,#11072,#11073,#11074,
    #11075),.UNSPECIFIED.,.F.,.F.,(5,5),(0.5,1.),
  .PIECEWISE_BEZIER_KNOTS.);
#11071 = CARTESIAN_POINT('',(4.965105629621,-2.441113253099,
    -5.720326101082));
#11072 = CARTESIAN_POINT('',(4.972605659188,-2.414602045443,
    -5.71252687975));
#11073 = CARTESIAN_POINT('',(4.982901363811,-2.387493093826,
    -5.706729170919));
#11074 = CARTESIAN_POINT('',(4.996447897819,-2.360270845502,
    -5.702932974589));
#11075 = CARTESIAN_POINT('',(5.01351421761,-2.33371935304,
    -5.701138290761));
#11076 = PCURVE('',#11077,#11085);
#11077 = SURFACE_OF_REVOLUTION('',#11078,#11082);
#11078 = LINE('',#11079,#11080);
#11079 = CARTESIAN_POINT('',(4.95,-2.55,-5.69515195));
#11080 = VECTOR('',#11081,1.);
#11081 = DIRECTION('',(0.,0.,-1.));
#11082 = AXIS1_PLACEMENT('',#11083,#11084);
#11083 = CARTESIAN_POINT('',(5.35,-2.55,-5.7));
#11084 = DIRECTION('',(0.,0.,1.));
#11085 = DEFINITIONAL_REPRESENTATION('',(#11086),#11090);
#11086 = B_SPLINE_CURVE_WITH_KNOTS('',2,(#11087,#11088,#11089),
  .UNSPECIFIED.,.F.,.F.,(3,3),(0.5,1.),.PIECEWISE_BEZIER_KNOTS.);
#11087 = CARTESIAN_POINT('',(6.00748915318,2.517415108242E-02));
#11088 = CARTESIAN_POINT('',(5.86973079818,9.575708417462E-03));
#11089 = CARTESIAN_POINT('',(5.71191436818,5.986340761268E-03));
#11090 = ( GEOMETRIC_REPRESENTATION_CONTEXT(2) 
PARAMETRIC_REPRESENTATION_CONTEXT() REPRESENTATION_CONTEXT('2D SPACE',''
  ) );
#11091 = ORIENTED_EDGE('',*,*,#11092,.F.);
#11092 = EDGE_CURVE('',#11093,#11065,#11095,.T.);
#11093 = VERTEX_POINT('',#11094);
#11094 = CARTESIAN_POINT('',(4.95,-2.55,-5.766987298009));
#11095 = SURFACE_CURVE('',#11096,(#11102),.PCURVE_S1.);
#11096 = B_SPLINE_CURVE_WITH_KNOTS('',4,(#11097,#11098,#11099,#11100,
    #11101),.UNSPECIFIED.,.F.,.F.,(5,5),(0.,0.5),
  .PIECEWISE_BEZIER_KNOTS.);
#11097 = CARTESIAN_POINT('',(4.95,-2.55,-5.766987298018));
#11098 = CARTESIAN_POINT('',(4.95,-2.5237591686,-5.751837146791));
#11099 = CARTESIAN_POINT('',(4.952293726282,-2.496632680246,
    -5.739010230226));
#11100 = CARTESIAN_POINT('',(4.957238997868,-2.468920331204,
    -5.728506548323));
#11101 = CARTESIAN_POINT('',(4.965105629621,-2.441113253099,
    -5.720326101082));
#11102 = PCURVE('',#11077,#11103);
#11103 = DEFINITIONAL_REPRESENTATION('',(#11104),#11108);
#11104 = B_SPLINE_CURVE_WITH_KNOTS('',2,(#11105,#11106,#11107),
  .UNSPECIFIED.,.F.,.F.,(3,3),(0.,0.5),.PIECEWISE_BEZIER_KNOTS.);
#11105 = CARTESIAN_POINT('',(6.28318530718,7.183534801829E-02));
#11106 = CARTESIAN_POINT('',(6.15198115018,4.153504556338E-02));
#11107 = CARTESIAN_POINT('',(6.00748915318,2.517415108242E-02));
#11108 = ( GEOMETRIC_REPRESENTATION_CONTEXT(2) 
PARAMETRIC_REPRESENTATION_CONTEXT() REPRESENTATION_CONTEXT('2D SPACE',''
  ) );
#11109 = ORIENTED_EDGE('',*,*,#11110,.F.);
#11110 = EDGE_CURVE('',#11111,#11093,#11113,.T.);
#11111 = VERTEX_POINT('',#11112);
#11112 = CARTESIAN_POINT('',(4.95,-2.55,-6.633012701991));
#11113 = SURFACE_CURVE('',#11114,(#11118),.PCURVE_S1.);
#11114 = LINE('',#11115,#11116);
#11115 = CARTESIAN_POINT('',(4.95,-2.55,-6.633012702));
#11116 = VECTOR('',#11117,1.);
#11117 = DIRECTION('',(0.,0.,1.));
#11118 = PCURVE('',#11077,#11119);
#11119 = DEFINITIONAL_REPRESENTATION('',(#11120),#11123);
#11120 = B_SPLINE_CURVE_WITH_KNOTS('',1,(#11121,#11122),.UNSPECIFIED.,
  .F.,.F.,(2,2),(0.,0.866025404),.PIECEWISE_BEZIER_KNOTS.);
#11121 = CARTESIAN_POINT('',(6.28318530718,0.937860751982));
#11122 = CARTESIAN_POINT('',(6.28318530718,7.183534801829E-02));
#11123 = ( GEOMETRIC_REPRESENTATION_CONTEXT(2) 
PARAMETRIC_REPRESENTATION_CONTEXT() REPRESENTATION_CONTEXT('2D SPACE',''
  ) );
#11124 = ORIENTED_EDGE('',*,*,#11125,.F.);
#11125 = EDGE_CURVE('',#11126,#11111,#11128,.T.);
#11126 = VERTEX_POINT('',#11127);
#11127 = CARTESIAN_POINT('',(4.965104940702,-2.441115688328,
    -6.679673183043));
#11128 = SURFACE_CURVE('',#11129,(#11135),.PCURVE_S1.);
#11129 = B_SPLINE_CURVE_WITH_KNOTS('',4,(#11130,#11131,#11132,#11133,
    #11134),.UNSPECIFIED.,.F.,.F.,(5,5),(0.5,1.),
  .PIECEWISE_BEZIER_KNOTS.);
#11130 = CARTESIAN_POINT('',(4.965104940702,-2.441115688328,
    -6.679673183043));
#11131 = CARTESIAN_POINT('',(4.957238673908,-2.468922148026,
    -6.671492763569));
#11132 = CARTESIAN_POINT('',(4.95229362657,-2.496633863359,
    -6.660989210234));
#11133 = CARTESIAN_POINT('',(4.95,-2.5237597396,-6.648162523039));
#11134 = CARTESIAN_POINT('',(4.95,-2.55,-6.633012701982));
#11135 = PCURVE('',#11077,#11136);
#11136 = DEFINITIONAL_REPRESENTATION('',(#11137),#11141);
#11137 = B_SPLINE_CURVE_WITH_KNOTS('',2,(#11138,#11139,#11140),
  .UNSPECIFIED.,.F.,.F.,(3,3),(0.5,1.),.PIECEWISE_BEZIER_KNOTS.);
#11138 = CARTESIAN_POINT('',(6.00749548018,0.984521233043));
#11139 = CARTESIAN_POINT('',(6.15198400518,0.968160394095));
#11140 = CARTESIAN_POINT('',(6.28318530718,0.937860751982));
#11141 = ( GEOMETRIC_REPRESENTATION_CONTEXT(2) 
PARAMETRIC_REPRESENTATION_CONTEXT() REPRESENTATION_CONTEXT('2D SPACE',''
  ) );
#11142 = ORIENTED_EDGE('',*,*,#11143,.F.);
#11143 = EDGE_CURVE('',#11144,#11126,#11146,.T.);
#11144 = VERTEX_POINT('',#11145);
#11145 = CARTESIAN_POINT('',(5.013514217805,-2.33371935302,
    -6.698861709619));
#11146 = SURFACE_CURVE('',#11147,(#11153),.PCURVE_S1.);
#11147 = B_SPLINE_CURVE_WITH_KNOTS('',4,(#11148,#11149,#11150,#11151,
    #11152),.UNSPECIFIED.,.F.,.F.,(5,5),(0.,0.5),
  .PIECEWISE_BEZIER_KNOTS.);
#11148 = CARTESIAN_POINT('',(5.01351421761,-2.33371935304,
    -6.698861709239));
#11149 = CARTESIAN_POINT('',(4.996447514894,-2.36027144125,
    -6.697066985023));
#11150 = CARTESIAN_POINT('',(4.982900750863,-2.38749432357,
    -6.693270655918));
#11151 = CARTESIAN_POINT('',(4.972604954209,-2.414603897061,
    -6.687472721925));
#11152 = CARTESIAN_POINT('',(4.965104940702,-2.441115688328,
    -6.679673183043));
#11153 = PCURVE('',#11077,#11154);
#11154 = DEFINITIONAL_REPRESENTATION('',(#11155),#11159);
#11155 = B_SPLINE_CURVE_WITH_KNOTS('',2,(#11156,#11157,#11158),
  .UNSPECIFIED.,.F.,.F.,(3,3),(0.,0.5),.PIECEWISE_BEZIER_KNOTS.);
#11156 = CARTESIAN_POINT('',(5.71191436818,1.003709759239));
#11157 = CARTESIAN_POINT('',(5.86973433918,1.000120310807));
#11158 = CARTESIAN_POINT('',(6.00749548018,0.984521233043));
#11159 = ( GEOMETRIC_REPRESENTATION_CONTEXT(2) 
PARAMETRIC_REPRESENTATION_CONTEXT() REPRESENTATION_CONTEXT('2D SPACE',''
  ) );
#11160 = ORIENTED_EDGE('',*,*,#11161,.F.);
#11161 = EDGE_CURVE('',#11067,#11144,#11162,.T.);
#11162 = SURFACE_CURVE('',#11163,(#11167),.PCURVE_S1.);
#11163 = LINE('',#11164,#11165);
#11164 = CARTESIAN_POINT('',(5.013514218,-2.333719353,-5.70113829));
#11165 = VECTOR('',#11166,1.);
#11166 = DIRECTION('',(0.,0.,-1.));
#11167 = PCURVE('',#11077,#11168);
#11168 = DEFINITIONAL_REPRESENTATION('',(#11169),#11172);
#11169 = B_SPLINE_CURVE_WITH_KNOTS('',1,(#11170,#11171),.UNSPECIFIED.,
  .F.,.F.,(2,2),(0.,0.99772342),.PIECEWISE_BEZIER_KNOTS.);
#11170 = CARTESIAN_POINT('',(5.71191436818,5.986340761268E-03));
#11171 = CARTESIAN_POINT('',(5.71191436818,1.003709759239));
#11172 = ( GEOMETRIC_REPRESENTATION_CONTEXT(2) 
PARAMETRIC_REPRESENTATION_CONTEXT() REPRESENTATION_CONTEXT('2D SPACE',''
  ) );
#11173 = ( GEOMETRIC_REPRESENTATION_CONTEXT(3) 
GLOBAL_UNCERTAINTY_ASSIGNED_CONTEXT((#11177)) 
GLOBAL_UNIT_ASSIGNED_CONTEXT((#11174,#11175,#11176)) 
REPRESENTATION_CONTEXT('Context #1',
  '3D Context with UNIT and UNCERTAINTY') );
#11174 = ( LENGTH_UNIT() NAMED_UNIT(*) SI_UNIT(.MILLI.,.METRE.) );
#11175 = ( NAMED_UNIT(*) PLANE_ANGLE_UNIT() SI_UNIT($,.RADIAN.) );
#11176 = ( NAMED_UNIT(*) SI_UNIT($,.STERADIAN.) SOLID_ANGLE_UNIT() );
#11177 = UNCERTAINTY_MEASURE_WITH_UNIT(LENGTH_MEASURE(1.E-05),#11174,
  'distance_accuracy_value','confusion accuracy');
#11178 = SHAPE_DEFINITION_REPRESENTATION(#11179,#11057);
#11179 = PRODUCT_DEFINITION_SHAPE('','',#11180);
#11180 = PRODUCT_DEFINITION('design','',#11181,#11184);
#11181 = PRODUCT_DEFINITION_FORMATION('','',#11182);
#11182 = PRODUCT('eMachineShop.67',
  'eMachineShop.67','',(#11183));
#11183 = PRODUCT_CONTEXT('',#2,'mechanical');
#11184 = PRODUCT_DEFINITION_CONTEXT('part definition',#2,'design');
#11185 = CONTEXT_DEPENDENT_SHAPE_REPRESENTATION(#11186,#11188);
#11186 = ( REPRESENTATION_RELATIONSHIP('','',#11057,#10) 
REPRESENTATION_RELATIONSHIP_WITH_TRANSFORMATION(#11187) 
SHAPE_REPRESENTATION_RELATIONSHIP() );
#11187 = ITEM_DEFINED_TRANSFORMATION('','',#11,#279);
#11188 = PRODUCT_DEFINITION_SHAPE('Placement','Placement of an item',
  #11189);
#11189 = NEXT_ASSEMBLY_USAGE_OCCURRENCE('67','','',#5,#11180,$);
#11190 = PRODUCT_RELATED_PRODUCT_CATEGORY('part',$,(#11182));
#11191 = MANIFOLD_SURFACE_SHAPE_REPRESENTATION('',(#11,#11192),#11345);
#11192 = SHELL_BASED_SURFACE_MODEL('',(#11193));
#11193 = OPEN_SHELL('',(#11194));
#11194 = ADVANCED_FACE('',(#11195),#11209,.T.);
#11195 = FACE_BOUND('',#11196,.T.);
#11196 = EDGE_LOOP('',(#11197,#11220,#11236,#11252,#11268,#11284,#11300,
    #11316,#11332));
#11197 = ORIENTED_EDGE('',*,*,#11198,.T.);
#11198 = EDGE_CURVE('',#11199,#11201,#11203,.T.);
#11199 = VERTEX_POINT('',#11200);
#11200 = CARTESIAN_POINT('',(4.95,-2.55,-5.766987298317));
#11201 = VERTEX_POINT('',#11202);
#11202 = CARTESIAN_POINT('',(4.95,-2.653553390656,-5.846446609349));
#11203 = SURFACE_CURVE('',#11204,(#11208),.PCURVE_S1.);
#11204 = B_SPLINE_CURVE_WITH_KNOTS('',2,(#11205,#11206,#11207),
  .UNSPECIFIED.,.F.,.F.,(3,3),(0.,0.25),.PIECEWISE_BEZIER_KNOTS.);
#11205 = CARTESIAN_POINT('',(4.95,-2.55,-5.766987298634));
#11206 = CARTESIAN_POINT('',(4.95,-2.607007203703,-5.799900422455));
#11207 = CARTESIAN_POINT('',(4.95,-2.653553390656,-5.846446609349));
#11208 = PCURVE('',#11209,#11214);
#11209 = B_SPLINE_SURFACE_WITH_KNOTS('',1,1,(
    (#11210,#11211)
    ,(#11212,#11213
    )),.UNSPECIFIED.,.F.,.F.,.F.,(2,2),(2,2),(0.,1.),(0.,1.),
  .PIECEWISE_BEZIER_KNOTS.);
#11210 = CARTESIAN_POINT('',(4.95,-2.8015,-5.761791146));
#11211 = CARTESIAN_POINT('',(4.95,-2.55,-5.761791146));
#11212 = CARTESIAN_POINT('',(4.95,-2.8015,-6.638208854));
#11213 = CARTESIAN_POINT('',(4.95,-2.55,-6.638208854));
#11214 = DEFINITIONAL_REPRESENTATION('',(#11215),#11219);
#11215 = B_SPLINE_CURVE_WITH_KNOTS('',2,(#11216,#11217,#11218),
  .UNSPECIFIED.,.F.,.F.,(3,3),(0.,0.25),.PIECEWISE_BEZIER_KNOTS.);
#11216 = CARTESIAN_POINT('',(5.928854E-03,1.));
#11217 = CARTESIAN_POINT('',(4.3483006E-02,0.773331198));
#11218 = CARTESIAN_POINT('',(9.6592598E-02,0.588256896));
#11219 = ( GEOMETRIC_REPRESENTATION_CONTEXT(2) 
PARAMETRIC_REPRESENTATION_CONTEXT() REPRESENTATION_CONTEXT('2D SPACE',''
  ) );
#11220 = ORIENTED_EDGE('',*,*,#11221,.T.);
#11221 = EDGE_CURVE('',#11201,#11222,#11224,.T.);
#11222 = VERTEX_POINT('',#11223);
#11223 = CARTESIAN_POINT('',(4.95,-2.733012701799,-5.950000000428));
#11224 = SURFACE_CURVE('',#11225,(#11229),.PCURVE_S1.);
#11225 = B_SPLINE_CURVE_WITH_KNOTS('',2,(#11226,#11227,#11228),
  .UNSPECIFIED.,.F.,.F.,(3,3),(0.25,0.5),.PIECEWISE_BEZIER_KNOTS.);
#11226 = CARTESIAN_POINT('',(4.95,-2.653553390656,-5.846446609349));
#11227 = CARTESIAN_POINT('',(4.95,-2.700099577609,-5.892992796242));
#11228 = CARTESIAN_POINT('',(4.95,-2.733012701798,-5.950000000428));
#11229 = PCURVE('',#11209,#11230);
#11230 = DEFINITIONAL_REPRESENTATION('',(#11231),#11235);
#11231 = B_SPLINE_CURVE_WITH_KNOTS('',2,(#11232,#11233,#11234),
  .UNSPECIFIED.,.F.,.F.,(3,3),(0.25,0.5),.PIECEWISE_BEZIER_KNOTS.);
#11232 = CARTESIAN_POINT('',(9.6592598E-02,0.588256896));
#11233 = CARTESIAN_POINT('',(0.14970219,0.403182594));
#11234 = CARTESIAN_POINT('',(0.214747891,0.272315301));
#11235 = ( GEOMETRIC_REPRESENTATION_CONTEXT(2) 
PARAMETRIC_REPRESENTATION_CONTEXT() REPRESENTATION_CONTEXT('2D SPACE',''
  ) );
#11236 = ORIENTED_EDGE('',*,*,#11237,.T.);
#11237 = EDGE_CURVE('',#11222,#11238,#11240,.T.);
#11238 = VERTEX_POINT('',#11239);
#11239 = CARTESIAN_POINT('',(4.95,-2.782962913083,-6.070590477609));
#11240 = SURFACE_CURVE('',#11241,(#11245),.PCURVE_S1.);
#11241 = B_SPLINE_CURVE_WITH_KNOTS('',2,(#11242,#11243,#11244),
  .UNSPECIFIED.,.F.,.F.,(3,3),(0.5,0.75),.PIECEWISE_BEZIER_KNOTS.);
#11242 = CARTESIAN_POINT('',(4.95,-2.733012701798,-5.950000000428));
#11243 = CARTESIAN_POINT('',(4.95,-2.76592582624,-6.007007203737));
#11244 = CARTESIAN_POINT('',(4.95,-2.782962913083,-6.070590477609));
#11245 = PCURVE('',#11209,#11246);
#11246 = DEFINITIONAL_REPRESENTATION('',(#11247),#11251);
#11247 = B_SPLINE_CURVE_WITH_KNOTS('',2,(#11248,#11249,#11250),
  .UNSPECIFIED.,.F.,.F.,(3,3),(0.5,0.75),.PIECEWISE_BEZIER_KNOTS.);
#11248 = CARTESIAN_POINT('',(0.214747891,0.272315301));
#11249 = CARTESIAN_POINT('',(0.279793591,0.141448007));
#11250 = CARTESIAN_POINT('',(0.352342643,7.3706111E-02));
#11251 = ( GEOMETRIC_REPRESENTATION_CONTEXT(2) 
PARAMETRIC_REPRESENTATION_CONTEXT() REPRESENTATION_CONTEXT('2D SPACE',''
  ) );
#11252 = ORIENTED_EDGE('',*,*,#11253,.T.);
#11253 = EDGE_CURVE('',#11238,#11254,#11256,.T.);
#11254 = VERTEX_POINT('',#11255);
#11255 = CARTESIAN_POINT('',(4.95,-2.799999999928,-6.2));
#11256 = SURFACE_CURVE('',#11257,(#11261),.PCURVE_S1.);
#11257 = B_SPLINE_CURVE_WITH_KNOTS('',2,(#11258,#11259,#11260),
  .UNSPECIFIED.,.F.,.F.,(3,3),(0.75,1.),.PIECEWISE_BEZIER_KNOTS.);
#11258 = CARTESIAN_POINT('',(4.95,-2.782962913083,-6.070590477609));
#11259 = CARTESIAN_POINT('',(4.95,-2.799999999927,-6.13417375148));
#11260 = CARTESIAN_POINT('',(4.95,-2.799999999928,-6.2));
#11261 = PCURVE('',#11209,#11262);
#11262 = DEFINITIONAL_REPRESENTATION('',(#11263),#11267);
#11263 = B_SPLINE_CURVE_WITH_KNOTS('',2,(#11264,#11265,#11266),
  .UNSPECIFIED.,.F.,.F.,(3,3),(0.75,1.),.PIECEWISE_BEZIER_KNOTS.);
#11264 = CARTESIAN_POINT('',(0.352342643,7.3706111E-02));
#11265 = CARTESIAN_POINT('',(0.424891695,5.964215E-03));
#11266 = CARTESIAN_POINT('',(0.5,5.964215E-03));
#11267 = ( GEOMETRIC_REPRESENTATION_CONTEXT(2) 
PARAMETRIC_REPRESENTATION_CONTEXT() REPRESENTATION_CONTEXT('2D SPACE',''
  ) );
#11268 = ORIENTED_EDGE('',*,*,#11269,.T.);
#11269 = EDGE_CURVE('',#11254,#11270,#11272,.T.);
#11270 = VERTEX_POINT('',#11271);
#11271 = CARTESIAN_POINT('',(4.95,-2.782962913083,-6.329409522391));
#11272 = SURFACE_CURVE('',#11273,(#11277),.PCURVE_S1.);
#11273 = B_SPLINE_CURVE_WITH_KNOTS('',2,(#11274,#11275,#11276),
  .UNSPECIFIED.,.F.,.F.,(3,3),(0.,0.25),.PIECEWISE_BEZIER_KNOTS.);
#11274 = CARTESIAN_POINT('',(4.95,-2.799999999928,-6.2));
#11275 = CARTESIAN_POINT('',(4.95,-2.799999999928,-6.26582624852));
#11276 = CARTESIAN_POINT('',(4.95,-2.782962913084,-6.329409522391));
#11277 = PCURVE('',#11209,#11278);
#11278 = DEFINITIONAL_REPRESENTATION('',(#11279),#11283);
#11279 = B_SPLINE_CURVE_WITH_KNOTS('',2,(#11280,#11281,#11282),
  .UNSPECIFIED.,.F.,.F.,(3,3),(0.,0.25),.PIECEWISE_BEZIER_KNOTS.);
#11280 = CARTESIAN_POINT('',(0.5,5.964215E-03));
#11281 = CARTESIAN_POINT('',(0.575108305,5.964215E-03));
#11282 = CARTESIAN_POINT('',(0.647657357,7.3706111E-02));
#11283 = ( GEOMETRIC_REPRESENTATION_CONTEXT(2) 
PARAMETRIC_REPRESENTATION_CONTEXT() REPRESENTATION_CONTEXT('2D SPACE',''
  ) );
#11284 = ORIENTED_EDGE('',*,*,#11285,.T.);
#11285 = EDGE_CURVE('',#11270,#11286,#11288,.T.);
#11286 = VERTEX_POINT('',#11287);
#11287 = CARTESIAN_POINT('',(4.95,-2.733012701799,-6.449999999572));
#11288 = SURFACE_CURVE('',#11289,(#11293),.PCURVE_S1.);
#11289 = B_SPLINE_CURVE_WITH_KNOTS('',2,(#11290,#11291,#11292),
  .UNSPECIFIED.,.F.,.F.,(3,3),(0.25,0.5),.PIECEWISE_BEZIER_KNOTS.);
#11290 = CARTESIAN_POINT('',(4.95,-2.782962913083,-6.329409522391));
#11291 = CARTESIAN_POINT('',(4.95,-2.765925826239,-6.392992796263));
#11292 = CARTESIAN_POINT('',(4.95,-2.733012701798,-6.449999999572));
#11293 = PCURVE('',#11209,#11294);
#11294 = DEFINITIONAL_REPRESENTATION('',(#11295),#11299);
#11295 = B_SPLINE_CURVE_WITH_KNOTS('',2,(#11296,#11297,#11298),
  .UNSPECIFIED.,.F.,.F.,(3,3),(0.25,0.5),.PIECEWISE_BEZIER_KNOTS.);
#11296 = CARTESIAN_POINT('',(0.647657357,7.3706111E-02));
#11297 = CARTESIAN_POINT('',(0.720206409,0.141448007));
#11298 = CARTESIAN_POINT('',(0.785252109,0.272315301));
#11299 = ( GEOMETRIC_REPRESENTATION_CONTEXT(2) 
PARAMETRIC_REPRESENTATION_CONTEXT() REPRESENTATION_CONTEXT('2D SPACE',''
  ) );
#11300 = ORIENTED_EDGE('',*,*,#11301,.T.);
#11301 = EDGE_CURVE('',#11286,#11302,#11304,.T.);
#11302 = VERTEX_POINT('',#11303);
#11303 = CARTESIAN_POINT('',(4.95,-2.653553390656,-6.553553390651));
#11304 = SURFACE_CURVE('',#11305,(#11309),.PCURVE_S1.);
#11305 = B_SPLINE_CURVE_WITH_KNOTS('',2,(#11306,#11307,#11308),
  .UNSPECIFIED.,.F.,.F.,(3,3),(0.5,0.75),.PIECEWISE_BEZIER_KNOTS.);
#11306 = CARTESIAN_POINT('',(4.95,-2.733012701798,-6.449999999572));
#11307 = CARTESIAN_POINT('',(4.95,-2.700099577609,-6.507007203758));
#11308 = CARTESIAN_POINT('',(4.95,-2.653553390656,-6.553553390651));
#11309 = PCURVE('',#11209,#11310);
#11310 = DEFINITIONAL_REPRESENTATION('',(#11311),#11315);
#11311 = B_SPLINE_CURVE_WITH_KNOTS('',2,(#11312,#11313,#11314),
  .UNSPECIFIED.,.F.,.F.,(3,3),(0.5,0.75),.PIECEWISE_BEZIER_KNOTS.);
#11312 = CARTESIAN_POINT('',(0.785252109,0.272315301));
#11313 = CARTESIAN_POINT('',(0.85029781,0.403182594));
#11314 = CARTESIAN_POINT('',(0.903407402,0.588256896));
#11315 = ( GEOMETRIC_REPRESENTATION_CONTEXT(2) 
PARAMETRIC_REPRESENTATION_CONTEXT() REPRESENTATION_CONTEXT('2D SPACE',''
  ) );
#11316 = ORIENTED_EDGE('',*,*,#11317,.T.);
#11317 = EDGE_CURVE('',#11302,#11318,#11320,.T.);
#11318 = VERTEX_POINT('',#11319);
#11319 = CARTESIAN_POINT('',(4.95,-2.55,-6.633012701683));
#11320 = SURFACE_CURVE('',#11321,(#11325),.PCURVE_S1.);
#11321 = B_SPLINE_CURVE_WITH_KNOTS('',2,(#11322,#11323,#11324),
  .UNSPECIFIED.,.F.,.F.,(3,3),(0.75,1.),.PIECEWISE_BEZIER_KNOTS.);
#11322 = CARTESIAN_POINT('',(4.95,-2.653553390656,-6.553553390651));
#11323 = CARTESIAN_POINT('',(4.95,-2.607007203703,-6.600099577545));
#11324 = CARTESIAN_POINT('',(4.95,-2.55,-6.633012701366));
#11325 = PCURVE('',#11209,#11326);
#11326 = DEFINITIONAL_REPRESENTATION('',(#11327),#11331);
#11327 = B_SPLINE_CURVE_WITH_KNOTS('',2,(#11328,#11329,#11330),
  .UNSPECIFIED.,.F.,.F.,(3,3),(0.75,1.),.PIECEWISE_BEZIER_KNOTS.);
#11328 = CARTESIAN_POINT('',(0.903407402,0.588256896));
#11329 = CARTESIAN_POINT('',(0.956516994,0.773331198));
#11330 = CARTESIAN_POINT('',(0.994071146,1.));
#11331 = ( GEOMETRIC_REPRESENTATION_CONTEXT(2) 
PARAMETRIC_REPRESENTATION_CONTEXT() REPRESENTATION_CONTEXT('2D SPACE',''
  ) );
#11332 = ORIENTED_EDGE('',*,*,#11333,.T.);
#11333 = EDGE_CURVE('',#11318,#11199,#11334,.T.);
#11334 = SURFACE_CURVE('',#11335,(#11339),.PCURVE_S1.);
#11335 = LINE('',#11336,#11337);
#11336 = CARTESIAN_POINT('',(4.95,-2.55,-6.633012702));
#11337 = VECTOR('',#11338,1.);
#11338 = DIRECTION('',(0.,0.,1.));
#11339 = PCURVE('',#11209,#11340);
#11340 = DEFINITIONAL_REPRESENTATION('',(#11341),#11344);
#11341 = B_SPLINE_CURVE_WITH_KNOTS('',1,(#11342,#11343),.UNSPECIFIED.,
  .F.,.F.,(2,2),(0.,0.866025404),.PIECEWISE_BEZIER_KNOTS.);
#11342 = CARTESIAN_POINT('',(0.994071146,1.));
#11343 = CARTESIAN_POINT('',(5.928854E-03,1.));
#11344 = ( GEOMETRIC_REPRESENTATION_CONTEXT(2) 
PARAMETRIC_REPRESENTATION_CONTEXT() REPRESENTATION_CONTEXT('2D SPACE',''
  ) );
#11345 = ( GEOMETRIC_REPRESENTATION_CONTEXT(3) 
GLOBAL_UNCERTAINTY_ASSIGNED_CONTEXT((#11349)) 
GLOBAL_UNIT_ASSIGNED_CONTEXT((#11346,#11347,#11348)) 
REPRESENTATION_CONTEXT('Context #1',
  '3D Context with UNIT and UNCERTAINTY') );
#11346 = ( LENGTH_UNIT() NAMED_UNIT(*) SI_UNIT(.MILLI.,.METRE.) );
#11347 = ( NAMED_UNIT(*) PLANE_ANGLE_UNIT() SI_UNIT($,.RADIAN.) );
#11348 = ( NAMED_UNIT(*) SI_UNIT($,.STERADIAN.) SOLID_ANGLE_UNIT() );
#11349 = UNCERTAINTY_MEASURE_WITH_UNIT(LENGTH_MEASURE(1.E-05),#11346,
  'distance_accuracy_value','confusion accuracy');
#11350 = SHAPE_DEFINITION_REPRESENTATION(#11351,#11191);
#11351 = PRODUCT_DEFINITION_SHAPE('','',#11352);
#11352 = PRODUCT_DEFINITION('design','',#11353,#11356);
#11353 = PRODUCT_DEFINITION_FORMATION('','',#11354);
#11354 = PRODUCT('eMachineShop.68',
  'eMachineShop.68','',(#11355));
#11355 = PRODUCT_CONTEXT('',#2,'mechanical');
#11356 = PRODUCT_DEFINITION_CONTEXT('part definition',#2,'design');
#11357 = CONTEXT_DEPENDENT_SHAPE_REPRESENTATION(#11358,#11360);
#11358 = ( REPRESENTATION_RELATIONSHIP('','',#11191,#10) 
REPRESENTATION_RELATIONSHIP_WITH_TRANSFORMATION(#11359) 
SHAPE_REPRESENTATION_RELATIONSHIP() );
#11359 = ITEM_DEFINED_TRANSFORMATION('','',#11,#283);
#11360 = PRODUCT_DEFINITION_SHAPE('Placement','Placement of an item',
  #11361);
#11361 = NEXT_ASSEMBLY_USAGE_OCCURRENCE('68','','',#5,#11352,$);
#11362 = PRODUCT_RELATED_PRODUCT_CATEGORY('part',$,(#11354));
#11363 = MANIFOLD_SURFACE_SHAPE_REPRESENTATION('',(#11,#11364),#11517);
#11364 = SHELL_BASED_SURFACE_MODEL('',(#11365));
#11365 = OPEN_SHELL('',(#11366));
#11366 = ADVANCED_FACE('',(#11367),#11381,.T.);
#11367 = FACE_BOUND('',#11368,.T.);
#11368 = EDGE_LOOP('',(#11369,#11391,#11407,#11423,#11439,#11455,#11471,
    #11487,#11503));
#11369 = ORIENTED_EDGE('',*,*,#11370,.T.);
#11370 = EDGE_CURVE('',#11371,#11373,#11375,.T.);
#11371 = VERTEX_POINT('',#11372);
#11372 = CARTESIAN_POINT('',(5.25,-2.55,-5.766987298317));
#11373 = VERTEX_POINT('',#11374);
#11374 = CARTESIAN_POINT('',(5.25,-2.55,-6.633012701683));
#11375 = SURFACE_CURVE('',#11376,(#11380),.PCURVE_S1.);
#11376 = LINE('',#11377,#11378);
#11377 = CARTESIAN_POINT('',(5.25,-2.55,-5.766987298));
#11378 = VECTOR('',#11379,1.);
#11379 = DIRECTION('',(0.,0.,-1.));
#11380 = PCURVE('',#11381,#11386);
#11381 = B_SPLINE_SURFACE_WITH_KNOTS('',1,1,(
    (#11382,#11383)
    ,(#11384,#11385
    )),.UNSPECIFIED.,.F.,.F.,.F.,(2,2),(2,2),(0.,1.),(0.,1.),
  .PIECEWISE_BEZIER_KNOTS.);
#11382 = CARTESIAN_POINT('',(5.25,-2.8015,-6.638208854));
#11383 = CARTESIAN_POINT('',(5.25,-2.55,-6.638208854));
#11384 = CARTESIAN_POINT('',(5.25,-2.8015,-5.761791146));
#11385 = CARTESIAN_POINT('',(5.25,-2.55,-5.761791146));
#11386 = DEFINITIONAL_REPRESENTATION('',(#11387),#11390);
#11387 = B_SPLINE_CURVE_WITH_KNOTS('',1,(#11388,#11389),.UNSPECIFIED.,
  .F.,.F.,(2,2),(0.,0.866025404),.PIECEWISE_BEZIER_KNOTS.);
#11388 = CARTESIAN_POINT('',(0.994071146,1.));
#11389 = CARTESIAN_POINT('',(5.928854E-03,1.));
#11390 = ( GEOMETRIC_REPRESENTATION_CONTEXT(2) 
PARAMETRIC_REPRESENTATION_CONTEXT() REPRESENTATION_CONTEXT('2D SPACE',''
  ) );
#11391 = ORIENTED_EDGE('',*,*,#11392,.T.);
#11392 = EDGE_CURVE('',#11373,#11393,#11395,.T.);
#11393 = VERTEX_POINT('',#11394);
#11394 = CARTESIAN_POINT('',(5.25,-2.653553390656,-6.553553390651));
#11395 = SURFACE_CURVE('',#11396,(#11400),.PCURVE_S1.);
#11396 = B_SPLINE_CURVE_WITH_KNOTS('',2,(#11397,#11398,#11399),
  .UNSPECIFIED.,.F.,.F.,(3,3),(0.,0.25),.PIECEWISE_BEZIER_KNOTS.);
#11397 = CARTESIAN_POINT('',(5.25,-2.55,-6.633012701366));
#11398 = CARTESIAN_POINT('',(5.25,-2.607007203703,-6.600099577545));
#11399 = CARTESIAN_POINT('',(5.25,-2.653553390656,-6.553553390651));
#11400 = PCURVE('',#11381,#11401);
#11401 = DEFINITIONAL_REPRESENTATION('',(#11402),#11406);
#11402 = B_SPLINE_CURVE_WITH_KNOTS('',2,(#11403,#11404,#11405),
  .UNSPECIFIED.,.F.,.F.,(3,3),(0.,0.25),.PIECEWISE_BEZIER_KNOTS.);
#11403 = CARTESIAN_POINT('',(5.928854E-03,1.));
#11404 = CARTESIAN_POINT('',(4.3483006E-02,0.773331198));
#11405 = CARTESIAN_POINT('',(9.6592598E-02,0.588256896));
#11406 = ( GEOMETRIC_REPRESENTATION_CONTEXT(2) 
PARAMETRIC_REPRESENTATION_CONTEXT() REPRESENTATION_CONTEXT('2D SPACE',''
  ) );
#11407 = ORIENTED_EDGE('',*,*,#11408,.T.);
#11408 = EDGE_CURVE('',#11393,#11409,#11411,.T.);
#11409 = VERTEX_POINT('',#11410);
#11410 = CARTESIAN_POINT('',(5.25,-2.733012701799,-6.449999999572));
#11411 = SURFACE_CURVE('',#11412,(#11416),.PCURVE_S1.);
#11412 = B_SPLINE_CURVE_WITH_KNOTS('',2,(#11413,#11414,#11415),
  .UNSPECIFIED.,.F.,.F.,(3,3),(0.25,0.5),.PIECEWISE_BEZIER_KNOTS.);
#11413 = CARTESIAN_POINT('',(5.25,-2.653553390656,-6.553553390651));
#11414 = CARTESIAN_POINT('',(5.25,-2.700099577609,-6.507007203758));
#11415 = CARTESIAN_POINT('',(5.25,-2.733012701798,-6.449999999572));
#11416 = PCURVE('',#11381,#11417);
#11417 = DEFINITIONAL_REPRESENTATION('',(#11418),#11422);
#11418 = B_SPLINE_CURVE_WITH_KNOTS('',2,(#11419,#11420,#11421),
  .UNSPECIFIED.,.F.,.F.,(3,3),(0.25,0.5),.PIECEWISE_BEZIER_KNOTS.);
#11419 = CARTESIAN_POINT('',(9.6592598E-02,0.588256896));
#11420 = CARTESIAN_POINT('',(0.14970219,0.403182594));
#11421 = CARTESIAN_POINT('',(0.214747891,0.272315301));
#11422 = ( GEOMETRIC_REPRESENTATION_CONTEXT(2) 
PARAMETRIC_REPRESENTATION_CONTEXT() REPRESENTATION_CONTEXT('2D SPACE',''
  ) );
#11423 = ORIENTED_EDGE('',*,*,#11424,.T.);
#11424 = EDGE_CURVE('',#11409,#11425,#11427,.T.);
#11425 = VERTEX_POINT('',#11426);
#11426 = CARTESIAN_POINT('',(5.25,-2.782962913083,-6.329409522391));
#11427 = SURFACE_CURVE('',#11428,(#11432),.PCURVE_S1.);
#11428 = B_SPLINE_CURVE_WITH_KNOTS('',2,(#11429,#11430,#11431),
  .UNSPECIFIED.,.F.,.F.,(3,3),(0.5,0.75),.PIECEWISE_BEZIER_KNOTS.);
#11429 = CARTESIAN_POINT('',(5.25,-2.733012701798,-6.449999999572));
#11430 = CARTESIAN_POINT('',(5.25,-2.76592582624,-6.392992796263));
#11431 = CARTESIAN_POINT('',(5.25,-2.782962913083,-6.329409522391));
#11432 = PCURVE('',#11381,#11433);
#11433 = DEFINITIONAL_REPRESENTATION('',(#11434),#11438);
#11434 = B_SPLINE_CURVE_WITH_KNOTS('',2,(#11435,#11436,#11437),
  .UNSPECIFIED.,.F.,.F.,(3,3),(0.5,0.75),.PIECEWISE_BEZIER_KNOTS.);
#11435 = CARTESIAN_POINT('',(0.214747891,0.272315301));
#11436 = CARTESIAN_POINT('',(0.279793591,0.141448007));
#11437 = CARTESIAN_POINT('',(0.352342643,7.3706111E-02));
#11438 = ( GEOMETRIC_REPRESENTATION_CONTEXT(2) 
PARAMETRIC_REPRESENTATION_CONTEXT() REPRESENTATION_CONTEXT('2D SPACE',''
  ) );
#11439 = ORIENTED_EDGE('',*,*,#11440,.T.);
#11440 = EDGE_CURVE('',#11425,#11441,#11443,.T.);
#11441 = VERTEX_POINT('',#11442);
#11442 = CARTESIAN_POINT('',(5.25,-2.799999999928,-6.2));
#11443 = SURFACE_CURVE('',#11444,(#11448),.PCURVE_S1.);
#11444 = B_SPLINE_CURVE_WITH_KNOTS('',2,(#11445,#11446,#11447),
  .UNSPECIFIED.,.F.,.F.,(3,3),(0.75,1.),.PIECEWISE_BEZIER_KNOTS.);
#11445 = CARTESIAN_POINT('',(5.25,-2.782962913083,-6.329409522391));
#11446 = CARTESIAN_POINT('',(5.25,-2.799999999927,-6.26582624852));
#11447 = CARTESIAN_POINT('',(5.25,-2.799999999928,-6.2));
#11448 = PCURVE('',#11381,#11449);
#11449 = DEFINITIONAL_REPRESENTATION('',(#11450),#11454);
#11450 = B_SPLINE_CURVE_WITH_KNOTS('',2,(#11451,#11452,#11453),
  .UNSPECIFIED.,.F.,.F.,(3,3),(0.75,1.),.PIECEWISE_BEZIER_KNOTS.);
#11451 = CARTESIAN_POINT('',(0.352342643,7.3706111E-02));
#11452 = CARTESIAN_POINT('',(0.424891695,5.964215E-03));
#11453 = CARTESIAN_POINT('',(0.5,5.964215E-03));
#11454 = ( GEOMETRIC_REPRESENTATION_CONTEXT(2) 
PARAMETRIC_REPRESENTATION_CONTEXT() REPRESENTATION_CONTEXT('2D SPACE',''
  ) );
#11455 = ORIENTED_EDGE('',*,*,#11456,.T.);
#11456 = EDGE_CURVE('',#11441,#11457,#11459,.T.);
#11457 = VERTEX_POINT('',#11458);
#11458 = CARTESIAN_POINT('',(5.25,-2.782962913083,-6.070590477609));
#11459 = SURFACE_CURVE('',#11460,(#11464),.PCURVE_S1.);
#11460 = B_SPLINE_CURVE_WITH_KNOTS('',2,(#11461,#11462,#11463),
  .UNSPECIFIED.,.F.,.F.,(3,3),(0.,0.25),.PIECEWISE_BEZIER_KNOTS.);
#11461 = CARTESIAN_POINT('',(5.25,-2.799999999928,-6.2));
#11462 = CARTESIAN_POINT('',(5.25,-2.799999999928,-6.13417375148));
#11463 = CARTESIAN_POINT('',(5.25,-2.782962913084,-6.070590477609));
#11464 = PCURVE('',#11381,#11465);
#11465 = DEFINITIONAL_REPRESENTATION('',(#11466),#11470);
#11466 = B_SPLINE_CURVE_WITH_KNOTS('',2,(#11467,#11468,#11469),
  .UNSPECIFIED.,.F.,.F.,(3,3),(0.,0.25),.PIECEWISE_BEZIER_KNOTS.);
#11467 = CARTESIAN_POINT('',(0.5,5.964215E-03));
#11468 = CARTESIAN_POINT('',(0.575108305,5.964215E-03));
#11469 = CARTESIAN_POINT('',(0.647657357,7.3706111E-02));
#11470 = ( GEOMETRIC_REPRESENTATION_CONTEXT(2) 
PARAMETRIC_REPRESENTATION_CONTEXT() REPRESENTATION_CONTEXT('2D SPACE',''
  ) );
#11471 = ORIENTED_EDGE('',*,*,#11472,.T.);
#11472 = EDGE_CURVE('',#11457,#11473,#11475,.T.);
#11473 = VERTEX_POINT('',#11474);
#11474 = CARTESIAN_POINT('',(5.25,-2.733012701799,-5.950000000428));
#11475 = SURFACE_CURVE('',#11476,(#11480),.PCURVE_S1.);
#11476 = B_SPLINE_CURVE_WITH_KNOTS('',2,(#11477,#11478,#11479),
  .UNSPECIFIED.,.F.,.F.,(3,3),(0.25,0.5),.PIECEWISE_BEZIER_KNOTS.);
#11477 = CARTESIAN_POINT('',(5.25,-2.782962913083,-6.070590477609));
#11478 = CARTESIAN_POINT('',(5.25,-2.765925826239,-6.007007203737));
#11479 = CARTESIAN_POINT('',(5.25,-2.733012701798,-5.950000000428));
#11480 = PCURVE('',#11381,#11481);
#11481 = DEFINITIONAL_REPRESENTATION('',(#11482),#11486);
#11482 = B_SPLINE_CURVE_WITH_KNOTS('',2,(#11483,#11484,#11485),
  .UNSPECIFIED.,.F.,.F.,(3,3),(0.25,0.5),.PIECEWISE_BEZIER_KNOTS.);
#11483 = CARTESIAN_POINT('',(0.647657357,7.3706111E-02));
#11484 = CARTESIAN_POINT('',(0.720206409,0.141448007));
#11485 = CARTESIAN_POINT('',(0.785252109,0.272315301));
#11486 = ( GEOMETRIC_REPRESENTATION_CONTEXT(2) 
PARAMETRIC_REPRESENTATION_CONTEXT() REPRESENTATION_CONTEXT('2D SPACE',''
  ) );
#11487 = ORIENTED_EDGE('',*,*,#11488,.T.);
#11488 = EDGE_CURVE('',#11473,#11489,#11491,.T.);
#11489 = VERTEX_POINT('',#11490);
#11490 = CARTESIAN_POINT('',(5.25,-2.653553390656,-5.846446609349));
#11491 = SURFACE_CURVE('',#11492,(#11496),.PCURVE_S1.);
#11492 = B_SPLINE_CURVE_WITH_KNOTS('',2,(#11493,#11494,#11495),
  .UNSPECIFIED.,.F.,.F.,(3,3),(0.5,0.75),.PIECEWISE_BEZIER_KNOTS.);
#11493 = CARTESIAN_POINT('',(5.25,-2.733012701798,-5.950000000428));
#11494 = CARTESIAN_POINT('',(5.25,-2.700099577609,-5.892992796242));
#11495 = CARTESIAN_POINT('',(5.25,-2.653553390656,-5.846446609349));
#11496 = PCURVE('',#11381,#11497);
#11497 = DEFINITIONAL_REPRESENTATION('',(#11498),#11502);
#11498 = B_SPLINE_CURVE_WITH_KNOTS('',2,(#11499,#11500,#11501),
  .UNSPECIFIED.,.F.,.F.,(3,3),(0.5,0.75),.PIECEWISE_BEZIER_KNOTS.);
#11499 = CARTESIAN_POINT('',(0.785252109,0.272315301));
#11500 = CARTESIAN_POINT('',(0.85029781,0.403182594));
#11501 = CARTESIAN_POINT('',(0.903407402,0.588256896));
#11502 = ( GEOMETRIC_REPRESENTATION_CONTEXT(2) 
PARAMETRIC_REPRESENTATION_CONTEXT() REPRESENTATION_CONTEXT('2D SPACE',''
  ) );
#11503 = ORIENTED_EDGE('',*,*,#11504,.T.);
#11504 = EDGE_CURVE('',#11489,#11371,#11505,.T.);
#11505 = SURFACE_CURVE('',#11506,(#11510),.PCURVE_S1.);
#11506 = B_SPLINE_CURVE_WITH_KNOTS('',2,(#11507,#11508,#11509),
  .UNSPECIFIED.,.F.,.F.,(3,3),(0.75,1.),.PIECEWISE_BEZIER_KNOTS.);
#11507 = CARTESIAN_POINT('',(5.25,-2.653553390656,-5.846446609349));
#11508 = CARTESIAN_POINT('',(5.25,-2.607007203703,-5.799900422455));
#11509 = CARTESIAN_POINT('',(5.25,-2.55,-5.766987298634));
#11510 = PCURVE('',#11381,#11511);
#11511 = DEFINITIONAL_REPRESENTATION('',(#11512),#11516);
#11512 = B_SPLINE_CURVE_WITH_KNOTS('',2,(#11513,#11514,#11515),
  .UNSPECIFIED.,.F.,.F.,(3,3),(0.75,1.),.PIECEWISE_BEZIER_KNOTS.);
#11513 = CARTESIAN_POINT('',(0.903407402,0.588256896));
#11514 = CARTESIAN_POINT('',(0.956516994,0.773331198));
#11515 = CARTESIAN_POINT('',(0.994071146,1.));
#11516 = ( GEOMETRIC_REPRESENTATION_CONTEXT(2) 
PARAMETRIC_REPRESENTATION_CONTEXT() REPRESENTATION_CONTEXT('2D SPACE',''
  ) );
#11517 = ( GEOMETRIC_REPRESENTATION_CONTEXT(3) 
GLOBAL_UNCERTAINTY_ASSIGNED_CONTEXT((#11521)) 
GLOBAL_UNIT_ASSIGNED_CONTEXT((#11518,#11519,#11520)) 
REPRESENTATION_CONTEXT('Context #1',
  '3D Context with UNIT and UNCERTAINTY') );
#11518 = ( LENGTH_UNIT() NAMED_UNIT(*) SI_UNIT(.MILLI.,.METRE.) );
#11519 = ( NAMED_UNIT(*) PLANE_ANGLE_UNIT() SI_UNIT($,.RADIAN.) );
#11520 = ( NAMED_UNIT(*) SI_UNIT($,.STERADIAN.) SOLID_ANGLE_UNIT() );
#11521 = UNCERTAINTY_MEASURE_WITH_UNIT(LENGTH_MEASURE(1.E-05),#11518,
  'distance_accuracy_value','confusion accuracy');
#11522 = SHAPE_DEFINITION_REPRESENTATION(#11523,#11363);
#11523 = PRODUCT_DEFINITION_SHAPE('','',#11524);
#11524 = PRODUCT_DEFINITION('design','',#11525,#11528);
#11525 = PRODUCT_DEFINITION_FORMATION('','',#11526);
#11526 = PRODUCT('eMachineShop.69',
  'eMachineShop.69','',(#11527));
#11527 = PRODUCT_CONTEXT('',#2,'mechanical');
#11528 = PRODUCT_DEFINITION_CONTEXT('part definition',#2,'design');
#11529 = CONTEXT_DEPENDENT_SHAPE_REPRESENTATION(#11530,#11532);
#11530 = ( REPRESENTATION_RELATIONSHIP('','',#11363,#10) 
REPRESENTATION_RELATIONSHIP_WITH_TRANSFORMATION(#11531) 
SHAPE_REPRESENTATION_RELATIONSHIP() );
#11531 = ITEM_DEFINED_TRANSFORMATION('','',#11,#287);
#11532 = PRODUCT_DEFINITION_SHAPE('Placement','Placement of an item',
  #11533);
#11533 = NEXT_ASSEMBLY_USAGE_OCCURRENCE('69','','',#5,#11524,$);
#11534 = PRODUCT_RELATED_PRODUCT_CATEGORY('part',$,(#11526));
#11535 = MANIFOLD_SURFACE_SHAPE_REPRESENTATION('',(#11,#11536),#11615);
#11536 = SHELL_BASED_SURFACE_MODEL('',(#11537));
#11537 = OPEN_SHELL('',(#11538));
#11538 = ADVANCED_FACE('',(#11539),#11553,.T.);
#11539 = FACE_BOUND('',#11540,.T.);
#11540 = EDGE_LOOP('',(#11541,#11566,#11584,#11599));
#11541 = ORIENTED_EDGE('',*,*,#11542,.F.);
#11542 = EDGE_CURVE('',#11543,#11545,#11547,.T.);
#11543 = VERTEX_POINT('',#11544);
#11544 = CARTESIAN_POINT('',(5.25,-2.55,-6.633012701969));
#11545 = VERTEX_POINT('',#11546);
#11546 = CARTESIAN_POINT('',(5.25,-2.55,-5.766987298031));
#11547 = SURFACE_CURVE('',#11548,(#11552),.PCURVE_S1.);
#11548 = LINE('',#11549,#11550);
#11549 = CARTESIAN_POINT('',(5.25,-2.55,-6.633012702));
#11550 = VECTOR('',#11551,1.);
#11551 = DIRECTION('',(0.,0.,1.));
#11552 = PCURVE('',#11553,#11561);
#11553 = SURFACE_OF_REVOLUTION('',#11554,#11558);
#11554 = LINE('',#11555,#11556);
#11555 = CARTESIAN_POINT('',(5.25,-2.55,-5.734467352));
#11556 = VECTOR('',#11557,1.);
#11557 = DIRECTION('',(0.,0.,-1.));
#11558 = AXIS1_PLACEMENT('',#11559,#11560);
#11559 = CARTESIAN_POINT('',(5.35,-2.55,-5.7));
#11560 = DIRECTION('',(0.,0.,1.));
#11561 = DEFINITIONAL_REPRESENTATION('',(#11562),#11565);
#11562 = B_SPLINE_CURVE_WITH_KNOTS('',1,(#11563,#11564),.UNSPECIFIED.,
  .F.,.F.,(2,2),(0.,0.866025404),.PIECEWISE_BEZIER_KNOTS.);
#11563 = CARTESIAN_POINT('',(6.28318530718,0.898545349938));
#11564 = CARTESIAN_POINT('',(6.28318530718,3.251994606247E-02));
#11565 = ( GEOMETRIC_REPRESENTATION_CONTEXT(2) 
PARAMETRIC_REPRESENTATION_CONTEXT() REPRESENTATION_CONTEXT('2D SPACE',''
  ) );
#11566 = ORIENTED_EDGE('',*,*,#11567,.F.);
#11567 = EDGE_CURVE('',#11568,#11543,#11570,.T.);
#11568 = VERTEX_POINT('',#11569);
#11569 = CARTESIAN_POINT('',(5.265878554201,-2.49592983813,
    -6.660012497898));
#11570 = SURFACE_CURVE('',#11571,(#11577),.PCURVE_S1.);
#11571 = B_SPLINE_CURVE_WITH_KNOTS('',4,(#11572,#11573,#11574,#11575,
    #11576),.UNSPECIFIED.,.F.,.F.,(5,5),(0.,1.),
  .PIECEWISE_BEZIER_KNOTS.);
#11572 = CARTESIAN_POINT('',(5.265878554402,-2.49592983826,
    -6.660012497796));
#11573 = CARTESIAN_POINT('',(5.258495177383,-2.507416771687,
    -6.65511995031));
#11574 = CARTESIAN_POINT('',(5.252970529193,-2.520599802044,
    -6.648989135171));
#11575 = CARTESIAN_POINT('',(5.25,-2.5350916314,-6.641620052381));
#11576 = CARTESIAN_POINT('',(5.25,-2.55,-6.633012701938));
#11577 = PCURVE('',#11553,#11578);
#11578 = DEFINITIONAL_REPRESENTATION('',(#11579),#11583);
#11579 = B_SPLINE_CURVE_WITH_KNOTS('',2,(#11580,#11581,#11582),
  .UNSPECIFIED.,.F.,.F.,(3,3),(0.,1.),.PIECEWISE_BEZIER_KNOTS.);
#11580 = CARTESIAN_POINT('',(5.71191436818,0.925545145796));
#11581 = CARTESIAN_POINT('',(5.98501793518,0.915760050824));
#11582 = CARTESIAN_POINT('',(6.28318530718,0.898545349938));
#11583 = ( GEOMETRIC_REPRESENTATION_CONTEXT(2) 
PARAMETRIC_REPRESENTATION_CONTEXT() REPRESENTATION_CONTEXT('2D SPACE',''
  ) );
#11584 = ORIENTED_EDGE('',*,*,#11585,.F.);
#11585 = EDGE_CURVE('',#11586,#11568,#11588,.T.);
#11586 = VERTEX_POINT('',#11587);
#11587 = CARTESIAN_POINT('',(5.265878554201,-2.49592983813,
    -5.739987502102));
#11588 = SURFACE_CURVE('',#11589,(#11593),.PCURVE_S1.);
#11589 = LINE('',#11590,#11591);
#11590 = CARTESIAN_POINT('',(5.265878554,-2.495929838,-5.739987502));
#11591 = VECTOR('',#11592,1.);
#11592 = DIRECTION('',(0.,0.,-1.));
#11593 = PCURVE('',#11553,#11594);
#11594 = DEFINITIONAL_REPRESENTATION('',(#11595),#11598);
#11595 = B_SPLINE_CURVE_WITH_KNOTS('',1,(#11596,#11597),.UNSPECIFIED.,
  .F.,.F.,(2,2),(0.,0.920024996),.PIECEWISE_BEZIER_KNOTS.);
#11596 = CARTESIAN_POINT('',(5.71191436818,5.52015020445E-03));
#11597 = CARTESIAN_POINT('',(5.71191436818,0.925545145796));
#11598 = ( GEOMETRIC_REPRESENTATION_CONTEXT(2) 
PARAMETRIC_REPRESENTATION_CONTEXT() REPRESENTATION_CONTEXT('2D SPACE',''
  ) );
#11599 = ORIENTED_EDGE('',*,*,#11600,.F.);
#11600 = EDGE_CURVE('',#11545,#11586,#11601,.T.);
#11601 = SURFACE_CURVE('',#11602,(#11608),.PCURVE_S1.);
#11602 = B_SPLINE_CURVE_WITH_KNOTS('',4,(#11603,#11604,#11605,#11606,
    #11607),.UNSPECIFIED.,.F.,.F.,(5,5),(0.,1.),
  .PIECEWISE_BEZIER_KNOTS.);
#11603 = CARTESIAN_POINT('',(5.25,-2.55,-5.766987298062));
#11604 = CARTESIAN_POINT('',(5.25,-2.5350916314,-5.758379947619));
#11605 = CARTESIAN_POINT('',(5.252970529193,-2.520599802044,
    -5.751010864829));
#11606 = CARTESIAN_POINT('',(5.258495177383,-2.507416771687,
    -5.74488004969));
#11607 = CARTESIAN_POINT('',(5.265878554402,-2.49592983826,
    -5.739987502204));
#11608 = PCURVE('',#11553,#11609);
#11609 = DEFINITIONAL_REPRESENTATION('',(#11610),#11614);
#11610 = B_SPLINE_CURVE_WITH_KNOTS('',2,(#11611,#11612,#11613),
  .UNSPECIFIED.,.F.,.F.,(3,3),(0.,1.),.PIECEWISE_BEZIER_KNOTS.);
#11611 = CARTESIAN_POINT('',(6.28318530718,3.251994606247E-02));
#11612 = CARTESIAN_POINT('',(5.98501793518,1.530524517627E-02));
#11613 = CARTESIAN_POINT('',(5.71191436818,5.52015020445E-03));
#11614 = ( GEOMETRIC_REPRESENTATION_CONTEXT(2) 
PARAMETRIC_REPRESENTATION_CONTEXT() REPRESENTATION_CONTEXT('2D SPACE',''
  ) );
#11615 = ( GEOMETRIC_REPRESENTATION_CONTEXT(3) 
GLOBAL_UNCERTAINTY_ASSIGNED_CONTEXT((#11619)) 
GLOBAL_UNIT_ASSIGNED_CONTEXT((#11616,#11617,#11618)) 
REPRESENTATION_CONTEXT('Context #1',
  '3D Context with UNIT and UNCERTAINTY') );
#11616 = ( LENGTH_UNIT() NAMED_UNIT(*) SI_UNIT(.MILLI.,.METRE.) );
#11617 = ( NAMED_UNIT(*) PLANE_ANGLE_UNIT() SI_UNIT($,.RADIAN.) );
#11618 = ( NAMED_UNIT(*) SI_UNIT($,.STERADIAN.) SOLID_ANGLE_UNIT() );
#11619 = UNCERTAINTY_MEASURE_WITH_UNIT(LENGTH_MEASURE(1.E-05),#11616,
  'distance_accuracy_value','confusion accuracy');
#11620 = SHAPE_DEFINITION_REPRESENTATION(#11621,#11535);
#11621 = PRODUCT_DEFINITION_SHAPE('','',#11622);
#11622 = PRODUCT_DEFINITION('design','',#11623,#11626);
#11623 = PRODUCT_DEFINITION_FORMATION('','',#11624);
#11624 = PRODUCT('eMachineShop.70',
  'eMachineShop.70','',(#11625));
#11625 = PRODUCT_CONTEXT('',#2,'mechanical');
#11626 = PRODUCT_DEFINITION_CONTEXT('part definition',#2,'design');
#11627 = CONTEXT_DEPENDENT_SHAPE_REPRESENTATION(#11628,#11630);
#11628 = ( REPRESENTATION_RELATIONSHIP('','',#11535,#10) 
REPRESENTATION_RELATIONSHIP_WITH_TRANSFORMATION(#11629) 
SHAPE_REPRESENTATION_RELATIONSHIP() );
#11629 = ITEM_DEFINED_TRANSFORMATION('','',#11,#291);
#11630 = PRODUCT_DEFINITION_SHAPE('Placement','Placement of an item',
  #11631);
#11631 = NEXT_ASSEMBLY_USAGE_OCCURRENCE('70','','',#5,#11622,$);
#11632 = PRODUCT_RELATED_PRODUCT_CATEGORY('part',$,(#11624));
#11633 = MANIFOLD_SURFACE_SHAPE_REPRESENTATION('',(#11,#11634),#11738);
#11634 = SHELL_BASED_SURFACE_MODEL('',(#11635));
#11635 = OPEN_SHELL('',(#11636));
#11636 = ADVANCED_FACE('',(#11637),#11652,.T.);
#11637 = FACE_BOUND('',#11638,.T.);
#11638 = EDGE_LOOP('',(#11639,#11663,#11678,#11693,#11708,#11725));
#11639 = ORIENTED_EDGE('',*,*,#11640,.T.);
#11640 = EDGE_CURVE('',#11641,#11643,#11645,.T.);
#11641 = VERTEX_POINT('',#11642);
#11642 = CARTESIAN_POINT('',(5.265878554,-2.495929838,-5.739987502));
#11643 = VERTEX_POINT('',#11644);
#11644 = CARTESIAN_POINT('',(5.391815026,-2.3,-5.7));
#11645 = SURFACE_CURVE('',#11646,(#11651),.PCURVE_S1.);
#11646 = ( BOUNDED_CURVE() B_SPLINE_CURVE(3,(#11647,#11648,#11649,#11650
),.UNSPECIFIED.,.F.,.F.) B_SPLINE_CURVE_WITH_KNOTS((4,4),(0.,1.),
.PIECEWISE_BEZIER_KNOTS.) CURVE() GEOMETRIC_REPRESENTATION_ITEM() 
RATIONAL_B_SPLINE_CURVE((1.,0.986534850033,0.986534850033,1.)) 
REPRESENTATION_ITEM('') );
#11647 = CARTESIAN_POINT('',(5.265878554,-2.495929838,-5.739987502));
#11648 = CARTESIAN_POINT('',(5.30583428,-2.433767395,-5.713511096));
#11649 = CARTESIAN_POINT('',(5.34838607,-2.367566038,-5.7));
#11650 = CARTESIAN_POINT('',(5.391815026,-2.3,-5.7));
#11651 = PCURVE('',#11652,#11657);
#11652 = B_SPLINE_SURFACE_WITH_KNOTS('',1,1,(
    (#11653,#11654)
    ,(#11655,#11656
    )),.UNSPECIFIED.,.F.,.F.,.F.,(2,2),(2,2),(0.,1.),(0.,1.),
  .PIECEWISE_BEZIER_KNOTS.);
#11653 = CARTESIAN_POINT('',(5.596789396,-1.981104333,-6.7));
#11654 = CARTESIAN_POINT('',(5.596789396,-1.981104333,-5.7));
#11655 = CARTESIAN_POINT('',(5.265878554,-2.495929838,-6.7));
#11656 = CARTESIAN_POINT('',(5.265878554,-2.495929838,-5.7));
#11657 = DEFINITIONAL_REPRESENTATION('',(#11658),#11662);
#11658 = B_SPLINE_CURVE_WITH_KNOTS('',2,(#11659,#11660,#11661),
  .UNSPECIFIED.,.F.,.F.,(3,3),(0.,1.),.PIECEWISE_BEZIER_KNOTS.);
#11659 = CARTESIAN_POINT('',(1.,0.960012498));
#11660 = CARTESIAN_POINT('',(0.817638452,1.));
#11661 = CARTESIAN_POINT('',(0.619424764,1.));
#11662 = ( GEOMETRIC_REPRESENTATION_CONTEXT(2) 
PARAMETRIC_REPRESENTATION_CONTEXT() REPRESENTATION_CONTEXT('2D SPACE',''
  ) );
#11663 = ORIENTED_EDGE('',*,*,#11664,.T.);
#11664 = EDGE_CURVE('',#11643,#11665,#11667,.T.);
#11665 = VERTEX_POINT('',#11666);
#11666 = CARTESIAN_POINT('',(5.596789396,-1.981104333,-5.7));
#11667 = SURFACE_CURVE('',#11668,(#11672),.PCURVE_S1.);
#11668 = LINE('',#11669,#11670);
#11669 = CARTESIAN_POINT('',(5.391815026,-2.3,-5.7));
#11670 = VECTOR('',#11671,1.);
#11671 = DIRECTION('',(0.540701617887,0.841214455662,0.));
#11672 = PCURVE('',#11652,#11673);
#11673 = DEFINITIONAL_REPRESENTATION('',(#11674),#11677);
#11674 = B_SPLINE_CURVE_WITH_KNOTS('',1,(#11675,#11676),.UNSPECIFIED.,
  .F.,.F.,(2,2),(0.,0.379089618413),.PIECEWISE_BEZIER_KNOTS.);
#11675 = CARTESIAN_POINT('',(0.619424764,1.));
#11676 = CARTESIAN_POINT('',(0.,1.));
#11677 = ( GEOMETRIC_REPRESENTATION_CONTEXT(2) 
PARAMETRIC_REPRESENTATION_CONTEXT() REPRESENTATION_CONTEXT('2D SPACE',''
  ) );
#11678 = ORIENTED_EDGE('',*,*,#11679,.T.);
#11679 = EDGE_CURVE('',#11665,#11680,#11682,.T.);
#11680 = VERTEX_POINT('',#11681);
#11681 = CARTESIAN_POINT('',(5.596789396,-1.981104333,-6.7));
#11682 = SURFACE_CURVE('',#11683,(#11687),.PCURVE_S1.);
#11683 = LINE('',#11684,#11685);
#11684 = CARTESIAN_POINT('',(5.596789396,-1.981104333,-5.7));
#11685 = VECTOR('',#11686,1.);
#11686 = DIRECTION('',(0.,0.,-1.));
#11687 = PCURVE('',#11652,#11688);
#11688 = DEFINITIONAL_REPRESENTATION('',(#11689),#11692);
#11689 = B_SPLINE_CURVE_WITH_KNOTS('',1,(#11690,#11691),.UNSPECIFIED.,
  .F.,.F.,(2,2),(0.,1.),.PIECEWISE_BEZIER_KNOTS.);
#11690 = CARTESIAN_POINT('',(0.,1.));
#11691 = CARTESIAN_POINT('',(0.,0.));
#11692 = ( GEOMETRIC_REPRESENTATION_CONTEXT(2) 
PARAMETRIC_REPRESENTATION_CONTEXT() REPRESENTATION_CONTEXT('2D SPACE',''
  ) );
#11693 = ORIENTED_EDGE('',*,*,#11694,.T.);
#11694 = EDGE_CURVE('',#11680,#11695,#11697,.T.);
#11695 = VERTEX_POINT('',#11696);
#11696 = CARTESIAN_POINT('',(5.391815026,-2.3,-6.7));
#11697 = SURFACE_CURVE('',#11698,(#11702),.PCURVE_S1.);
#11698 = LINE('',#11699,#11700);
#11699 = CARTESIAN_POINT('',(5.596789396,-1.981104333,-6.7));
#11700 = VECTOR('',#11701,1.);
#11701 = DIRECTION('',(-0.540701617887,-0.841214455662,0.));
#11702 = PCURVE('',#11652,#11703);
#11703 = DEFINITIONAL_REPRESENTATION('',(#11704),#11707);
#11704 = B_SPLINE_CURVE_WITH_KNOTS('',1,(#11705,#11706),.UNSPECIFIED.,
  .F.,.F.,(2,2),(0.,0.379089618413),.PIECEWISE_BEZIER_KNOTS.);
#11705 = CARTESIAN_POINT('',(0.,0.));
#11706 = CARTESIAN_POINT('',(0.619424764,0.));
#11707 = ( GEOMETRIC_REPRESENTATION_CONTEXT(2) 
PARAMETRIC_REPRESENTATION_CONTEXT() REPRESENTATION_CONTEXT('2D SPACE',''
  ) );
#11708 = ORIENTED_EDGE('',*,*,#11709,.T.);
#11709 = EDGE_CURVE('',#11695,#11710,#11712,.T.);
#11710 = VERTEX_POINT('',#11711);
#11711 = CARTESIAN_POINT('',(5.265878554,-2.495929838,-6.660012498));
#11712 = SURFACE_CURVE('',#11713,(#11718),.PCURVE_S1.);
#11713 = ( BOUNDED_CURVE() B_SPLINE_CURVE(3,(#11714,#11715,#11716,#11717
),.UNSPECIFIED.,.F.,.F.) B_SPLINE_CURVE_WITH_KNOTS((4,4),(0.,1.),
.PIECEWISE_BEZIER_KNOTS.) CURVE() GEOMETRIC_REPRESENTATION_ITEM() 
RATIONAL_B_SPLINE_CURVE((1.,0.986534850033,0.986534850033,1.)) 
REPRESENTATION_ITEM('') );
#11714 = CARTESIAN_POINT('',(5.391815026,-2.3,-6.7));
#11715 = CARTESIAN_POINT('',(5.34838607,-2.367566038,-6.7));
#11716 = CARTESIAN_POINT('',(5.30583428,-2.433767395,-6.686488904));
#11717 = CARTESIAN_POINT('',(5.265878554,-2.495929838,-6.660012498));
#11718 = PCURVE('',#11652,#11719);
#11719 = DEFINITIONAL_REPRESENTATION('',(#11720),#11724);
#11720 = B_SPLINE_CURVE_WITH_KNOTS('',2,(#11721,#11722,#11723),
  .UNSPECIFIED.,.F.,.F.,(3,3),(0.,1.),.PIECEWISE_BEZIER_KNOTS.);
#11721 = CARTESIAN_POINT('',(0.619424764,0.));
#11722 = CARTESIAN_POINT('',(0.817638452,0.));
#11723 = CARTESIAN_POINT('',(1.,3.9987502E-02));
#11724 = ( GEOMETRIC_REPRESENTATION_CONTEXT(2) 
PARAMETRIC_REPRESENTATION_CONTEXT() REPRESENTATION_CONTEXT('2D SPACE',''
  ) );
#11725 = ORIENTED_EDGE('',*,*,#11726,.T.);
#11726 = EDGE_CURVE('',#11710,#11641,#11727,.T.);
#11727 = SURFACE_CURVE('',#11728,(#11732),.PCURVE_S1.);
#11728 = LINE('',#11729,#11730);
#11729 = CARTESIAN_POINT('',(5.265878554,-2.495929838,-6.660012498));
#11730 = VECTOR('',#11731,1.);
#11731 = DIRECTION('',(0.,0.,1.));
#11732 = PCURVE('',#11652,#11733);
#11733 = DEFINITIONAL_REPRESENTATION('',(#11734),#11737);
#11734 = B_SPLINE_CURVE_WITH_KNOTS('',1,(#11735,#11736),.UNSPECIFIED.,
  .F.,.F.,(2,2),(0.,0.920024996),.PIECEWISE_BEZIER_KNOTS.);
#11735 = CARTESIAN_POINT('',(1.,3.9987502E-02));
#11736 = CARTESIAN_POINT('',(1.,0.960012498));
#11737 = ( GEOMETRIC_REPRESENTATION_CONTEXT(2) 
PARAMETRIC_REPRESENTATION_CONTEXT() REPRESENTATION_CONTEXT('2D SPACE',''
  ) );
#11738 = ( GEOMETRIC_REPRESENTATION_CONTEXT(3) 
GLOBAL_UNCERTAINTY_ASSIGNED_CONTEXT((#11742)) 
GLOBAL_UNIT_ASSIGNED_CONTEXT((#11739,#11740,#11741)) 
REPRESENTATION_CONTEXT('Context #1',
  '3D Context with UNIT and UNCERTAINTY') );
#11739 = ( LENGTH_UNIT() NAMED_UNIT(*) SI_UNIT(.MILLI.,.METRE.) );
#11740 = ( NAMED_UNIT(*) PLANE_ANGLE_UNIT() SI_UNIT($,.RADIAN.) );
#11741 = ( NAMED_UNIT(*) SI_UNIT($,.STERADIAN.) SOLID_ANGLE_UNIT() );
#11742 = UNCERTAINTY_MEASURE_WITH_UNIT(LENGTH_MEASURE(2.E-04),#11739,
  'distance_accuracy_value','confusion accuracy');
#11743 = SHAPE_DEFINITION_REPRESENTATION(#11744,#11633);
#11744 = PRODUCT_DEFINITION_SHAPE('','',#11745);
#11745 = PRODUCT_DEFINITION('design','',#11746,#11749);
#11746 = PRODUCT_DEFINITION_FORMATION('','',#11747);
#11747 = PRODUCT('eMachineShop.71',
  'eMachineShop.71','',(#11748));
#11748 = PRODUCT_CONTEXT('',#2,'mechanical');
#11749 = PRODUCT_DEFINITION_CONTEXT('part definition',#2,'design');
#11750 = CONTEXT_DEPENDENT_SHAPE_REPRESENTATION(#11751,#11753);
#11751 = ( REPRESENTATION_RELATIONSHIP('','',#11633,#10) 
REPRESENTATION_RELATIONSHIP_WITH_TRANSFORMATION(#11752) 
SHAPE_REPRESENTATION_RELATIONSHIP() );
#11752 = ITEM_DEFINED_TRANSFORMATION('','',#11,#295);
#11753 = PRODUCT_DEFINITION_SHAPE('Placement','Placement of an item',
  #11754);
#11754 = NEXT_ASSEMBLY_USAGE_OCCURRENCE('71','','',#5,#11745,$);
#11755 = PRODUCT_RELATED_PRODUCT_CATEGORY('part',$,(#11747));
#11756 = MANIFOLD_SURFACE_SHAPE_REPRESENTATION('',(#11,#11757),#11832);
#11757 = SHELL_BASED_SURFACE_MODEL('',(#11758));
#11758 = OPEN_SHELL('',(#11759));
#11759 = ADVANCED_FACE('',(#11760),#11774,.T.);
#11760 = FACE_BOUND('',#11761,.T.);
#11761 = EDGE_LOOP('',(#11762,#11787,#11803,#11818));
#11762 = ORIENTED_EDGE('',*,*,#11763,.F.);
#11763 = EDGE_CURVE('',#11764,#11766,#11768,.T.);
#11764 = VERTEX_POINT('',#11765);
#11765 = CARTESIAN_POINT('',(5.596789396132,-1.981104332942,-5.7));
#11766 = VERTEX_POINT('',#11767);
#11767 = CARTESIAN_POINT('',(5.596789396,-1.981104333,-6.7));
#11768 = SURFACE_CURVE('',#11769,(#11773),.PCURVE_S1.);
#11769 = LINE('',#11770,#11771);
#11770 = CARTESIAN_POINT('',(5.596789396,-1.981104333,-5.7));
#11771 = VECTOR('',#11772,1.);
#11772 = DIRECTION('',(0.,0.,-1.));
#11773 = PCURVE('',#11774,#11782);
#11774 = SURFACE_OF_REVOLUTION('',#11775,#11779);
#11775 = LINE('',#11776,#11777);
#11776 = CARTESIAN_POINT('',(4.4,-1.629648281,-5.7));
#11777 = VECTOR('',#11778,1.);
#11778 = DIRECTION('',(0.,0.,-1.));
#11779 = AXIS1_PLACEMENT('',#11780,#11781);
#11780 = CARTESIAN_POINT('',(5.05,-1.629648281,-5.7));
#11781 = DIRECTION('',(0.,0.,1.));
#11782 = DEFINITIONAL_REPRESENTATION('',(#11783),#11786);
#11783 = B_SPLINE_CURVE_WITH_KNOTS('',1,(#11784,#11785),.UNSPECIFIED.,
  .F.,.F.,(2,2),(0.,1.),.PIECEWISE_BEZIER_KNOTS.);
#11784 = CARTESIAN_POINT('',(2.57032171418,-5.707260695552E-16));
#11785 = CARTESIAN_POINT('',(2.57032171418,1.));
#11786 = ( GEOMETRIC_REPRESENTATION_CONTEXT(2) 
PARAMETRIC_REPRESENTATION_CONTEXT() REPRESENTATION_CONTEXT('2D SPACE',''
  ) );
#11787 = ORIENTED_EDGE('',*,*,#11788,.F.);
#11788 = EDGE_CURVE('',#11789,#11764,#11791,.T.);
#11789 = VERTEX_POINT('',#11790);
#11790 = CARTESIAN_POINT('',(5.559785146983,-1.226387690269,-5.7));
#11791 = SURFACE_CURVE('',#11792,(#11797),.PCURVE_S1.);
#11792 = CIRCLE('',#11793,0.65);
#11793 = AXIS2_PLACEMENT_3D('',#11794,#11795,#11796);
#11794 = CARTESIAN_POINT('',(5.050000000087,-1.629648281251,-5.7));
#11795 = DIRECTION('',(-3.775699216404E-15,-5.874169148501E-15,-1.));
#11796 = DIRECTION('',(0.784284841352,0.620400908789,-6.605563539038E-15
    ));
#11797 = PCURVE('',#11774,#11798);
#11798 = DEFINITIONAL_REPRESENTATION('',(#11799),#11802);
#11799 = B_SPLINE_CURVE_WITH_KNOTS('',1,(#11800,#11801),.UNSPECIFIED.,
  .F.,.F.,(2,2),(7.216449660064E-16,1.240524717038),
  .PIECEWISE_BEZIER_KNOTS.);
#11800 = CARTESIAN_POINT('',(3.81084643118,-8.461778902412E-16));
#11801 = CARTESIAN_POINT('',(2.57032171418,-5.707260695552E-16));
#11802 = ( GEOMETRIC_REPRESENTATION_CONTEXT(2) 
PARAMETRIC_REPRESENTATION_CONTEXT() REPRESENTATION_CONTEXT('2D SPACE',''
  ) );
#11803 = ORIENTED_EDGE('',*,*,#11804,.F.);
#11804 = EDGE_CURVE('',#11805,#11789,#11807,.T.);
#11805 = VERTEX_POINT('',#11806);
#11806 = CARTESIAN_POINT('',(5.559785146913,-1.226387690069,-6.7));
#11807 = SURFACE_CURVE('',#11808,(#11812),.PCURVE_S1.);
#11808 = LINE('',#11809,#11810);
#11809 = CARTESIAN_POINT('',(5.559785147,-1.22638769,-6.7));
#11810 = VECTOR('',#11811,1.);
#11811 = DIRECTION('',(0.,0.,1.));
#11812 = PCURVE('',#11774,#11813);
#11813 = DEFINITIONAL_REPRESENTATION('',(#11814),#11817);
#11814 = B_SPLINE_CURVE_WITH_KNOTS('',1,(#11815,#11816),.UNSPECIFIED.,
  .F.,.F.,(2,2),(0.,1.),.PIECEWISE_BEZIER_KNOTS.);
#11815 = CARTESIAN_POINT('',(3.81084643118,1.));
#11816 = CARTESIAN_POINT('',(3.81084643118,-8.461778902412E-16));
#11817 = ( GEOMETRIC_REPRESENTATION_CONTEXT(2) 
PARAMETRIC_REPRESENTATION_CONTEXT() REPRESENTATION_CONTEXT('2D SPACE',''
  ) );
#11818 = ORIENTED_EDGE('',*,*,#11819,.F.);
#11819 = EDGE_CURVE('',#11766,#11805,#11820,.T.);
#11820 = SURFACE_CURVE('',#11821,(#11826),.PCURVE_S1.);
#11821 = CIRCLE('',#11822,0.65000000005);
#11822 = AXIS2_PLACEMENT_3D('',#11823,#11824,#11825);
#11823 = CARTESIAN_POINT('',(5.05,-1.629648281,-6.7));
#11824 = DIRECTION('',(0.,0.,1.));
#11825 = DIRECTION('',(1.,0.,-0.));
#11826 = PCURVE('',#11774,#11827);
#11827 = DEFINITIONAL_REPRESENTATION('',(#11828),#11831);
#11828 = B_SPLINE_CURVE_WITH_KNOTS('',1,(#11829,#11830),.UNSPECIFIED.,
  .F.,.F.,(2,2),(5.711914366967,6.952439084857),
  .PIECEWISE_BEZIER_KNOTS.);
#11829 = CARTESIAN_POINT('',(2.57032171418,1.));
#11830 = CARTESIAN_POINT('',(3.81084643118,1.));
#11831 = ( GEOMETRIC_REPRESENTATION_CONTEXT(2) 
PARAMETRIC_REPRESENTATION_CONTEXT() REPRESENTATION_CONTEXT('2D SPACE',''
  ) );
#11832 = ( GEOMETRIC_REPRESENTATION_CONTEXT(3) 
GLOBAL_UNCERTAINTY_ASSIGNED_CONTEXT((#11836)) 
GLOBAL_UNIT_ASSIGNED_CONTEXT((#11833,#11834,#11835)) 
REPRESENTATION_CONTEXT('Context #1',
  '3D Context with UNIT and UNCERTAINTY') );
#11833 = ( LENGTH_UNIT() NAMED_UNIT(*) SI_UNIT(.MILLI.,.METRE.) );
#11834 = ( NAMED_UNIT(*) PLANE_ANGLE_UNIT() SI_UNIT($,.RADIAN.) );
#11835 = ( NAMED_UNIT(*) SI_UNIT($,.STERADIAN.) SOLID_ANGLE_UNIT() );
#11836 = UNCERTAINTY_MEASURE_WITH_UNIT(LENGTH_MEASURE(1.E-07),#11833,
  'distance_accuracy_value','confusion accuracy');
#11837 = SHAPE_DEFINITION_REPRESENTATION(#11838,#11756);
#11838 = PRODUCT_DEFINITION_SHAPE('','',#11839);
#11839 = PRODUCT_DEFINITION('design','',#11840,#11843);
#11840 = PRODUCT_DEFINITION_FORMATION('','',#11841);
#11841 = PRODUCT('eMachineShop.72',
  'eMachineShop.72','',(#11842));
#11842 = PRODUCT_CONTEXT('',#2,'mechanical');
#11843 = PRODUCT_DEFINITION_CONTEXT('part definition',#2,'design');
#11844 = CONTEXT_DEPENDENT_SHAPE_REPRESENTATION(#11845,#11847);
#11845 = ( REPRESENTATION_RELATIONSHIP('','',#11756,#10) 
REPRESENTATION_RELATIONSHIP_WITH_TRANSFORMATION(#11846) 
SHAPE_REPRESENTATION_RELATIONSHIP() );
#11846 = ITEM_DEFINED_TRANSFORMATION('','',#11,#299);
#11847 = PRODUCT_DEFINITION_SHAPE('Placement','Placement of an item',
  #11848);
#11848 = NEXT_ASSEMBLY_USAGE_OCCURRENCE('72','','',#5,#11839,$);
#11849 = PRODUCT_RELATED_PRODUCT_CATEGORY('part',$,(#11841));
#11850 = MANIFOLD_SURFACE_SHAPE_REPRESENTATION('',(#11,#11851),#11921);
#11851 = SHELL_BASED_SURFACE_MODEL('',(#11852));
#11852 = OPEN_SHELL('',(#11853));
#11853 = ADVANCED_FACE('',(#11854),#11868,.T.);
#11854 = FACE_BOUND('',#11855,.T.);
#11855 = EDGE_LOOP('',(#11856,#11878,#11893,#11908));
#11856 = ORIENTED_EDGE('',*,*,#11857,.T.);
#11857 = EDGE_CURVE('',#11858,#11860,#11862,.T.);
#11858 = VERTEX_POINT('',#11859);
#11859 = CARTESIAN_POINT('',(5.559785147,-1.22638769,-6.7));
#11860 = VERTEX_POINT('',#11861);
#11861 = CARTESIAN_POINT('',(5.559785147,-1.22638769,-5.7));
#11862 = SURFACE_CURVE('',#11863,(#11867),.PCURVE_S1.);
#11863 = LINE('',#11864,#11865);
#11864 = CARTESIAN_POINT('',(5.559785147,-1.22638769,-6.7));
#11865 = VECTOR('',#11866,1.);
#11866 = DIRECTION('',(0.,0.,1.));
#11867 = PCURVE('',#11868,#11873);
#11868 = B_SPLINE_SURFACE_WITH_KNOTS('',1,1,(
    (#11869,#11870)
    ,(#11871,#11872
    )),.UNSPECIFIED.,.F.,.F.,.F.,(2,2),(2,2),(0.,1.),(0.,1.),
  .PIECEWISE_BEZIER_KNOTS.);
#11869 = CARTESIAN_POINT('',(5.271571516,-0.862040091,-6.7));
#11870 = CARTESIAN_POINT('',(5.271571516,-0.862040091,-5.7));
#11871 = CARTESIAN_POINT('',(5.559785147,-1.22638769,-6.7));
#11872 = CARTESIAN_POINT('',(5.559785147,-1.22638769,-5.7));
#11873 = DEFINITIONAL_REPRESENTATION('',(#11874),#11877);
#11874 = B_SPLINE_CURVE_WITH_KNOTS('',1,(#11875,#11876),.UNSPECIFIED.,
  .F.,.F.,(2,2),(0.,1.),.PIECEWISE_BEZIER_KNOTS.);
#11875 = CARTESIAN_POINT('',(1.,0.));
#11876 = CARTESIAN_POINT('',(1.,1.));
#11877 = ( GEOMETRIC_REPRESENTATION_CONTEXT(2) 
PARAMETRIC_REPRESENTATION_CONTEXT() REPRESENTATION_CONTEXT('2D SPACE',''
  ) );
#11878 = ORIENTED_EDGE('',*,*,#11879,.T.);
#11879 = EDGE_CURVE('',#11860,#11880,#11882,.T.);
#11880 = VERTEX_POINT('',#11881);
#11881 = CARTESIAN_POINT('',(5.271571516,-0.862040091,-5.7));
#11882 = SURFACE_CURVE('',#11883,(#11887),.PCURVE_S1.);
#11883 = LINE('',#11884,#11885);
#11884 = CARTESIAN_POINT('',(5.559785147,-1.22638769,-5.7));
#11885 = VECTOR('',#11886,1.);
#11886 = DIRECTION('',(-0.620400909345,0.784284840912,0.));
#11887 = PCURVE('',#11868,#11888);
#11888 = DEFINITIONAL_REPRESENTATION('',(#11889),#11892);
#11889 = B_SPLINE_CURVE_WITH_KNOTS('',1,(#11890,#11891),.UNSPECIFIED.,
  .F.,.F.,(2,2),(0.,0.464560297476),.PIECEWISE_BEZIER_KNOTS.);
#11890 = CARTESIAN_POINT('',(1.,1.));
#11891 = CARTESIAN_POINT('',(0.,1.));
#11892 = ( GEOMETRIC_REPRESENTATION_CONTEXT(2) 
PARAMETRIC_REPRESENTATION_CONTEXT() REPRESENTATION_CONTEXT('2D SPACE',''
  ) );
#11893 = ORIENTED_EDGE('',*,*,#11894,.T.);
#11894 = EDGE_CURVE('',#11880,#11895,#11897,.T.);
#11895 = VERTEX_POINT('',#11896);
#11896 = CARTESIAN_POINT('',(5.271571516,-0.862040091,-6.7));
#11897 = SURFACE_CURVE('',#11898,(#11902),.PCURVE_S1.);
#11898 = LINE('',#11899,#11900);
#11899 = CARTESIAN_POINT('',(5.271571516,-0.862040091,-5.7));
#11900 = VECTOR('',#11901,1.);
#11901 = DIRECTION('',(0.,0.,-1.));
#11902 = PCURVE('',#11868,#11903);
#11903 = DEFINITIONAL_REPRESENTATION('',(#11904),#11907);
#11904 = B_SPLINE_CURVE_WITH_KNOTS('',1,(#11905,#11906),.UNSPECIFIED.,
  .F.,.F.,(2,2),(0.,1.),.PIECEWISE_BEZIER_KNOTS.);
#11905 = CARTESIAN_POINT('',(0.,1.));
#11906 = CARTESIAN_POINT('',(0.,0.));
#11907 = ( GEOMETRIC_REPRESENTATION_CONTEXT(2) 
PARAMETRIC_REPRESENTATION_CONTEXT() REPRESENTATION_CONTEXT('2D SPACE',''
  ) );
#11908 = ORIENTED_EDGE('',*,*,#11909,.T.);
#11909 = EDGE_CURVE('',#11895,#11858,#11910,.T.);
#11910 = SURFACE_CURVE('',#11911,(#11915),.PCURVE_S1.);
#11911 = LINE('',#11912,#11913);
#11912 = CARTESIAN_POINT('',(5.271571516,-0.862040091,-6.7));
#11913 = VECTOR('',#11914,1.);
#11914 = DIRECTION('',(0.620400909345,-0.784284840912,0.));
#11915 = PCURVE('',#11868,#11916);
#11916 = DEFINITIONAL_REPRESENTATION('',(#11917),#11920);
#11917 = B_SPLINE_CURVE_WITH_KNOTS('',1,(#11918,#11919),.UNSPECIFIED.,
  .F.,.F.,(2,2),(0.,0.464560297476),.PIECEWISE_BEZIER_KNOTS.);
#11918 = CARTESIAN_POINT('',(0.,0.));
#11919 = CARTESIAN_POINT('',(1.,0.));
#11920 = ( GEOMETRIC_REPRESENTATION_CONTEXT(2) 
PARAMETRIC_REPRESENTATION_CONTEXT() REPRESENTATION_CONTEXT('2D SPACE',''
  ) );
#11921 = ( GEOMETRIC_REPRESENTATION_CONTEXT(3) 
GLOBAL_UNCERTAINTY_ASSIGNED_CONTEXT((#11925)) 
GLOBAL_UNIT_ASSIGNED_CONTEXT((#11922,#11923,#11924)) 
REPRESENTATION_CONTEXT('Context #1',
  '3D Context with UNIT and UNCERTAINTY') );
#11922 = ( LENGTH_UNIT() NAMED_UNIT(*) SI_UNIT(.MILLI.,.METRE.) );
#11923 = ( NAMED_UNIT(*) PLANE_ANGLE_UNIT() SI_UNIT($,.RADIAN.) );
#11924 = ( NAMED_UNIT(*) SI_UNIT($,.STERADIAN.) SOLID_ANGLE_UNIT() );
#11925 = UNCERTAINTY_MEASURE_WITH_UNIT(LENGTH_MEASURE(1.E-07),#11922,
  'distance_accuracy_value','confusion accuracy');
#11926 = SHAPE_DEFINITION_REPRESENTATION(#11927,#11850);
#11927 = PRODUCT_DEFINITION_SHAPE('','',#11928);
#11928 = PRODUCT_DEFINITION('design','',#11929,#11932);
#11929 = PRODUCT_DEFINITION_FORMATION('','',#11930);
#11930 = PRODUCT('eMachineShop.73',
  'eMachineShop.73','',(#11931));
#11931 = PRODUCT_CONTEXT('',#2,'mechanical');
#11932 = PRODUCT_DEFINITION_CONTEXT('part definition',#2,'design');
#11933 = CONTEXT_DEPENDENT_SHAPE_REPRESENTATION(#11934,#11936);
#11934 = ( REPRESENTATION_RELATIONSHIP('','',#11850,#10) 
REPRESENTATION_RELATIONSHIP_WITH_TRANSFORMATION(#11935) 
SHAPE_REPRESENTATION_RELATIONSHIP() );
#11935 = ITEM_DEFINED_TRANSFORMATION('','',#11,#303);
#11936 = PRODUCT_DEFINITION_SHAPE('Placement','Placement of an item',
  #11937);
#11937 = NEXT_ASSEMBLY_USAGE_OCCURRENCE('73','','',#5,#11928,$);
#11938 = PRODUCT_RELATED_PRODUCT_CATEGORY('part',$,(#11930));
#11939 = MANIFOLD_SURFACE_SHAPE_REPRESENTATION('',(#11,#11940),#12015);
#11940 = SHELL_BASED_SURFACE_MODEL('',(#11941));
#11941 = OPEN_SHELL('',(#11942));
#11942 = ADVANCED_FACE('',(#11943),#11958,.T.);
#11943 = FACE_BOUND('',#11944,.T.);
#11944 = EDGE_LOOP('',(#11945,#11971,#11986,#12002));
#11945 = ORIENTED_EDGE('',*,*,#11946,.F.);
#11946 = EDGE_CURVE('',#11947,#11949,#11951,.T.);
#11947 = VERTEX_POINT('',#11948);
#11948 = CARTESIAN_POINT('',(5.25,-0.8,-6.7));
#11949 = VERTEX_POINT('',#11950);
#11950 = CARTESIAN_POINT('',(5.271571515988,-0.86204009101,-6.7));
#11951 = SURFACE_CURVE('',#11952,(#11957),.PCURVE_S1.);
#11952 = CIRCLE('',#11953,1.E-01);
#11953 = AXIS2_PLACEMENT_3D('',#11954,#11955,#11956);
#11954 = CARTESIAN_POINT('',(5.35,-0.8,-6.7));
#11955 = DIRECTION('',(0.,0.,1.));
#11956 = DIRECTION('',(1.,0.,-0.));
#11957 = PCURVE('',#11958,#11966);
#11958 = SURFACE_OF_REVOLUTION('',#11959,#11963);
#11959 = LINE('',#11960,#11961);
#11960 = CARTESIAN_POINT('',(5.25,-0.8,-5.7));
#11961 = VECTOR('',#11962,1.);
#11962 = DIRECTION('',(0.,0.,-1.));
#11963 = AXIS1_PLACEMENT('',#11964,#11965);
#11964 = CARTESIAN_POINT('',(5.35,-0.8,-5.7));
#11965 = DIRECTION('',(0.,0.,1.));
#11966 = DEFINITIONAL_REPRESENTATION('',(#11967),#11970);
#11967 = B_SPLINE_CURVE_WITH_KNOTS('',1,(#11968,#11969),.UNSPECIFIED.,
  .F.,.F.,(2,2),(3.14159265359,3.810846432825),
  .PIECEWISE_BEZIER_KNOTS.);
#11968 = CARTESIAN_POINT('',(1.795896764634E-10,1.));
#11969 = CARTESIAN_POINT('',(0.66925377718,1.));
#11970 = ( GEOMETRIC_REPRESENTATION_CONTEXT(2) 
PARAMETRIC_REPRESENTATION_CONTEXT() REPRESENTATION_CONTEXT('2D SPACE',''
  ) );
#11971 = ORIENTED_EDGE('',*,*,#11972,.F.);
#11972 = EDGE_CURVE('',#11973,#11947,#11975,.T.);
#11973 = VERTEX_POINT('',#11974);
#11974 = CARTESIAN_POINT('',(5.25,-0.799999999911,-5.7));
#11975 = SURFACE_CURVE('',#11976,(#11980),.PCURVE_S1.);
#11976 = LINE('',#11977,#11978);
#11977 = CARTESIAN_POINT('',(5.25,-0.8,-5.7));
#11978 = VECTOR('',#11979,1.);
#11979 = DIRECTION('',(0.,0.,-1.));
#11980 = PCURVE('',#11958,#11981);
#11981 = DEFINITIONAL_REPRESENTATION('',(#11982),#11985);
#11982 = B_SPLINE_CURVE_WITH_KNOTS('',1,(#11983,#11984),.UNSPECIFIED.,
  .F.,.F.,(2,2),(0.,1.),.PIECEWISE_BEZIER_KNOTS.);
#11983 = CARTESIAN_POINT('',(1.795896764634E-10,-3.987612989802E-26));
#11984 = CARTESIAN_POINT('',(1.795896764634E-10,1.));
#11985 = ( GEOMETRIC_REPRESENTATION_CONTEXT(2) 
PARAMETRIC_REPRESENTATION_CONTEXT() REPRESENTATION_CONTEXT('2D SPACE',''
  ) );
#11986 = ORIENTED_EDGE('',*,*,#11987,.F.);
#11987 = EDGE_CURVE('',#11988,#11973,#11990,.T.);
#11988 = VERTEX_POINT('',#11989);
#11989 = CARTESIAN_POINT('',(5.271571515932,-0.862040090939,-5.7));
#11990 = SURFACE_CURVE('',#11991,(#11996),.PCURVE_S1.);
#11991 = CIRCLE('',#11992,0.1);
#11992 = AXIS2_PLACEMENT_3D('',#11993,#11994,#11995);
#11993 = CARTESIAN_POINT('',(5.35,-0.8,-5.7));
#11994 = DIRECTION('',(3.944304526105E-31,6.982962677686E-15,-1.));
#11995 = DIRECTION('',(-0.784284841352,-0.620400908789,
    -4.332236391274E-15));
#11996 = PCURVE('',#11958,#11997);
#11997 = DEFINITIONAL_REPRESENTATION('',(#11998),#12001);
#11998 = B_SPLINE_CURVE_WITH_KNOTS('',1,(#11999,#12000),.UNSPECIFIED.,
  .F.,.F.,(2,2),(6.827871601445E-15,0.669253779235),
  .PIECEWISE_BEZIER_KNOTS.);
#11999 = CARTESIAN_POINT('',(0.66925377718,-1.486041905484E-16));
#12000 = CARTESIAN_POINT('',(1.795896764634E-10,-3.987612989802E-26));
#12001 = ( GEOMETRIC_REPRESENTATION_CONTEXT(2) 
PARAMETRIC_REPRESENTATION_CONTEXT() REPRESENTATION_CONTEXT('2D SPACE',''
  ) );
#12002 = ORIENTED_EDGE('',*,*,#12003,.F.);
#12003 = EDGE_CURVE('',#11949,#11988,#12004,.T.);
#12004 = SURFACE_CURVE('',#12005,(#12009),.PCURVE_S1.);
#12005 = LINE('',#12006,#12007);
#12006 = CARTESIAN_POINT('',(5.271571516,-0.862040091,-6.7));
#12007 = VECTOR('',#12008,1.);
#12008 = DIRECTION('',(0.,0.,1.));
#12009 = PCURVE('',#11958,#12010);
#12010 = DEFINITIONAL_REPRESENTATION('',(#12011),#12014);
#12011 = B_SPLINE_CURVE_WITH_KNOTS('',1,(#12012,#12013),.UNSPECIFIED.,
  .F.,.F.,(2,2),(0.,1.),.PIECEWISE_BEZIER_KNOTS.);
#12012 = CARTESIAN_POINT('',(0.66925377718,1.));
#12013 = CARTESIAN_POINT('',(0.66925377718,-1.486041905484E-16));
#12014 = ( GEOMETRIC_REPRESENTATION_CONTEXT(2) 
PARAMETRIC_REPRESENTATION_CONTEXT() REPRESENTATION_CONTEXT('2D SPACE',''
  ) );
#12015 = ( GEOMETRIC_REPRESENTATION_CONTEXT(3) 
GLOBAL_UNCERTAINTY_ASSIGNED_CONTEXT((#12019)) 
GLOBAL_UNIT_ASSIGNED_CONTEXT((#12016,#12017,#12018)) 
REPRESENTATION_CONTEXT('Context #1',
  '3D Context with UNIT and UNCERTAINTY') );
#12016 = ( LENGTH_UNIT() NAMED_UNIT(*) SI_UNIT(.MILLI.,.METRE.) );
#12017 = ( NAMED_UNIT(*) PLANE_ANGLE_UNIT() SI_UNIT($,.RADIAN.) );
#12018 = ( NAMED_UNIT(*) SI_UNIT($,.STERADIAN.) SOLID_ANGLE_UNIT() );
#12019 = UNCERTAINTY_MEASURE_WITH_UNIT(LENGTH_MEASURE(1.E-07),#12016,
  'distance_accuracy_value','confusion accuracy');
#12020 = SHAPE_DEFINITION_REPRESENTATION(#12021,#11939);
#12021 = PRODUCT_DEFINITION_SHAPE('','',#12022);
#12022 = PRODUCT_DEFINITION('design','',#12023,#12026);
#12023 = PRODUCT_DEFINITION_FORMATION('','',#12024);
#12024 = PRODUCT('eMachineShop.74',
  'eMachineShop.74','',(#12025));
#12025 = PRODUCT_CONTEXT('',#2,'mechanical');
#12026 = PRODUCT_DEFINITION_CONTEXT('part definition',#2,'design');
#12027 = CONTEXT_DEPENDENT_SHAPE_REPRESENTATION(#12028,#12030);
#12028 = ( REPRESENTATION_RELATIONSHIP('','',#11939,#10) 
REPRESENTATION_RELATIONSHIP_WITH_TRANSFORMATION(#12029) 
SHAPE_REPRESENTATION_RELATIONSHIP() );
#12029 = ITEM_DEFINED_TRANSFORMATION('','',#11,#307);
#12030 = PRODUCT_DEFINITION_SHAPE('Placement','Placement of an item',
  #12031);
#12031 = NEXT_ASSEMBLY_USAGE_OCCURRENCE('74','','',#5,#12022,$);
#12032 = PRODUCT_RELATED_PRODUCT_CATEGORY('part',$,(#12024));
#12033 = MANIFOLD_SURFACE_SHAPE_REPRESENTATION('',(#11,#12034),#12104);
#12034 = SHELL_BASED_SURFACE_MODEL('',(#12035));
#12035 = OPEN_SHELL('',(#12036));
#12036 = ADVANCED_FACE('',(#12037),#12051,.T.);
#12037 = FACE_BOUND('',#12038,.T.);
#12038 = EDGE_LOOP('',(#12039,#12061,#12076,#12091));
#12039 = ORIENTED_EDGE('',*,*,#12040,.T.);
#12040 = EDGE_CURVE('',#12041,#12043,#12045,.T.);
#12041 = VERTEX_POINT('',#12042);
#12042 = CARTESIAN_POINT('',(5.25,-0.8,-6.7));
#12043 = VERTEX_POINT('',#12044);
#12044 = CARTESIAN_POINT('',(5.25,-0.8,-5.7));
#12045 = SURFACE_CURVE('',#12046,(#12050),.PCURVE_S1.);
#12046 = LINE('',#12047,#12048);
#12047 = CARTESIAN_POINT('',(5.25,-0.8,-6.7));
#12048 = VECTOR('',#12049,1.);
#12049 = DIRECTION('',(0.,0.,1.));
#12050 = PCURVE('',#12051,#12056);
#12051 = B_SPLINE_SURFACE_WITH_KNOTS('',1,1,(
    (#12052,#12053)
    ,(#12054,#12055
    )),.UNSPECIFIED.,.F.,.F.,.F.,(2,2),(2,2),(0.,1.),(0.,1.),
  .PIECEWISE_BEZIER_KNOTS.);
#12052 = CARTESIAN_POINT('',(5.25,-0.8,-6.7));
#12053 = CARTESIAN_POINT('',(5.25,0.,-6.7));
#12054 = CARTESIAN_POINT('',(5.25,-0.8,-5.7));
#12055 = CARTESIAN_POINT('',(5.25,0.,-5.7));
#12056 = DEFINITIONAL_REPRESENTATION('',(#12057),#12060);
#12057 = B_SPLINE_CURVE_WITH_KNOTS('',1,(#12058,#12059),.UNSPECIFIED.,
  .F.,.F.,(2,2),(0.,1.),.PIECEWISE_BEZIER_KNOTS.);
#12058 = CARTESIAN_POINT('',(0.,0.));
#12059 = CARTESIAN_POINT('',(1.,0.));
#12060 = ( GEOMETRIC_REPRESENTATION_CONTEXT(2) 
PARAMETRIC_REPRESENTATION_CONTEXT() REPRESENTATION_CONTEXT('2D SPACE',''
  ) );
#12061 = ORIENTED_EDGE('',*,*,#12062,.T.);
#12062 = EDGE_CURVE('',#12043,#12063,#12065,.T.);
#12063 = VERTEX_POINT('',#12064);
#12064 = CARTESIAN_POINT('',(5.25,0.,-5.7));
#12065 = SURFACE_CURVE('',#12066,(#12070),.PCURVE_S1.);
#12066 = LINE('',#12067,#12068);
#12067 = CARTESIAN_POINT('',(5.25,-0.8,-5.7));
#12068 = VECTOR('',#12069,1.);
#12069 = DIRECTION('',(0.,1.,0.));
#12070 = PCURVE('',#12051,#12071);
#12071 = DEFINITIONAL_REPRESENTATION('',(#12072),#12075);
#12072 = B_SPLINE_CURVE_WITH_KNOTS('',1,(#12073,#12074),.UNSPECIFIED.,
  .F.,.F.,(2,2),(0.,0.8),.PIECEWISE_BEZIER_KNOTS.);
#12073 = CARTESIAN_POINT('',(1.,0.));
#12074 = CARTESIAN_POINT('',(1.,1.));
#12075 = ( GEOMETRIC_REPRESENTATION_CONTEXT(2) 
PARAMETRIC_REPRESENTATION_CONTEXT() REPRESENTATION_CONTEXT('2D SPACE',''
  ) );
#12076 = ORIENTED_EDGE('',*,*,#12077,.T.);
#12077 = EDGE_CURVE('',#12063,#12078,#12080,.T.);
#12078 = VERTEX_POINT('',#12079);
#12079 = CARTESIAN_POINT('',(5.25,0.,-6.7));
#12080 = SURFACE_CURVE('',#12081,(#12085),.PCURVE_S1.);
#12081 = LINE('',#12082,#12083);
#12082 = CARTESIAN_POINT('',(5.25,0.,-5.7));
#12083 = VECTOR('',#12084,1.);
#12084 = DIRECTION('',(0.,0.,-1.));
#12085 = PCURVE('',#12051,#12086);
#12086 = DEFINITIONAL_REPRESENTATION('',(#12087),#12090);
#12087 = B_SPLINE_CURVE_WITH_KNOTS('',1,(#12088,#12089),.UNSPECIFIED.,
  .F.,.F.,(2,2),(0.,1.),.PIECEWISE_BEZIER_KNOTS.);
#12088 = CARTESIAN_POINT('',(1.,1.));
#12089 = CARTESIAN_POINT('',(0.,1.));
#12090 = ( GEOMETRIC_REPRESENTATION_CONTEXT(2) 
PARAMETRIC_REPRESENTATION_CONTEXT() REPRESENTATION_CONTEXT('2D SPACE',''
  ) );
#12091 = ORIENTED_EDGE('',*,*,#12092,.T.);
#12092 = EDGE_CURVE('',#12078,#12041,#12093,.T.);
#12093 = SURFACE_CURVE('',#12094,(#12098),.PCURVE_S1.);
#12094 = LINE('',#12095,#12096);
#12095 = CARTESIAN_POINT('',(5.25,0.,-6.7));
#12096 = VECTOR('',#12097,1.);
#12097 = DIRECTION('',(0.,-1.,0.));
#12098 = PCURVE('',#12051,#12099);
#12099 = DEFINITIONAL_REPRESENTATION('',(#12100),#12103);
#12100 = B_SPLINE_CURVE_WITH_KNOTS('',1,(#12101,#12102),.UNSPECIFIED.,
  .F.,.F.,(2,2),(0.,0.8),.PIECEWISE_BEZIER_KNOTS.);
#12101 = CARTESIAN_POINT('',(0.,1.));
#12102 = CARTESIAN_POINT('',(0.,0.));
#12103 = ( GEOMETRIC_REPRESENTATION_CONTEXT(2) 
PARAMETRIC_REPRESENTATION_CONTEXT() REPRESENTATION_CONTEXT('2D SPACE',''
  ) );
#12104 = ( GEOMETRIC_REPRESENTATION_CONTEXT(3) 
GLOBAL_UNCERTAINTY_ASSIGNED_CONTEXT((#12108)) 
GLOBAL_UNIT_ASSIGNED_CONTEXT((#12105,#12106,#12107)) 
REPRESENTATION_CONTEXT('Context #1',
  '3D Context with UNIT and UNCERTAINTY') );
#12105 = ( LENGTH_UNIT() NAMED_UNIT(*) SI_UNIT(.MILLI.,.METRE.) );
#12106 = ( NAMED_UNIT(*) PLANE_ANGLE_UNIT() SI_UNIT($,.RADIAN.) );
#12107 = ( NAMED_UNIT(*) SI_UNIT($,.STERADIAN.) SOLID_ANGLE_UNIT() );
#12108 = UNCERTAINTY_MEASURE_WITH_UNIT(LENGTH_MEASURE(1.E-07),#12105,
  'distance_accuracy_value','confusion accuracy');
#12109 = SHAPE_DEFINITION_REPRESENTATION(#12110,#12033);
#12110 = PRODUCT_DEFINITION_SHAPE('','',#12111);
#12111 = PRODUCT_DEFINITION('design','',#12112,#12115);
#12112 = PRODUCT_DEFINITION_FORMATION('','',#12113);
#12113 = PRODUCT('eMachineShop.75',
  'eMachineShop.75','',(#12114));
#12114 = PRODUCT_CONTEXT('',#2,'mechanical');
#12115 = PRODUCT_DEFINITION_CONTEXT('part definition',#2,'design');
#12116 = CONTEXT_DEPENDENT_SHAPE_REPRESENTATION(#12117,#12119);
#12117 = ( REPRESENTATION_RELATIONSHIP('','',#12033,#10) 
REPRESENTATION_RELATIONSHIP_WITH_TRANSFORMATION(#12118) 
SHAPE_REPRESENTATION_RELATIONSHIP() );
#12118 = ITEM_DEFINED_TRANSFORMATION('','',#11,#311);
#12119 = PRODUCT_DEFINITION_SHAPE('Placement','Placement of an item',
  #12120);
#12120 = NEXT_ASSEMBLY_USAGE_OCCURRENCE('75','','',#5,#12111,$);
#12121 = PRODUCT_RELATED_PRODUCT_CATEGORY('part',$,(#12113));
#12122 = MANIFOLD_SURFACE_SHAPE_REPRESENTATION('',(#11,#12123),#12193);
#12123 = SHELL_BASED_SURFACE_MODEL('',(#12124));
#12124 = OPEN_SHELL('',(#12125));
#12125 = ADVANCED_FACE('',(#12126),#12140,.T.);
#12126 = FACE_BOUND('',#12127,.T.);
#12127 = EDGE_LOOP('',(#12128,#12150,#12165,#12180));
#12128 = ORIENTED_EDGE('',*,*,#12129,.T.);
#12129 = EDGE_CURVE('',#12130,#12132,#12134,.T.);
#12130 = VERTEX_POINT('',#12131);
#12131 = CARTESIAN_POINT('',(4.95,0.,-6.7));
#12132 = VERTEX_POINT('',#12133);
#12133 = CARTESIAN_POINT('',(4.95,0.,-5.7));
#12134 = SURFACE_CURVE('',#12135,(#12139),.PCURVE_S1.);
#12135 = LINE('',#12136,#12137);
#12136 = CARTESIAN_POINT('',(4.95,0.,-6.7));
#12137 = VECTOR('',#12138,1.);
#12138 = DIRECTION('',(0.,0.,1.));
#12139 = PCURVE('',#12140,#12145);
#12140 = B_SPLINE_SURFACE_WITH_KNOTS('',1,1,(
    (#12141,#12142)
    ,(#12143,#12144
    )),.UNSPECIFIED.,.F.,.F.,.F.,(2,2),(2,2),(0.,1.),(0.,1.),
  .PIECEWISE_BEZIER_KNOTS.);
#12141 = CARTESIAN_POINT('',(4.95,-0.8,-5.7));
#12142 = CARTESIAN_POINT('',(4.95,0.,-5.7));
#12143 = CARTESIAN_POINT('',(4.95,-0.8,-6.7));
#12144 = CARTESIAN_POINT('',(4.95,0.,-6.7));
#12145 = DEFINITIONAL_REPRESENTATION('',(#12146),#12149);
#12146 = B_SPLINE_CURVE_WITH_KNOTS('',1,(#12147,#12148),.UNSPECIFIED.,
  .F.,.F.,(2,2),(0.,1.),.PIECEWISE_BEZIER_KNOTS.);
#12147 = CARTESIAN_POINT('',(1.,1.));
#12148 = CARTESIAN_POINT('',(0.,1.));
#12149 = ( GEOMETRIC_REPRESENTATION_CONTEXT(2) 
PARAMETRIC_REPRESENTATION_CONTEXT() REPRESENTATION_CONTEXT('2D SPACE',''
  ) );
#12150 = ORIENTED_EDGE('',*,*,#12151,.T.);
#12151 = EDGE_CURVE('',#12132,#12152,#12154,.T.);
#12152 = VERTEX_POINT('',#12153);
#12153 = CARTESIAN_POINT('',(4.95,-0.8,-5.7));
#12154 = SURFACE_CURVE('',#12155,(#12159),.PCURVE_S1.);
#12155 = LINE('',#12156,#12157);
#12156 = CARTESIAN_POINT('',(4.95,0.,-5.7));
#12157 = VECTOR('',#12158,1.);
#12158 = DIRECTION('',(0.,-1.,0.));
#12159 = PCURVE('',#12140,#12160);
#12160 = DEFINITIONAL_REPRESENTATION('',(#12161),#12164);
#12161 = B_SPLINE_CURVE_WITH_KNOTS('',1,(#12162,#12163),.UNSPECIFIED.,
  .F.,.F.,(2,2),(0.,0.8),.PIECEWISE_BEZIER_KNOTS.);
#12162 = CARTESIAN_POINT('',(0.,1.));
#12163 = CARTESIAN_POINT('',(0.,0.));
#12164 = ( GEOMETRIC_REPRESENTATION_CONTEXT(2) 
PARAMETRIC_REPRESENTATION_CONTEXT() REPRESENTATION_CONTEXT('2D SPACE',''
  ) );
#12165 = ORIENTED_EDGE('',*,*,#12166,.T.);
#12166 = EDGE_CURVE('',#12152,#12167,#12169,.T.);
#12167 = VERTEX_POINT('',#12168);
#12168 = CARTESIAN_POINT('',(4.95,-0.8,-6.7));
#12169 = SURFACE_CURVE('',#12170,(#12174),.PCURVE_S1.);
#12170 = LINE('',#12171,#12172);
#12171 = CARTESIAN_POINT('',(4.95,-0.8,-5.7));
#12172 = VECTOR('',#12173,1.);
#12173 = DIRECTION('',(0.,0.,-1.));
#12174 = PCURVE('',#12140,#12175);
#12175 = DEFINITIONAL_REPRESENTATION('',(#12176),#12179);
#12176 = B_SPLINE_CURVE_WITH_KNOTS('',1,(#12177,#12178),.UNSPECIFIED.,
  .F.,.F.,(2,2),(0.,1.),.PIECEWISE_BEZIER_KNOTS.);
#12177 = CARTESIAN_POINT('',(0.,0.));
#12178 = CARTESIAN_POINT('',(1.,0.));
#12179 = ( GEOMETRIC_REPRESENTATION_CONTEXT(2) 
PARAMETRIC_REPRESENTATION_CONTEXT() REPRESENTATION_CONTEXT('2D SPACE',''
  ) );
#12180 = ORIENTED_EDGE('',*,*,#12181,.T.);
#12181 = EDGE_CURVE('',#12167,#12130,#12182,.T.);
#12182 = SURFACE_CURVE('',#12183,(#12187),.PCURVE_S1.);
#12183 = LINE('',#12184,#12185);
#12184 = CARTESIAN_POINT('',(4.95,-0.8,-6.7));
#12185 = VECTOR('',#12186,1.);
#12186 = DIRECTION('',(0.,1.,0.));
#12187 = PCURVE('',#12140,#12188);
#12188 = DEFINITIONAL_REPRESENTATION('',(#12189),#12192);
#12189 = B_SPLINE_CURVE_WITH_KNOTS('',1,(#12190,#12191),.UNSPECIFIED.,
  .F.,.F.,(2,2),(0.,0.8),.PIECEWISE_BEZIER_KNOTS.);
#12190 = CARTESIAN_POINT('',(1.,0.));
#12191 = CARTESIAN_POINT('',(1.,1.));
#12192 = ( GEOMETRIC_REPRESENTATION_CONTEXT(2) 
PARAMETRIC_REPRESENTATION_CONTEXT() REPRESENTATION_CONTEXT('2D SPACE',''
  ) );
#12193 = ( GEOMETRIC_REPRESENTATION_CONTEXT(3) 
GLOBAL_UNCERTAINTY_ASSIGNED_CONTEXT((#12197)) 
GLOBAL_UNIT_ASSIGNED_CONTEXT((#12194,#12195,#12196)) 
REPRESENTATION_CONTEXT('Context #1',
  '3D Context with UNIT and UNCERTAINTY') );
#12194 = ( LENGTH_UNIT() NAMED_UNIT(*) SI_UNIT(.MILLI.,.METRE.) );
#12195 = ( NAMED_UNIT(*) PLANE_ANGLE_UNIT() SI_UNIT($,.RADIAN.) );
#12196 = ( NAMED_UNIT(*) SI_UNIT($,.STERADIAN.) SOLID_ANGLE_UNIT() );
#12197 = UNCERTAINTY_MEASURE_WITH_UNIT(LENGTH_MEASURE(1.E-07),#12194,
  'distance_accuracy_value','confusion accuracy');
#12198 = SHAPE_DEFINITION_REPRESENTATION(#12199,#12122);
#12199 = PRODUCT_DEFINITION_SHAPE('','',#12200);
#12200 = PRODUCT_DEFINITION('design','',#12201,#12204);
#12201 = PRODUCT_DEFINITION_FORMATION('','',#12202);
#12202 = PRODUCT('eMachineShop.76',
  'eMachineShop.76','',(#12203));
#12203 = PRODUCT_CONTEXT('',#2,'mechanical');
#12204 = PRODUCT_DEFINITION_CONTEXT('part definition',#2,'design');
#12205 = CONTEXT_DEPENDENT_SHAPE_REPRESENTATION(#12206,#12208);
#12206 = ( REPRESENTATION_RELATIONSHIP('','',#12122,#10) 
REPRESENTATION_RELATIONSHIP_WITH_TRANSFORMATION(#12207) 
SHAPE_REPRESENTATION_RELATIONSHIP() );
#12207 = ITEM_DEFINED_TRANSFORMATION('','',#11,#315);
#12208 = PRODUCT_DEFINITION_SHAPE('Placement','Placement of an item',
  #12209);
#12209 = NEXT_ASSEMBLY_USAGE_OCCURRENCE('76','','',#5,#12200,$);
#12210 = PRODUCT_RELATED_PRODUCT_CATEGORY('part',$,(#12202));
#12211 = MANIFOLD_SURFACE_SHAPE_REPRESENTATION('',(#11,#12212),#12287);
#12212 = SHELL_BASED_SURFACE_MODEL('',(#12213));
#12213 = OPEN_SHELL('',(#12214));
#12214 = ADVANCED_FACE('',(#12215),#12229,.T.);
#12215 = FACE_BOUND('',#12216,.T.);
#12216 = EDGE_LOOP('',(#12217,#12242,#12258,#12273));
#12217 = ORIENTED_EDGE('',*,*,#12218,.F.);
#12218 = EDGE_CURVE('',#12219,#12221,#12223,.T.);
#12219 = VERTEX_POINT('',#12220);
#12220 = CARTESIAN_POINT('',(4.95,-0.799999999952,-5.7));
#12221 = VERTEX_POINT('',#12222);
#12222 = CARTESIAN_POINT('',(4.95,-0.8,-6.7));
#12223 = SURFACE_CURVE('',#12224,(#12228),.PCURVE_S1.);
#12224 = LINE('',#12225,#12226);
#12225 = CARTESIAN_POINT('',(4.95,-0.8,-5.7));
#12226 = VECTOR('',#12227,1.);
#12227 = DIRECTION('',(0.,0.,-1.));
#12228 = PCURVE('',#12229,#12237);
#12229 = SURFACE_OF_REVOLUTION('',#12230,#12234);
#12230 = LINE('',#12231,#12232);
#12231 = CARTESIAN_POINT('',(4.95,-0.8,-5.7));
#12232 = VECTOR('',#12233,1.);
#12233 = DIRECTION('',(0.,0.,-1.));
#12234 = AXIS1_PLACEMENT('',#12235,#12236);
#12235 = CARTESIAN_POINT('',(5.35,-0.8,-5.7));
#12236 = DIRECTION('',(0.,0.,1.));
#12237 = DEFINITIONAL_REPRESENTATION('',(#12238),#12241);
#12238 = B_SPLINE_CURVE_WITH_KNOTS('',1,(#12239,#12240),.UNSPECIFIED.,
  .F.,.F.,(2,2),(0.,1.),.PIECEWISE_BEZIER_KNOTS.);
#12239 = CARTESIAN_POINT('',(1.795896764634E-10,-3.987612989802E-26));
#12240 = CARTESIAN_POINT('',(1.795896764634E-10,1.));
#12241 = ( GEOMETRIC_REPRESENTATION_CONTEXT(2) 
PARAMETRIC_REPRESENTATION_CONTEXT() REPRESENTATION_CONTEXT('2D SPACE',''
  ) );
#12242 = ORIENTED_EDGE('',*,*,#12243,.F.);
#12243 = EDGE_CURVE('',#12244,#12219,#12246,.T.);
#12244 = VERTEX_POINT('',#12245);
#12245 = CARTESIAN_POINT('',(5.03628606323,-1.048160363758,-5.7));
#12246 = SURFACE_CURVE('',#12247,(#12252),.PCURVE_S1.);
#12247 = CIRCLE('',#12248,0.4);
#12248 = AXIS2_PLACEMENT_3D('',#12249,#12250,#12251);
#12249 = CARTESIAN_POINT('',(5.35,-0.8,-5.7));
#12250 = DIRECTION('',(3.944304526105E-31,6.982962677686E-15,-1.));
#12251 = DIRECTION('',(-0.784284841352,-0.620400908789,
    -4.332236391274E-15));
#12252 = PCURVE('',#12229,#12253);
#12253 = DEFINITIONAL_REPRESENTATION('',(#12254),#12257);
#12254 = B_SPLINE_CURVE_WITH_KNOTS('',1,(#12255,#12256),.UNSPECIFIED.,
  .F.,.F.,(2,2),(-8.881784197001E-16,0.669253777684),
  .PIECEWISE_BEZIER_KNOTS.);
#12255 = CARTESIAN_POINT('',(0.66925377718,-1.486041905484E-16));
#12256 = CARTESIAN_POINT('',(1.795896764634E-10,-3.987612989802E-26));
#12257 = ( GEOMETRIC_REPRESENTATION_CONTEXT(2) 
PARAMETRIC_REPRESENTATION_CONTEXT() REPRESENTATION_CONTEXT('2D SPACE',''
  ) );
#12258 = ORIENTED_EDGE('',*,*,#12259,.F.);
#12259 = EDGE_CURVE('',#12260,#12244,#12262,.T.);
#12260 = VERTEX_POINT('',#12261);
#12261 = CARTESIAN_POINT('',(5.036286063259,-1.048160363795,-6.7));
#12262 = SURFACE_CURVE('',#12263,(#12267),.PCURVE_S1.);
#12263 = LINE('',#12264,#12265);
#12264 = CARTESIAN_POINT('',(5.036286063,-1.048160364,-6.7));
#12265 = VECTOR('',#12266,1.);
#12266 = DIRECTION('',(0.,0.,1.));
#12267 = PCURVE('',#12229,#12268);
#12268 = DEFINITIONAL_REPRESENTATION('',(#12269),#12272);
#12269 = B_SPLINE_CURVE_WITH_KNOTS('',1,(#12270,#12271),.UNSPECIFIED.,
  .F.,.F.,(2,2),(0.,1.),.PIECEWISE_BEZIER_KNOTS.);
#12270 = CARTESIAN_POINT('',(0.66925377718,1.));
#12271 = CARTESIAN_POINT('',(0.66925377718,-1.486041905484E-16));
#12272 = ( GEOMETRIC_REPRESENTATION_CONTEXT(2) 
PARAMETRIC_REPRESENTATION_CONTEXT() REPRESENTATION_CONTEXT('2D SPACE',''
  ) );
#12273 = ORIENTED_EDGE('',*,*,#12274,.F.);
#12274 = EDGE_CURVE('',#12221,#12260,#12275,.T.);
#12275 = SURFACE_CURVE('',#12276,(#12281),.PCURVE_S1.);
#12276 = CIRCLE('',#12277,0.4);
#12277 = AXIS2_PLACEMENT_3D('',#12278,#12279,#12280);
#12278 = CARTESIAN_POINT('',(5.35,-0.8,-6.7));
#12279 = DIRECTION('',(0.,0.,1.));
#12280 = DIRECTION('',(1.,0.,-0.));
#12281 = PCURVE('',#12229,#12282);
#12282 = DEFINITIONAL_REPRESENTATION('',(#12283),#12286);
#12283 = B_SPLINE_CURVE_WITH_KNOTS('',1,(#12284,#12285),.UNSPECIFIED.,
  .F.,.F.,(2,2),(3.14159265359,3.810846431274),
  .PIECEWISE_BEZIER_KNOTS.);
#12284 = CARTESIAN_POINT('',(1.795896764634E-10,1.));
#12285 = CARTESIAN_POINT('',(0.66925377718,1.));
#12286 = ( GEOMETRIC_REPRESENTATION_CONTEXT(2) 
PARAMETRIC_REPRESENTATION_CONTEXT() REPRESENTATION_CONTEXT('2D SPACE',''
  ) );
#12287 = ( GEOMETRIC_REPRESENTATION_CONTEXT(3) 
GLOBAL_UNCERTAINTY_ASSIGNED_CONTEXT((#12291)) 
GLOBAL_UNIT_ASSIGNED_CONTEXT((#12288,#12289,#12290)) 
REPRESENTATION_CONTEXT('Context #1',
  '3D Context with UNIT and UNCERTAINTY') );
#12288 = ( LENGTH_UNIT() NAMED_UNIT(*) SI_UNIT(.MILLI.,.METRE.) );
#12289 = ( NAMED_UNIT(*) PLANE_ANGLE_UNIT() SI_UNIT($,.RADIAN.) );
#12290 = ( NAMED_UNIT(*) SI_UNIT($,.STERADIAN.) SOLID_ANGLE_UNIT() );
#12291 = UNCERTAINTY_MEASURE_WITH_UNIT(LENGTH_MEASURE(1.E-07),#12288,
  'distance_accuracy_value','confusion accuracy');
#12292 = SHAPE_DEFINITION_REPRESENTATION(#12293,#12211);
#12293 = PRODUCT_DEFINITION_SHAPE('','',#12294);
#12294 = PRODUCT_DEFINITION('design','',#12295,#12298);
#12295 = PRODUCT_DEFINITION_FORMATION('','',#12296);
#12296 = PRODUCT('eMachineShop.77',
  'eMachineShop.77','',(#12297));
#12297 = PRODUCT_CONTEXT('',#2,'mechanical');
#12298 = PRODUCT_DEFINITION_CONTEXT('part definition',#2,'design');
#12299 = CONTEXT_DEPENDENT_SHAPE_REPRESENTATION(#12300,#12302);
#12300 = ( REPRESENTATION_RELATIONSHIP('','',#12211,#10) 
REPRESENTATION_RELATIONSHIP_WITH_TRANSFORMATION(#12301) 
SHAPE_REPRESENTATION_RELATIONSHIP() );
#12301 = ITEM_DEFINED_TRANSFORMATION('','',#11,#319);
#12302 = PRODUCT_DEFINITION_SHAPE('Placement','Placement of an item',
  #12303);
#12303 = NEXT_ASSEMBLY_USAGE_OCCURRENCE('77','','',#5,#12294,$);
#12304 = PRODUCT_RELATED_PRODUCT_CATEGORY('part',$,(#12296));
#12305 = MANIFOLD_SURFACE_SHAPE_REPRESENTATION('',(#11,#12306),#12376);
#12306 = SHELL_BASED_SURFACE_MODEL('',(#12307));
#12307 = OPEN_SHELL('',(#12308));
#12308 = ADVANCED_FACE('',(#12309),#12323,.T.);
#12309 = FACE_BOUND('',#12310,.T.);
#12310 = EDGE_LOOP('',(#12311,#12333,#12348,#12363));
#12311 = ORIENTED_EDGE('',*,*,#12312,.T.);
#12312 = EDGE_CURVE('',#12313,#12315,#12317,.T.);
#12313 = VERTEX_POINT('',#12314);
#12314 = CARTESIAN_POINT('',(5.036286063,-1.048160364,-6.7));
#12315 = VERTEX_POINT('',#12316);
#12316 = CARTESIAN_POINT('',(5.036286063,-1.048160364,-5.7));
#12317 = SURFACE_CURVE('',#12318,(#12322),.PCURVE_S1.);
#12318 = LINE('',#12319,#12320);
#12319 = CARTESIAN_POINT('',(5.036286063,-1.048160364,-6.7));
#12320 = VECTOR('',#12321,1.);
#12321 = DIRECTION('',(0.,0.,1.));
#12322 = PCURVE('',#12323,#12328);
#12323 = B_SPLINE_SURFACE_WITH_KNOTS('',1,1,(
    (#12324,#12325)
    ,(#12326,#12327
    )),.UNSPECIFIED.,.F.,.F.,.F.,(2,2),(2,2),(0.,1.),(0.,1.),
  .PIECEWISE_BEZIER_KNOTS.);
#12324 = CARTESIAN_POINT('',(5.324499694,-1.412507963,-6.7));
#12325 = CARTESIAN_POINT('',(5.324499694,-1.412507963,-5.7));
#12326 = CARTESIAN_POINT('',(5.036286063,-1.048160364,-6.7));
#12327 = CARTESIAN_POINT('',(5.036286063,-1.048160364,-5.7));
#12328 = DEFINITIONAL_REPRESENTATION('',(#12329),#12332);
#12329 = B_SPLINE_CURVE_WITH_KNOTS('',1,(#12330,#12331),.UNSPECIFIED.,
  .F.,.F.,(2,2),(0.,1.),.PIECEWISE_BEZIER_KNOTS.);
#12330 = CARTESIAN_POINT('',(1.,0.));
#12331 = CARTESIAN_POINT('',(1.,1.));
#12332 = ( GEOMETRIC_REPRESENTATION_CONTEXT(2) 
PARAMETRIC_REPRESENTATION_CONTEXT() REPRESENTATION_CONTEXT('2D SPACE',''
  ) );
#12333 = ORIENTED_EDGE('',*,*,#12334,.T.);
#12334 = EDGE_CURVE('',#12315,#12335,#12337,.T.);
#12335 = VERTEX_POINT('',#12336);
#12336 = CARTESIAN_POINT('',(5.324499694,-1.412507963,-5.7));
#12337 = SURFACE_CURVE('',#12338,(#12342),.PCURVE_S1.);
#12338 = LINE('',#12339,#12340);
#12339 = CARTESIAN_POINT('',(5.036286063,-1.048160364,-5.7));
#12340 = VECTOR('',#12341,1.);
#12341 = DIRECTION('',(0.620400909345,-0.784284840912,0.));
#12342 = PCURVE('',#12323,#12343);
#12343 = DEFINITIONAL_REPRESENTATION('',(#12344),#12347);
#12344 = B_SPLINE_CURVE_WITH_KNOTS('',1,(#12345,#12346),.UNSPECIFIED.,
  .F.,.F.,(2,2),(0.,0.464560297476),.PIECEWISE_BEZIER_KNOTS.);
#12345 = CARTESIAN_POINT('',(1.,1.));
#12346 = CARTESIAN_POINT('',(0.,1.));
#12347 = ( GEOMETRIC_REPRESENTATION_CONTEXT(2) 
PARAMETRIC_REPRESENTATION_CONTEXT() REPRESENTATION_CONTEXT('2D SPACE',''
  ) );
#12348 = ORIENTED_EDGE('',*,*,#12349,.T.);
#12349 = EDGE_CURVE('',#12335,#12350,#12352,.T.);
#12350 = VERTEX_POINT('',#12351);
#12351 = CARTESIAN_POINT('',(5.324499694,-1.412507963,-6.7));
#12352 = SURFACE_CURVE('',#12353,(#12357),.PCURVE_S1.);
#12353 = LINE('',#12354,#12355);
#12354 = CARTESIAN_POINT('',(5.324499694,-1.412507963,-5.7));
#12355 = VECTOR('',#12356,1.);
#12356 = DIRECTION('',(0.,0.,-1.));
#12357 = PCURVE('',#12323,#12358);
#12358 = DEFINITIONAL_REPRESENTATION('',(#12359),#12362);
#12359 = B_SPLINE_CURVE_WITH_KNOTS('',1,(#12360,#12361),.UNSPECIFIED.,
  .F.,.F.,(2,2),(0.,1.),.PIECEWISE_BEZIER_KNOTS.);
#12360 = CARTESIAN_POINT('',(0.,1.));
#12361 = CARTESIAN_POINT('',(0.,0.));
#12362 = ( GEOMETRIC_REPRESENTATION_CONTEXT(2) 
PARAMETRIC_REPRESENTATION_CONTEXT() REPRESENTATION_CONTEXT('2D SPACE',''
  ) );
#12363 = ORIENTED_EDGE('',*,*,#12364,.T.);
#12364 = EDGE_CURVE('',#12350,#12313,#12365,.T.);
#12365 = SURFACE_CURVE('',#12366,(#12370),.PCURVE_S1.);
#12366 = LINE('',#12367,#12368);
#12367 = CARTESIAN_POINT('',(5.324499694,-1.412507963,-6.7));
#12368 = VECTOR('',#12369,1.);
#12369 = DIRECTION('',(-0.620400909345,0.784284840912,0.));
#12370 = PCURVE('',#12323,#12371);
#12371 = DEFINITIONAL_REPRESENTATION('',(#12372),#12375);
#12372 = B_SPLINE_CURVE_WITH_KNOTS('',1,(#12373,#12374),.UNSPECIFIED.,
  .F.,.F.,(2,2),(0.,0.464560297476),.PIECEWISE_BEZIER_KNOTS.);
#12373 = CARTESIAN_POINT('',(0.,0.));
#12374 = CARTESIAN_POINT('',(1.,0.));
#12375 = ( GEOMETRIC_REPRESENTATION_CONTEXT(2) 
PARAMETRIC_REPRESENTATION_CONTEXT() REPRESENTATION_CONTEXT('2D SPACE',''
  ) );
#12376 = ( GEOMETRIC_REPRESENTATION_CONTEXT(3) 
GLOBAL_UNCERTAINTY_ASSIGNED_CONTEXT((#12380)) 
GLOBAL_UNIT_ASSIGNED_CONTEXT((#12377,#12378,#12379)) 
REPRESENTATION_CONTEXT('Context #1',
  '3D Context with UNIT and UNCERTAINTY') );
#12377 = ( LENGTH_UNIT() NAMED_UNIT(*) SI_UNIT(.MILLI.,.METRE.) );
#12378 = ( NAMED_UNIT(*) PLANE_ANGLE_UNIT() SI_UNIT($,.RADIAN.) );
#12379 = ( NAMED_UNIT(*) SI_UNIT($,.STERADIAN.) SOLID_ANGLE_UNIT() );
#12380 = UNCERTAINTY_MEASURE_WITH_UNIT(LENGTH_MEASURE(1.E-07),#12377,
  'distance_accuracy_value','confusion accuracy');
#12381 = SHAPE_DEFINITION_REPRESENTATION(#12382,#12305);
#12382 = PRODUCT_DEFINITION_SHAPE('','',#12383);
#12383 = PRODUCT_DEFINITION('design','',#12384,#12387);
#12384 = PRODUCT_DEFINITION_FORMATION('','',#12385);
#12385 = PRODUCT('eMachineShop.78',
  'eMachineShop.78','',(#12386));
#12386 = PRODUCT_CONTEXT('',#2,'mechanical');
#12387 = PRODUCT_DEFINITION_CONTEXT('part definition',#2,'design');
#12388 = CONTEXT_DEPENDENT_SHAPE_REPRESENTATION(#12389,#12391);
#12389 = ( REPRESENTATION_RELATIONSHIP('','',#12305,#10) 
REPRESENTATION_RELATIONSHIP_WITH_TRANSFORMATION(#12390) 
SHAPE_REPRESENTATION_RELATIONSHIP() );
#12390 = ITEM_DEFINED_TRANSFORMATION('','',#11,#323);
#12391 = PRODUCT_DEFINITION_SHAPE('Placement','Placement of an item',
  #12392);
#12392 = NEXT_ASSEMBLY_USAGE_OCCURRENCE('78','','',#5,#12383,$);
#12393 = PRODUCT_RELATED_PRODUCT_CATEGORY('part',$,(#12385));
#12394 = MANIFOLD_SURFACE_SHAPE_REPRESENTATION('',(#11,#12395),#12470);
#12395 = SHELL_BASED_SURFACE_MODEL('',(#12396));
#12396 = OPEN_SHELL('',(#12397));
#12397 = ADVANCED_FACE('',(#12398),#12413,.T.);
#12398 = FACE_BOUND('',#12399,.T.);
#12399 = EDGE_LOOP('',(#12400,#12426,#12441,#12457));
#12400 = ORIENTED_EDGE('',*,*,#12401,.F.);
#12401 = EDGE_CURVE('',#12402,#12404,#12406,.T.);
#12402 = VERTEX_POINT('',#12403);
#12403 = CARTESIAN_POINT('',(5.34442506,-1.818893847,-6.7));
#12404 = VERTEX_POINT('',#12405);
#12405 = CARTESIAN_POINT('',(5.32449969428,-1.412507962779,-6.7));
#12406 = SURFACE_CURVE('',#12407,(#12412),.PCURVE_S1.);
#12407 = CIRCLE('',#12408,0.350000000295);
#12408 = AXIS2_PLACEMENT_3D('',#12409,#12410,#12411);
#12409 = CARTESIAN_POINT('',(5.05,-1.629648281,-6.7));
#12410 = DIRECTION('',(0.,0.,1.));
#12411 = DIRECTION('',(1.,0.,-0.));
#12412 = PCURVE('',#12413,#12421);
#12413 = SURFACE_OF_REVOLUTION('',#12414,#12418);
#12414 = LINE('',#12415,#12416);
#12415 = CARTESIAN_POINT('',(4.7,-1.629648281,-5.7));
#12416 = VECTOR('',#12417,1.);
#12417 = DIRECTION('',(0.,0.,-1.));
#12418 = AXIS1_PLACEMENT('',#12419,#12420);
#12419 = CARTESIAN_POINT('',(5.05,-1.629648281,-5.7));
#12420 = DIRECTION('',(0.,0.,1.));
#12421 = DEFINITIONAL_REPRESENTATION('',(#12422),#12425);
#12422 = B_SPLINE_CURVE_WITH_KNOTS('',1,(#12423,#12424),.UNSPECIFIED.,
  .F.,.F.,(2,2),(5.711914369027,6.952439085295),
  .PIECEWISE_BEZIER_KNOTS.);
#12423 = CARTESIAN_POINT('',(2.57032171418,1.));
#12424 = CARTESIAN_POINT('',(3.81084643118,1.));
#12425 = ( GEOMETRIC_REPRESENTATION_CONTEXT(2) 
PARAMETRIC_REPRESENTATION_CONTEXT() REPRESENTATION_CONTEXT('2D SPACE',''
  ) );
#12426 = ORIENTED_EDGE('',*,*,#12427,.F.);
#12427 = EDGE_CURVE('',#12428,#12402,#12430,.T.);
#12428 = VERTEX_POINT('',#12429);
#12429 = CARTESIAN_POINT('',(5.344425059876,-1.818893847113,-5.7));
#12430 = SURFACE_CURVE('',#12431,(#12435),.PCURVE_S1.);
#12431 = LINE('',#12432,#12433);
#12432 = CARTESIAN_POINT('',(5.34442506,-1.818893847,-5.7));
#12433 = VECTOR('',#12434,1.);
#12434 = DIRECTION('',(0.,0.,-1.));
#12435 = PCURVE('',#12413,#12436);
#12436 = DEFINITIONAL_REPRESENTATION('',(#12437),#12440);
#12437 = B_SPLINE_CURVE_WITH_KNOTS('',1,(#12438,#12439),.UNSPECIFIED.,
  .F.,.F.,(2,2),(0.,1.),.PIECEWISE_BEZIER_KNOTS.);
#12438 = CARTESIAN_POINT('',(2.57032171418,-5.707260695552E-16));
#12439 = CARTESIAN_POINT('',(2.57032171418,1.));
#12440 = ( GEOMETRIC_REPRESENTATION_CONTEXT(2) 
PARAMETRIC_REPRESENTATION_CONTEXT() REPRESENTATION_CONTEXT('2D SPACE',''
  ) );
#12441 = ORIENTED_EDGE('',*,*,#12442,.F.);
#12442 = EDGE_CURVE('',#12443,#12428,#12445,.T.);
#12443 = VERTEX_POINT('',#12444);
#12444 = CARTESIAN_POINT('',(5.32449969428,-1.412507963087,-5.7));
#12445 = SURFACE_CURVE('',#12446,(#12451),.PCURVE_S1.);
#12446 = CIRCLE('',#12447,0.35);
#12447 = AXIS2_PLACEMENT_3D('',#12448,#12449,#12450);
#12448 = CARTESIAN_POINT('',(5.050000000087,-1.629648281251,-5.7));
#12449 = DIRECTION('',(-3.775699216404E-15,-5.874169148501E-15,-1.));
#12450 = DIRECTION('',(0.784284841352,0.620400908789,-6.605563539038E-15
    ));
#12451 = PCURVE('',#12413,#12452);
#12452 = DEFINITIONAL_REPRESENTATION('',(#12453),#12456);
#12453 = B_SPLINE_CURVE_WITH_KNOTS('',1,(#12454,#12455),.UNSPECIFIED.,
  .F.,.F.,(2,2),(5.551115123126E-16,1.240524716058),
  .PIECEWISE_BEZIER_KNOTS.);
#12454 = CARTESIAN_POINT('',(3.81084643118,-8.461778902412E-16));
#12455 = CARTESIAN_POINT('',(2.57032171418,-5.707260695552E-16));
#12456 = ( GEOMETRIC_REPRESENTATION_CONTEXT(2) 
PARAMETRIC_REPRESENTATION_CONTEXT() REPRESENTATION_CONTEXT('2D SPACE',''
  ) );
#12457 = ORIENTED_EDGE('',*,*,#12458,.F.);
#12458 = EDGE_CURVE('',#12404,#12443,#12459,.T.);
#12459 = SURFACE_CURVE('',#12460,(#12464),.PCURVE_S1.);
#12460 = LINE('',#12461,#12462);
#12461 = CARTESIAN_POINT('',(5.324499694,-1.412507963,-6.7));
#12462 = VECTOR('',#12463,1.);
#12463 = DIRECTION('',(0.,0.,1.));
#12464 = PCURVE('',#12413,#12465);
#12465 = DEFINITIONAL_REPRESENTATION('',(#12466),#12469);
#12466 = B_SPLINE_CURVE_WITH_KNOTS('',1,(#12467,#12468),.UNSPECIFIED.,
  .F.,.F.,(2,2),(0.,1.),.PIECEWISE_BEZIER_KNOTS.);
#12467 = CARTESIAN_POINT('',(3.81084643118,1.));
#12468 = CARTESIAN_POINT('',(3.81084643118,-8.461778902412E-16));
#12469 = ( GEOMETRIC_REPRESENTATION_CONTEXT(2) 
PARAMETRIC_REPRESENTATION_CONTEXT() REPRESENTATION_CONTEXT('2D SPACE',''
  ) );
#12470 = ( GEOMETRIC_REPRESENTATION_CONTEXT(3) 
GLOBAL_UNCERTAINTY_ASSIGNED_CONTEXT((#12474)) 
GLOBAL_UNIT_ASSIGNED_CONTEXT((#12471,#12472,#12473)) 
REPRESENTATION_CONTEXT('Context #1',
  '3D Context with UNIT and UNCERTAINTY') );
#12471 = ( LENGTH_UNIT() NAMED_UNIT(*) SI_UNIT(.MILLI.,.METRE.) );
#12472 = ( NAMED_UNIT(*) PLANE_ANGLE_UNIT() SI_UNIT($,.RADIAN.) );
#12473 = ( NAMED_UNIT(*) SI_UNIT($,.STERADIAN.) SOLID_ANGLE_UNIT() );
#12474 = UNCERTAINTY_MEASURE_WITH_UNIT(LENGTH_MEASURE(1.E-07),#12471,
  'distance_accuracy_value','confusion accuracy');
#12475 = SHAPE_DEFINITION_REPRESENTATION(#12476,#12394);
#12476 = PRODUCT_DEFINITION_SHAPE('','',#12477);
#12477 = PRODUCT_DEFINITION('design','',#12478,#12481);
#12478 = PRODUCT_DEFINITION_FORMATION('','',#12479);
#12479 = PRODUCT('eMachineShop.79',
  'eMachineShop.79','',(#12480));
#12480 = PRODUCT_CONTEXT('',#2,'mechanical');
#12481 = PRODUCT_DEFINITION_CONTEXT('part definition',#2,'design');
#12482 = CONTEXT_DEPENDENT_SHAPE_REPRESENTATION(#12483,#12485);
#12483 = ( REPRESENTATION_RELATIONSHIP('','',#12394,#10) 
REPRESENTATION_RELATIONSHIP_WITH_TRANSFORMATION(#12484) 
SHAPE_REPRESENTATION_RELATIONSHIP() );
#12484 = ITEM_DEFINED_TRANSFORMATION('','',#11,#327);
#12485 = PRODUCT_DEFINITION_SHAPE('Placement','Placement of an item',
  #12486);
#12486 = NEXT_ASSEMBLY_USAGE_OCCURRENCE('79','','',#5,#12477,$);
#12487 = PRODUCT_RELATED_PRODUCT_CATEGORY('part',$,(#12479));
#12488 = MANIFOLD_SURFACE_SHAPE_REPRESENTATION('',(#11,#12489),#12593);
#12489 = SHELL_BASED_SURFACE_MODEL('',(#12490));
#12490 = OPEN_SHELL('',(#12491));
#12491 = ADVANCED_FACE('',(#12492),#12506,.T.);
#12492 = FACE_BOUND('',#12493,.T.);
#12493 = EDGE_LOOP('',(#12494,#12516,#12531,#12548,#12563,#12580));
#12494 = ORIENTED_EDGE('',*,*,#12495,.T.);
#12495 = EDGE_CURVE('',#12496,#12498,#12500,.T.);
#12496 = VERTEX_POINT('',#12497);
#12497 = CARTESIAN_POINT('',(5.34442506,-1.818893847,-6.7));
#12498 = VERTEX_POINT('',#12499);
#12499 = CARTESIAN_POINT('',(5.34442506,-1.818893847,-5.7));
#12500 = SURFACE_CURVE('',#12501,(#12505),.PCURVE_S1.);
#12501 = LINE('',#12502,#12503);
#12502 = CARTESIAN_POINT('',(5.34442506,-1.818893847,-6.7));
#12503 = VECTOR('',#12504,1.);
#12504 = DIRECTION('',(0.,0.,1.));
#12505 = PCURVE('',#12506,#12511);
#12506 = B_SPLINE_SURFACE_WITH_KNOTS('',1,1,(
    (#12507,#12508)
    ,(#12509,#12510
    )),.UNSPECIFIED.,.F.,.F.,.F.,(2,2),(2,2),(0.,1.),(0.,1.),
  .PIECEWISE_BEZIER_KNOTS.);
#12507 = CARTESIAN_POINT('',(5.013514218,-2.333719353,-6.7));
#12508 = CARTESIAN_POINT('',(5.013514218,-2.333719353,-5.7));
#12509 = CARTESIAN_POINT('',(5.34442506,-1.818893847,-6.7));
#12510 = CARTESIAN_POINT('',(5.34442506,-1.818893847,-5.7));
#12511 = DEFINITIONAL_REPRESENTATION('',(#12512),#12515);
#12512 = B_SPLINE_CURVE_WITH_KNOTS('',1,(#12513,#12514),.UNSPECIFIED.,
  .F.,.F.,(2,2),(0.,1.),.PIECEWISE_BEZIER_KNOTS.);
#12513 = CARTESIAN_POINT('',(1.,0.));
#12514 = CARTESIAN_POINT('',(1.,1.));
#12515 = ( GEOMETRIC_REPRESENTATION_CONTEXT(2) 
PARAMETRIC_REPRESENTATION_CONTEXT() REPRESENTATION_CONTEXT('2D SPACE',''
  ) );
#12516 = ORIENTED_EDGE('',*,*,#12517,.T.);
#12517 = EDGE_CURVE('',#12498,#12518,#12520,.T.);
#12518 = VERTEX_POINT('',#12519);
#12519 = CARTESIAN_POINT('',(5.035187774,-2.3,-5.7));
#12520 = SURFACE_CURVE('',#12521,(#12525),.PCURVE_S1.);
#12521 = LINE('',#12522,#12523);
#12522 = CARTESIAN_POINT('',(5.34442506,-1.818893847,-5.7));
#12523 = VECTOR('',#12524,1.);
#12524 = DIRECTION('',(-0.540701617755,-0.841214455747,0.));
#12525 = PCURVE('',#12506,#12526);
#12526 = DEFINITIONAL_REPRESENTATION('',(#12527),#12530);
#12527 = B_SPLINE_CURVE_WITH_KNOTS('',1,(#12528,#12529),.UNSPECIFIED.,
  .F.,.F.,(2,2),(0.,0.571918551463),.PIECEWISE_BEZIER_KNOTS.);
#12528 = CARTESIAN_POINT('',(1.,1.));
#12529 = CARTESIAN_POINT('',(6.5496664E-02,1.));
#12530 = ( GEOMETRIC_REPRESENTATION_CONTEXT(2) 
PARAMETRIC_REPRESENTATION_CONTEXT() REPRESENTATION_CONTEXT('2D SPACE',''
  ) );
#12531 = ORIENTED_EDGE('',*,*,#12532,.T.);
#12532 = EDGE_CURVE('',#12518,#12533,#12535,.T.);
#12533 = VERTEX_POINT('',#12534);
#12534 = CARTESIAN_POINT('',(5.013514218,-2.333719353,-5.70113829));
#12535 = SURFACE_CURVE('',#12536,(#12541),.PCURVE_S1.);
#12536 = ( BOUNDED_CURVE() B_SPLINE_CURVE(3,(#12537,#12538,#12539,#12540
),.UNSPECIFIED.,.F.,.F.) B_SPLINE_CURVE_WITH_KNOTS((4,4),(0.,1.),
.PIECEWISE_BEZIER_KNOTS.) CURVE() GEOMETRIC_REPRESENTATION_ITEM() 
RATIONAL_B_SPLINE_CURVE((1.,0.999620461808,0.999620461808,1.)) 
REPRESENTATION_ITEM('') );
#12537 = CARTESIAN_POINT('',(5.035187774,-2.3,-5.7));
#12538 = CARTESIAN_POINT('',(5.027956395,-2.311250457,-5.7));
#12539 = CARTESIAN_POINT('',(5.020729133,-2.322494509,-5.700379574));
#12540 = CARTESIAN_POINT('',(5.013514218,-2.333719353,-5.70113829));
#12541 = PCURVE('',#12506,#12542);
#12542 = DEFINITIONAL_REPRESENTATION('',(#12543),#12547);
#12543 = B_SPLINE_CURVE_WITH_KNOTS('',2,(#12544,#12545,#12546),
  .UNSPECIFIED.,.F.,.F.,(3,3),(0.,1.),.PIECEWISE_BEZIER_KNOTS.);
#12544 = CARTESIAN_POINT('',(6.5496664E-02,1.));
#12545 = CARTESIAN_POINT('',(3.2711012E-02,1.));
#12546 = CARTESIAN_POINT('',(0.,0.99886171));
#12547 = ( GEOMETRIC_REPRESENTATION_CONTEXT(2) 
PARAMETRIC_REPRESENTATION_CONTEXT() REPRESENTATION_CONTEXT('2D SPACE',''
  ) );
#12548 = ORIENTED_EDGE('',*,*,#12549,.T.);
#12549 = EDGE_CURVE('',#12533,#12550,#12552,.T.);
#12550 = VERTEX_POINT('',#12551);
#12551 = CARTESIAN_POINT('',(5.013514218,-2.333719353,-6.69886171));
#12552 = SURFACE_CURVE('',#12553,(#12557),.PCURVE_S1.);
#12553 = LINE('',#12554,#12555);
#12554 = CARTESIAN_POINT('',(5.013514218,-2.333719353,-5.70113829));
#12555 = VECTOR('',#12556,1.);
#12556 = DIRECTION('',(0.,0.,-1.));
#12557 = PCURVE('',#12506,#12558);
#12558 = DEFINITIONAL_REPRESENTATION('',(#12559),#12562);
#12559 = B_SPLINE_CURVE_WITH_KNOTS('',1,(#12560,#12561),.UNSPECIFIED.,
  .F.,.F.,(2,2),(0.,0.99772342),.PIECEWISE_BEZIER_KNOTS.);
#12560 = CARTESIAN_POINT('',(0.,0.99886171));
#12561 = CARTESIAN_POINT('',(0.,1.13829E-03));
#12562 = ( GEOMETRIC_REPRESENTATION_CONTEXT(2) 
PARAMETRIC_REPRESENTATION_CONTEXT() REPRESENTATION_CONTEXT('2D SPACE',''
  ) );
#12563 = ORIENTED_EDGE('',*,*,#12564,.T.);
#12564 = EDGE_CURVE('',#12550,#12565,#12567,.T.);
#12565 = VERTEX_POINT('',#12566);
#12566 = CARTESIAN_POINT('',(5.035187774,-2.3,-6.7));
#12567 = SURFACE_CURVE('',#12568,(#12573),.PCURVE_S1.);
#12568 = ( BOUNDED_CURVE() B_SPLINE_CURVE(3,(#12569,#12570,#12571,#12572
),.UNSPECIFIED.,.F.,.F.) B_SPLINE_CURVE_WITH_KNOTS((4,4),(0.,1.),
.PIECEWISE_BEZIER_KNOTS.) CURVE() GEOMETRIC_REPRESENTATION_ITEM() 
RATIONAL_B_SPLINE_CURVE((1.,0.999620461808,0.999620461808,1.)) 
REPRESENTATION_ITEM('') );
#12569 = CARTESIAN_POINT('',(5.013514218,-2.333719353,-6.69886171));
#12570 = CARTESIAN_POINT('',(5.020729133,-2.322494509,-6.699620426));
#12571 = CARTESIAN_POINT('',(5.027956395,-2.311250457,-6.7));
#12572 = CARTESIAN_POINT('',(5.035187774,-2.3,-6.7));
#12573 = PCURVE('',#12506,#12574);
#12574 = DEFINITIONAL_REPRESENTATION('',(#12575),#12579);
#12575 = B_SPLINE_CURVE_WITH_KNOTS('',2,(#12576,#12577,#12578),
  .UNSPECIFIED.,.F.,.F.,(3,3),(0.,1.),.PIECEWISE_BEZIER_KNOTS.);
#12576 = CARTESIAN_POINT('',(0.,1.13829E-03));
#12577 = CARTESIAN_POINT('',(3.2711012E-02,0.));
#12578 = CARTESIAN_POINT('',(6.5496664E-02,0.));
#12579 = ( GEOMETRIC_REPRESENTATION_CONTEXT(2) 
PARAMETRIC_REPRESENTATION_CONTEXT() REPRESENTATION_CONTEXT('2D SPACE',''
  ) );
#12580 = ORIENTED_EDGE('',*,*,#12581,.T.);
#12581 = EDGE_CURVE('',#12565,#12496,#12582,.T.);
#12582 = SURFACE_CURVE('',#12583,(#12587),.PCURVE_S1.);
#12583 = LINE('',#12584,#12585);
#12584 = CARTESIAN_POINT('',(5.035187774,-2.3,-6.7));
#12585 = VECTOR('',#12586,1.);
#12586 = DIRECTION('',(0.540701617755,0.841214455747,0.));
#12587 = PCURVE('',#12506,#12588);
#12588 = DEFINITIONAL_REPRESENTATION('',(#12589),#12592);
#12589 = B_SPLINE_CURVE_WITH_KNOTS('',1,(#12590,#12591),.UNSPECIFIED.,
  .F.,.F.,(2,2),(0.,0.571918551463),.PIECEWISE_BEZIER_KNOTS.);
#12590 = CARTESIAN_POINT('',(6.5496664E-02,0.));
#12591 = CARTESIAN_POINT('',(1.,0.));
#12592 = ( GEOMETRIC_REPRESENTATION_CONTEXT(2) 
PARAMETRIC_REPRESENTATION_CONTEXT() REPRESENTATION_CONTEXT('2D SPACE',''
  ) );
#12593 = ( GEOMETRIC_REPRESENTATION_CONTEXT(3) 
GLOBAL_UNCERTAINTY_ASSIGNED_CONTEXT((#12597)) 
GLOBAL_UNIT_ASSIGNED_CONTEXT((#12594,#12595,#12596)) 
REPRESENTATION_CONTEXT('Context #1',
  '3D Context with UNIT and UNCERTAINTY') );
#12594 = ( LENGTH_UNIT() NAMED_UNIT(*) SI_UNIT(.MILLI.,.METRE.) );
#12595 = ( NAMED_UNIT(*) PLANE_ANGLE_UNIT() SI_UNIT($,.RADIAN.) );
#12596 = ( NAMED_UNIT(*) SI_UNIT($,.STERADIAN.) SOLID_ANGLE_UNIT() );
#12597 = UNCERTAINTY_MEASURE_WITH_UNIT(LENGTH_MEASURE(1.E-06),#12594,
  'distance_accuracy_value','confusion accuracy');
#12598 = SHAPE_DEFINITION_REPRESENTATION(#12599,#12488);
#12599 = PRODUCT_DEFINITION_SHAPE('','',#12600);
#12600 = PRODUCT_DEFINITION('design','',#12601,#12604);
#12601 = PRODUCT_DEFINITION_FORMATION('','',#12602);
#12602 = PRODUCT('eMachineShop.80',
  'eMachineShop.80','',(#12603));
#12603 = PRODUCT_CONTEXT('',#2,'mechanical');
#12604 = PRODUCT_DEFINITION_CONTEXT('part definition',#2,'design');
#12605 = CONTEXT_DEPENDENT_SHAPE_REPRESENTATION(#12606,#12608);
#12606 = ( REPRESENTATION_RELATIONSHIP('','',#12488,#10) 
REPRESENTATION_RELATIONSHIP_WITH_TRANSFORMATION(#12607) 
SHAPE_REPRESENTATION_RELATIONSHIP() );
#12607 = ITEM_DEFINED_TRANSFORMATION('','',#11,#331);
#12608 = PRODUCT_DEFINITION_SHAPE('Placement','Placement of an item',
  #12609);
#12609 = NEXT_ASSEMBLY_USAGE_OCCURRENCE('80','','',#5,#12600,$);
#12610 = PRODUCT_RELATED_PRODUCT_CATEGORY('part',$,(#12602));
#12611 = MANIFOLD_SURFACE_SHAPE_REPRESENTATION('',(#11,#12612),#12934);
#12612 = SHELL_BASED_SURFACE_MODEL('',(#12613));
#12613 = OPEN_SHELL('',(#12614));
#12614 = ADVANCED_FACE('',(#12615),#12629,.T.);
#12615 = FACE_BOUND('',#12616,.T.);
#12616 = EDGE_LOOP('',(#12617,#12640,#12656,#12672,#12688,#12703,#12719,
    #12735,#12750,#12765,#12780,#12796,#12812,#12827,#12843,#12859,
    #12875,#12891,#12906,#12921));
#12617 = ORIENTED_EDGE('',*,*,#12618,.T.);
#12618 = EDGE_CURVE('',#12619,#12621,#12623,.T.);
#12619 = VERTEX_POINT('',#12620);
#12620 = CARTESIAN_POINT('',(5.34442505962,-1.8188938473,-5.7));
#12621 = VERTEX_POINT('',#12622);
#12622 = CARTESIAN_POINT('',(5.388133718821,-1.7200119233,-5.7));
#12623 = SURFACE_CURVE('',#12624,(#12628),.PCURVE_S1.);
#12624 = B_SPLINE_CURVE_WITH_KNOTS('',2,(#12625,#12626,#12627),
  .UNSPECIFIED.,.F.,.F.,(3,3),(0.,0.25),.PIECEWISE_BEZIER_KNOTS.);
#12625 = CARTESIAN_POINT('',(5.344425059241,-1.8188938476,-5.7));
#12626 = CARTESIAN_POINT('',(5.374008026409,-1.7728691663,-5.7));
#12627 = CARTESIAN_POINT('',(5.388133718821,-1.7200119233,-5.7));
#12628 = PCURVE('',#12629,#12634);
#12629 = B_SPLINE_SURFACE_WITH_KNOTS('',1,1,(
    (#12630,#12631)
    ,(#12632,#12633
    )),.UNSPECIFIED.,.F.,.F.,.F.,(2,2),(2,2),(0.,1.),(0.,1.),
  .PIECEWISE_BEZIER_KNOTS.);
#12630 = CARTESIAN_POINT('',(5.7045,-2.3,-5.7));
#12631 = CARTESIAN_POINT('',(5.7045,0.,-5.7));
#12632 = CARTESIAN_POINT('',(4.95,-2.3,-5.7));
#12633 = CARTESIAN_POINT('',(4.95,0.,-5.7));
#12634 = DEFINITIONAL_REPRESENTATION('',(#12635),#12639);
#12635 = B_SPLINE_CURVE_WITH_KNOTS('',2,(#12636,#12637,#12638),
  .UNSPECIFIED.,.F.,.F.,(3,3),(0.,0.25),.PIECEWISE_BEZIER_KNOTS.);
#12636 = CARTESIAN_POINT('',(0.477236502,0.209176588));
#12637 = CARTESIAN_POINT('',(0.438027798,0.229187319));
#12638 = CARTESIAN_POINT('',(0.419305873,0.252168729));
#12639 = ( GEOMETRIC_REPRESENTATION_CONTEXT(2) 
PARAMETRIC_REPRESENTATION_CONTEXT() REPRESENTATION_CONTEXT('2D SPACE',''
  ) );
#12640 = ORIENTED_EDGE('',*,*,#12641,.T.);
#12641 = EDGE_CURVE('',#12621,#12642,#12644,.T.);
#12642 = VERTEX_POINT('',#12643);
#12643 = CARTESIAN_POINT('',(5.399580056487,-1.6125081431,-5.7));
#12644 = SURFACE_CURVE('',#12645,(#12649),.PCURVE_S1.);
#12645 = B_SPLINE_CURVE_WITH_KNOTS('',2,(#12646,#12647,#12648),
  .UNSPECIFIED.,.F.,.F.,(3,3),(0.25,0.5),.PIECEWISE_BEZIER_KNOTS.);
#12646 = CARTESIAN_POINT('',(5.388133718821,-1.7200119233,-5.7));
#12647 = CARTESIAN_POINT('',(5.402259411988,-1.6671546826,-5.7));
#12648 = CARTESIAN_POINT('',(5.399580056487,-1.6125081431,-5.7));
#12649 = PCURVE('',#12629,#12650);
#12650 = DEFINITIONAL_REPRESENTATION('',(#12651),#12655);
#12651 = B_SPLINE_CURVE_WITH_KNOTS('',2,(#12652,#12653,#12654),
  .UNSPECIFIED.,.F.,.F.,(3,3),(0.25,0.5),.PIECEWISE_BEZIER_KNOTS.);
#12652 = CARTESIAN_POINT('',(0.419305873,0.252168729));
#12653 = CARTESIAN_POINT('',(0.400583947,0.275150138));
#12654 = CARTESIAN_POINT('',(0.404135114,0.298909503));
#12655 = ( GEOMETRIC_REPRESENTATION_CONTEXT(2) 
PARAMETRIC_REPRESENTATION_CONTEXT() REPRESENTATION_CONTEXT('2D SPACE',''
  ) );
#12656 = ORIENTED_EDGE('',*,*,#12657,.T.);
#12657 = EDGE_CURVE('',#12642,#12658,#12660,.T.);
#12658 = VERTEX_POINT('',#12659);
#12659 = CARTESIAN_POINT('',(5.377671942542,-1.5066397526,-5.7));
#12660 = SURFACE_CURVE('',#12661,(#12665),.PCURVE_S1.);
#12661 = B_SPLINE_CURVE_WITH_KNOTS('',2,(#12662,#12663,#12664),
  .UNSPECIFIED.,.F.,.F.,(3,3),(0.5,0.75),.PIECEWISE_BEZIER_KNOTS.);
#12662 = CARTESIAN_POINT('',(5.399580056487,-1.6125081431,-5.7));
#12663 = CARTESIAN_POINT('',(5.396900700985,-1.5578616036,-5.7));
#12664 = CARTESIAN_POINT('',(5.377671942542,-1.5066397526,-5.7));
#12665 = PCURVE('',#12629,#12666);
#12666 = DEFINITIONAL_REPRESENTATION('',(#12667),#12671);
#12667 = B_SPLINE_CURVE_WITH_KNOTS('',2,(#12668,#12669,#12670),
  .UNSPECIFIED.,.F.,.F.,(3,3),(0.5,0.75),.PIECEWISE_BEZIER_KNOTS.);
#12668 = CARTESIAN_POINT('',(0.404135114,0.298909503));
#12669 = CARTESIAN_POINT('',(0.407686281,0.322668868));
#12670 = CARTESIAN_POINT('',(0.433171713,0.344939238));
#12671 = ( GEOMETRIC_REPRESENTATION_CONTEXT(2) 
PARAMETRIC_REPRESENTATION_CONTEXT() REPRESENTATION_CONTEXT('2D SPACE',''
  ) );
#12672 = ORIENTED_EDGE('',*,*,#12673,.T.);
#12673 = EDGE_CURVE('',#12658,#12674,#12676,.T.);
#12674 = VERTEX_POINT('',#12675);
#12675 = CARTESIAN_POINT('',(5.324499694168,-1.41250796305,-5.7));
#12676 = SURFACE_CURVE('',#12677,(#12681),.PCURVE_S1.);
#12677 = B_SPLINE_CURVE_WITH_KNOTS('',2,(#12678,#12679,#12680),
  .UNSPECIFIED.,.F.,.F.,(3,3),(0.75,1.),.PIECEWISE_BEZIER_KNOTS.);
#12678 = CARTESIAN_POINT('',(5.377671942542,-1.5066397526,-5.7));
#12679 = CARTESIAN_POINT('',(5.358443184098,-1.4554179016,-5.7));
#12680 = CARTESIAN_POINT('',(5.324499694337,-1.4125079631,-5.7));
#12681 = PCURVE('',#12629,#12682);
#12682 = DEFINITIONAL_REPRESENTATION('',(#12683),#12687);
#12683 = B_SPLINE_CURVE_WITH_KNOTS('',2,(#12684,#12685,#12686),
  .UNSPECIFIED.,.F.,.F.,(3,3),(0.75,1.),.PIECEWISE_BEZIER_KNOTS.);
#12684 = CARTESIAN_POINT('',(0.433171713,0.344939238));
#12685 = CARTESIAN_POINT('',(0.458657145,0.367209608));
#12686 = CARTESIAN_POINT('',(0.503645203,0.385866103));
#12687 = ( GEOMETRIC_REPRESENTATION_CONTEXT(2) 
PARAMETRIC_REPRESENTATION_CONTEXT() REPRESENTATION_CONTEXT('2D SPACE',''
  ) );
#12688 = ORIENTED_EDGE('',*,*,#12689,.T.);
#12689 = EDGE_CURVE('',#12674,#12690,#12692,.T.);
#12690 = VERTEX_POINT('',#12691);
#12691 = CARTESIAN_POINT('',(5.036286063179,-1.04816036355,-5.7));
#12692 = SURFACE_CURVE('',#12693,(#12697),.PCURVE_S1.);
#12693 = LINE('',#12694,#12695);
#12694 = CARTESIAN_POINT('',(5.324499694,-1.412507963,-5.7));
#12695 = VECTOR('',#12696,1.);
#12696 = DIRECTION('',(-0.620400909345,0.784284840912,0.));
#12697 = PCURVE('',#12629,#12698);
#12698 = DEFINITIONAL_REPRESENTATION('',(#12699),#12702);
#12699 = B_SPLINE_CURVE_WITH_KNOTS('',1,(#12700,#12701),.UNSPECIFIED.,
  .F.,.F.,(2,2),(0.,0.464560297476),.PIECEWISE_BEZIER_KNOTS.);
#12700 = CARTESIAN_POINT('',(0.503645203,0.385866103));
#12701 = CARTESIAN_POINT('',(0.885638087,0.544278103));
#12702 = ( GEOMETRIC_REPRESENTATION_CONTEXT(2) 
PARAMETRIC_REPRESENTATION_CONTEXT() REPRESENTATION_CONTEXT('2D SPACE',''
  ) );
#12703 = ORIENTED_EDGE('',*,*,#12704,.T.);
#12704 = EDGE_CURVE('',#12690,#12705,#12707,.T.);
#12705 = VERTEX_POINT('',#12706);
#12706 = CARTESIAN_POINT('',(4.9721868353,-0.9313667104,-5.7));
#12707 = SURFACE_CURVE('',#12708,(#12712),.PCURVE_S1.);
#12708 = B_SPLINE_CURVE_WITH_KNOTS('',2,(#12709,#12710,#12711),
  .UNSPECIFIED.,.F.,.F.,(3,3),(0.,0.5),.PIECEWISE_BEZIER_KNOTS.);
#12709 = CARTESIAN_POINT('',(5.036286063359,-1.0481603631,-5.7));
#12710 = CARTESIAN_POINT('',(4.994373670599,-0.9951764729,-5.7));
#12711 = CARTESIAN_POINT('',(4.9721868353,-0.9313667104,-5.7));
#12712 = PCURVE('',#12629,#12713);
#12713 = DEFINITIONAL_REPRESENTATION('',(#12714),#12718);
#12714 = B_SPLINE_CURVE_WITH_KNOTS('',2,(#12715,#12716,#12717),
  .UNSPECIFIED.,.F.,.F.,(3,3),(0.,0.5),.PIECEWISE_BEZIER_KNOTS.);
#12715 = CARTESIAN_POINT('',(0.885638087,0.544278103));
#12716 = CARTESIAN_POINT('',(0.941187978,0.567314577));
#12717 = CARTESIAN_POINT('',(0.970593989,0.595057952));
#12718 = ( GEOMETRIC_REPRESENTATION_CONTEXT(2) 
PARAMETRIC_REPRESENTATION_CONTEXT() REPRESENTATION_CONTEXT('2D SPACE',''
  ) );
#12719 = ORIENTED_EDGE('',*,*,#12720,.T.);
#12720 = EDGE_CURVE('',#12705,#12721,#12723,.T.);
#12721 = VERTEX_POINT('',#12722);
#12722 = CARTESIAN_POINT('',(4.95,-0.80000000005,-5.7));
#12723 = SURFACE_CURVE('',#12724,(#12728),.PCURVE_S1.);
#12724 = B_SPLINE_CURVE_WITH_KNOTS('',2,(#12725,#12726,#12727),
  .UNSPECIFIED.,.F.,.F.,(3,3),(0.5,1.),.PIECEWISE_BEZIER_KNOTS.);
#12725 = CARTESIAN_POINT('',(4.9721868353,-0.9313667104,-5.7));
#12726 = CARTESIAN_POINT('',(4.95,-0.8675569479,-5.7));
#12727 = CARTESIAN_POINT('',(4.95,-0.8000000001,-5.7));
#12728 = PCURVE('',#12629,#12729);
#12729 = DEFINITIONAL_REPRESENTATION('',(#12730),#12734);
#12730 = B_SPLINE_CURVE_WITH_KNOTS('',2,(#12731,#12732,#12733),
  .UNSPECIFIED.,.F.,.F.,(3,3),(0.5,1.),.PIECEWISE_BEZIER_KNOTS.);
#12731 = CARTESIAN_POINT('',(0.970593989,0.595057952));
#12732 = CARTESIAN_POINT('',(1.,0.622801327));
#12733 = CARTESIAN_POINT('',(1.,0.652173913));
#12734 = ( GEOMETRIC_REPRESENTATION_CONTEXT(2) 
PARAMETRIC_REPRESENTATION_CONTEXT() REPRESENTATION_CONTEXT('2D SPACE',''
  ) );
#12735 = ORIENTED_EDGE('',*,*,#12736,.T.);
#12736 = EDGE_CURVE('',#12721,#12737,#12739,.T.);
#12737 = VERTEX_POINT('',#12738);
#12738 = CARTESIAN_POINT('',(4.95,0.,-5.7));
#12739 = SURFACE_CURVE('',#12740,(#12744),.PCURVE_S1.);
#12740 = LINE('',#12741,#12742);
#12741 = CARTESIAN_POINT('',(4.95,-0.8,-5.7));
#12742 = VECTOR('',#12743,1.);
#12743 = DIRECTION('',(0.,1.,0.));
#12744 = PCURVE('',#12629,#12745);
#12745 = DEFINITIONAL_REPRESENTATION('',(#12746),#12749);
#12746 = B_SPLINE_CURVE_WITH_KNOTS('',1,(#12747,#12748),.UNSPECIFIED.,
  .F.,.F.,(2,2),(0.,0.8),.PIECEWISE_BEZIER_KNOTS.);
#12747 = CARTESIAN_POINT('',(1.,0.652173913));
#12748 = CARTESIAN_POINT('',(1.,1.));
#12749 = ( GEOMETRIC_REPRESENTATION_CONTEXT(2) 
PARAMETRIC_REPRESENTATION_CONTEXT() REPRESENTATION_CONTEXT('2D SPACE',''
  ) );
#12750 = ORIENTED_EDGE('',*,*,#12751,.T.);
#12751 = EDGE_CURVE('',#12737,#12752,#12754,.T.);
#12752 = VERTEX_POINT('',#12753);
#12753 = CARTESIAN_POINT('',(5.25,0.,-5.7));
#12754 = SURFACE_CURVE('',#12755,(#12759),.PCURVE_S1.);
#12755 = LINE('',#12756,#12757);
#12756 = CARTESIAN_POINT('',(4.95,0.,-5.7));
#12757 = VECTOR('',#12758,1.);
#12758 = DIRECTION('',(1.,0.,0.));
#12759 = PCURVE('',#12629,#12760);
#12760 = DEFINITIONAL_REPRESENTATION('',(#12761),#12764);
#12761 = B_SPLINE_CURVE_WITH_KNOTS('',1,(#12762,#12763),.UNSPECIFIED.,
  .F.,.F.,(2,2),(0.,0.3),.PIECEWISE_BEZIER_KNOTS.);
#12762 = CARTESIAN_POINT('',(1.,1.));
#12763 = CARTESIAN_POINT('',(0.602385686,1.));
#12764 = ( GEOMETRIC_REPRESENTATION_CONTEXT(2) 
PARAMETRIC_REPRESENTATION_CONTEXT() REPRESENTATION_CONTEXT('2D SPACE',''
  ) );
#12765 = ORIENTED_EDGE('',*,*,#12766,.T.);
#12766 = EDGE_CURVE('',#12752,#12767,#12769,.T.);
#12767 = VERTEX_POINT('',#12768);
#12768 = CARTESIAN_POINT('',(5.249999999957,-0.80000000005,-5.7));
#12769 = SURFACE_CURVE('',#12770,(#12774),.PCURVE_S1.);
#12770 = LINE('',#12771,#12772);
#12771 = CARTESIAN_POINT('',(5.25,0.,-5.7));
#12772 = VECTOR('',#12773,1.);
#12773 = DIRECTION('',(0.,-1.,0.));
#12774 = PCURVE('',#12629,#12775);
#12775 = DEFINITIONAL_REPRESENTATION('',(#12776),#12779);
#12776 = B_SPLINE_CURVE_WITH_KNOTS('',1,(#12777,#12778),.UNSPECIFIED.,
  .F.,.F.,(2,2),(0.,0.8),.PIECEWISE_BEZIER_KNOTS.);
#12777 = CARTESIAN_POINT('',(0.602385686,1.));
#12778 = CARTESIAN_POINT('',(0.602385686,0.652173913));
#12779 = ( GEOMETRIC_REPRESENTATION_CONTEXT(2) 
PARAMETRIC_REPRESENTATION_CONTEXT() REPRESENTATION_CONTEXT('2D SPACE',''
  ) );
#12780 = ORIENTED_EDGE('',*,*,#12781,.T.);
#12781 = EDGE_CURVE('',#12767,#12782,#12784,.T.);
#12782 = VERTEX_POINT('',#12783);
#12783 = CARTESIAN_POINT('',(5.255546708927,-0.8328416771,-5.7));
#12784 = SURFACE_CURVE('',#12785,(#12789),.PCURVE_S1.);
#12785 = B_SPLINE_CURVE_WITH_KNOTS('',2,(#12786,#12787,#12788),
  .UNSPECIFIED.,.F.,.F.,(3,3),(0.,0.5),.PIECEWISE_BEZIER_KNOTS.);
#12786 = CARTESIAN_POINT('',(5.249999999913,-0.8000000001,-5.7));
#12787 = CARTESIAN_POINT('',(5.249999999913,-0.8168892382,-5.7));
#12788 = CARTESIAN_POINT('',(5.255546708926,-0.8328416771,-5.7));
#12789 = PCURVE('',#12629,#12790);
#12790 = DEFINITIONAL_REPRESENTATION('',(#12791),#12795);
#12791 = B_SPLINE_CURVE_WITH_KNOTS('',2,(#12792,#12793,#12794),
  .UNSPECIFIED.,.F.,.F.,(3,3),(0.,0.5),.PIECEWISE_BEZIER_KNOTS.);
#12792 = CARTESIAN_POINT('',(0.602385686,0.652173913));
#12793 = CARTESIAN_POINT('',(0.602385686,0.644830766));
#12794 = CARTESIAN_POINT('',(0.595034183,0.637894923));
#12795 = ( GEOMETRIC_REPRESENTATION_CONTEXT(2) 
PARAMETRIC_REPRESENTATION_CONTEXT() REPRESENTATION_CONTEXT('2D SPACE',''
  ) );
#12796 = ORIENTED_EDGE('',*,*,#12797,.T.);
#12797 = EDGE_CURVE('',#12782,#12798,#12800,.T.);
#12798 = VERTEX_POINT('',#12799);
#12799 = CARTESIAN_POINT('',(5.271571515782,-0.8620400915,-5.7));
#12800 = SURFACE_CURVE('',#12801,(#12805),.PCURVE_S1.);
#12801 = B_SPLINE_CURVE_WITH_KNOTS('',2,(#12802,#12803,#12804),
  .UNSPECIFIED.,.F.,.F.,(3,3),(0.5,1.),.PIECEWISE_BEZIER_KNOTS.);
#12802 = CARTESIAN_POINT('',(5.255546708927,-0.8328416771,-5.7));
#12803 = CARTESIAN_POINT('',(5.26109341794,-0.8487941183,-5.7));
#12804 = CARTESIAN_POINT('',(5.271571515564,-0.862040092,-5.7));
#12805 = PCURVE('',#12629,#12806);
#12806 = DEFINITIONAL_REPRESENTATION('',(#12807),#12811);
#12807 = B_SPLINE_CURVE_WITH_KNOTS('',2,(#12808,#12809,#12810),
  .UNSPECIFIED.,.F.,.F.,(3,3),(0.5,1.),.PIECEWISE_BEZIER_KNOTS.);
#12808 = CARTESIAN_POINT('',(0.595034183,0.637894923));
#12809 = CARTESIAN_POINT('',(0.58768268,0.630959079));
#12810 = CARTESIAN_POINT('',(0.573795208,0.62519996));
#12811 = ( GEOMETRIC_REPRESENTATION_CONTEXT(2) 
PARAMETRIC_REPRESENTATION_CONTEXT() REPRESENTATION_CONTEXT('2D SPACE',''
  ) );
#12812 = ORIENTED_EDGE('',*,*,#12813,.T.);
#12813 = EDGE_CURVE('',#12798,#12814,#12816,.T.);
#12814 = VERTEX_POINT('',#12815);
#12815 = CARTESIAN_POINT('',(5.559785146771,-1.22638768985,-5.7));
#12816 = SURFACE_CURVE('',#12817,(#12821),.PCURVE_S1.);
#12817 = LINE('',#12818,#12819);
#12818 = CARTESIAN_POINT('',(5.271571516,-0.862040091,-5.7));
#12819 = VECTOR('',#12820,1.);
#12820 = DIRECTION('',(0.620400909345,-0.784284840912,0.));
#12821 = PCURVE('',#12629,#12822);
#12822 = DEFINITIONAL_REPRESENTATION('',(#12823),#12826);
#12823 = B_SPLINE_CURVE_WITH_KNOTS('',1,(#12824,#12825),.UNSPECIFIED.,
  .F.,.F.,(2,2),(0.,0.464560297476),.PIECEWISE_BEZIER_KNOTS.);
#12824 = CARTESIAN_POINT('',(0.573795208,0.62519996));
#12825 = CARTESIAN_POINT('',(0.191802324,0.466787961));
#12826 = ( GEOMETRIC_REPRESENTATION_CONTEXT(2) 
PARAMETRIC_REPRESENTATION_CONTEXT() REPRESENTATION_CONTEXT('2D SPACE',''
  ) );
#12827 = ORIENTED_EDGE('',*,*,#12828,.T.);
#12828 = EDGE_CURVE('',#12814,#12829,#12831,.T.);
#12829 = VERTEX_POINT('',#12830);
#12830 = CARTESIAN_POINT('',(5.658533607063,-1.4012038702,-5.7));
#12831 = SURFACE_CURVE('',#12832,(#12836),.PCURVE_S1.);
#12832 = B_SPLINE_CURVE_WITH_KNOTS('',2,(#12833,#12834,#12835),
  .UNSPECIFIED.,.F.,.F.,(3,3),(0.,0.25),.PIECEWISE_BEZIER_KNOTS.);
#12833 = CARTESIAN_POINT('',(5.559785146542,-1.2263876897,-5.7));
#12834 = CARTESIAN_POINT('',(5.622823055667,-1.3060775745,-5.7));
#12835 = CARTESIAN_POINT('',(5.658533607063,-1.4012038702,-5.7));
#12836 = PCURVE('',#12629,#12837);
#12837 = DEFINITIONAL_REPRESENTATION('',(#12838),#12842);
#12838 = B_SPLINE_CURVE_WITH_KNOTS('',2,(#12839,#12840,#12841),
  .UNSPECIFIED.,.F.,.F.,(3,3),(0.,0.25),.PIECEWISE_BEZIER_KNOTS.);
#12839 = CARTESIAN_POINT('',(0.191802324,0.466787961));
#12840 = CARTESIAN_POINT('',(0.108253074,0.432140185));
#12841 = CARTESIAN_POINT('',(6.0922986E-02,0.390780926));
#12842 = ( GEOMETRIC_REPRESENTATION_CONTEXT(2) 
PARAMETRIC_REPRESENTATION_CONTEXT() REPRESENTATION_CONTEXT('2D SPACE',''
  ) );
#12843 = ORIENTED_EDGE('',*,*,#12844,.T.);
#12844 = EDGE_CURVE('',#12829,#12845,#12847,.T.);
#12845 = VERTEX_POINT('',#12846);
#12846 = CARTESIAN_POINT('',(5.699220104067,-1.5978165964,-5.7));
#12847 = SURFACE_CURVE('',#12848,(#12852),.PCURVE_S1.);
#12848 = B_SPLINE_CURVE_WITH_KNOTS('',2,(#12849,#12850,#12851),
  .UNSPECIFIED.,.F.,.F.,(3,3),(0.25,0.5),.PIECEWISE_BEZIER_KNOTS.);
#12849 = CARTESIAN_POINT('',(5.658533607063,-1.4012038702,-5.7));
#12850 = CARTESIAN_POINT('',(5.694244158459,-1.4963301659,-5.7));
#12851 = CARTESIAN_POINT('',(5.699220104067,-1.5978165964,-5.7));
#12852 = PCURVE('',#12629,#12853);
#12853 = DEFINITIONAL_REPRESENTATION('',(#12854),#12858);
#12854 = B_SPLINE_CURVE_WITH_KNOTS('',2,(#12855,#12856,#12857),
  .UNSPECIFIED.,.F.,.F.,(3,3),(0.25,0.5),.PIECEWISE_BEZIER_KNOTS.);
#12855 = CARTESIAN_POINT('',(6.0922986E-02,0.390780926));
#12856 = CARTESIAN_POINT('',(1.3592898E-02,0.349421667));
#12857 = CARTESIAN_POINT('',(6.997874E-03,0.305297132));
#12858 = ( GEOMETRIC_REPRESENTATION_CONTEXT(2) 
PARAMETRIC_REPRESENTATION_CONTEXT() REPRESENTATION_CONTEXT('2D SPACE',''
  ) );
#12859 = ORIENTED_EDGE('',*,*,#12860,.T.);
#12860 = EDGE_CURVE('',#12845,#12861,#12863,.T.);
#12861 = VERTEX_POINT('',#12862);
#12862 = CARTESIAN_POINT('',(5.677962621125,-1.7974664749,-5.7));
#12863 = SURFACE_CURVE('',#12864,(#12868),.PCURVE_S1.);
#12864 = B_SPLINE_CURVE_WITH_KNOTS('',2,(#12865,#12866,#12867),
  .UNSPECIFIED.,.F.,.F.,(3,3),(0.5,0.75),.PIECEWISE_BEZIER_KNOTS.);
#12865 = CARTESIAN_POINT('',(5.699220104067,-1.5978165964,-5.7));
#12866 = CARTESIAN_POINT('',(5.70419605043,-1.6993030269,-5.7));
#12867 = CARTESIAN_POINT('',(5.677962621125,-1.7974664749,-5.7));
#12868 = PCURVE('',#12629,#12869);
#12869 = DEFINITIONAL_REPRESENTATION('',(#12870),#12874);
#12870 = B_SPLINE_CURVE_WITH_KNOTS('',2,(#12871,#12872,#12873),
  .UNSPECIFIED.,.F.,.F.,(3,3),(0.5,0.75),.PIECEWISE_BEZIER_KNOTS.);
#12871 = CARTESIAN_POINT('',(6.997874E-03,0.305297132));
#12872 = CARTESIAN_POINT('',(4.02849E-04,0.261172597));
#12873 = CARTESIAN_POINT('',(3.5172139E-02,0.218492837));
#12874 = ( GEOMETRIC_REPRESENTATION_CONTEXT(2) 
PARAMETRIC_REPRESENTATION_CONTEXT() REPRESENTATION_CONTEXT('2D SPACE',''
  ) );
#12875 = ORIENTED_EDGE('',*,*,#12876,.T.);
#12876 = EDGE_CURVE('',#12861,#12877,#12879,.T.);
#12877 = VERTEX_POINT('',#12878);
#12878 = CARTESIAN_POINT('',(5.596789396041,-1.981104333,-5.7));
#12879 = SURFACE_CURVE('',#12880,(#12884),.PCURVE_S1.);
#12880 = B_SPLINE_CURVE_WITH_KNOTS('',2,(#12881,#12882,#12883),
  .UNSPECIFIED.,.F.,.F.,(3,3),(0.75,1.),.PIECEWISE_BEZIER_KNOTS.);
#12881 = CARTESIAN_POINT('',(5.677962621125,-1.7974664749,-5.7));
#12882 = CARTESIAN_POINT('',(5.651729192574,-1.8956299252,-5.7));
#12883 = CARTESIAN_POINT('',(5.596789396082,-1.981104333,-5.7));
#12884 = PCURVE('',#12629,#12885);
#12885 = DEFINITIONAL_REPRESENTATION('',(#12886),#12890);
#12886 = B_SPLINE_CURVE_WITH_KNOTS('',2,(#12887,#12888,#12889),
  .UNSPECIFIED.,.F.,.F.,(3,3),(0.75,1.),.PIECEWISE_BEZIER_KNOTS.);
#12887 = CARTESIAN_POINT('',(3.5172139E-02,0.218492837));
#12888 = CARTESIAN_POINT('',(6.9941428E-02,0.175813076));
#12889 = CARTESIAN_POINT('',(0.142757593,0.13865029));
#12890 = ( GEOMETRIC_REPRESENTATION_CONTEXT(2) 
PARAMETRIC_REPRESENTATION_CONTEXT() REPRESENTATION_CONTEXT('2D SPACE',''
  ) );
#12891 = ORIENTED_EDGE('',*,*,#12892,.T.);
#12892 = EDGE_CURVE('',#12877,#12893,#12895,.T.);
#12893 = VERTEX_POINT('',#12894);
#12894 = CARTESIAN_POINT('',(5.391815026,-2.3,-5.7));
#12895 = SURFACE_CURVE('',#12896,(#12900),.PCURVE_S1.);
#12896 = LINE('',#12897,#12898);
#12897 = CARTESIAN_POINT('',(5.596789396,-1.981104333,-5.7));
#12898 = VECTOR('',#12899,1.);
#12899 = DIRECTION('',(-0.540701617887,-0.841214455662,0.));
#12900 = PCURVE('',#12629,#12901);
#12901 = DEFINITIONAL_REPRESENTATION('',(#12902),#12905);
#12902 = B_SPLINE_CURVE_WITH_KNOTS('',1,(#12903,#12904),.UNSPECIFIED.,
  .F.,.F.,(2,2),(0.,0.379089618413),.PIECEWISE_BEZIER_KNOTS.);
#12903 = CARTESIAN_POINT('',(0.142757593,0.13865029));
#12904 = CARTESIAN_POINT('',(0.414426738,0.));
#12905 = ( GEOMETRIC_REPRESENTATION_CONTEXT(2) 
PARAMETRIC_REPRESENTATION_CONTEXT() REPRESENTATION_CONTEXT('2D SPACE',''
  ) );
#12906 = ORIENTED_EDGE('',*,*,#12907,.T.);
#12907 = EDGE_CURVE('',#12893,#12908,#12910,.T.);
#12908 = VERTEX_POINT('',#12909);
#12909 = CARTESIAN_POINT('',(5.035187774,-2.3,-5.7));
#12910 = SURFACE_CURVE('',#12911,(#12915),.PCURVE_S1.);
#12911 = LINE('',#12912,#12913);
#12912 = CARTESIAN_POINT('',(5.391815026,-2.3,-5.7));
#12913 = VECTOR('',#12914,1.);
#12914 = DIRECTION('',(-1.,0.,0.));
#12915 = PCURVE('',#12629,#12916);
#12916 = DEFINITIONAL_REPRESENTATION('',(#12917),#12920);
#12917 = B_SPLINE_CURVE_WITH_KNOTS('',1,(#12918,#12919),.UNSPECIFIED.,
  .F.,.F.,(2,2),(0.,0.356627252),.PIECEWISE_BEZIER_KNOTS.);
#12918 = CARTESIAN_POINT('',(0.414426738,0.));
#12919 = CARTESIAN_POINT('',(0.887093739,0.));
#12920 = ( GEOMETRIC_REPRESENTATION_CONTEXT(2) 
PARAMETRIC_REPRESENTATION_CONTEXT() REPRESENTATION_CONTEXT('2D SPACE',''
  ) );
#12921 = ORIENTED_EDGE('',*,*,#12922,.T.);
#12922 = EDGE_CURVE('',#12908,#12619,#12923,.T.);
#12923 = SURFACE_CURVE('',#12924,(#12928),.PCURVE_S1.);
#12924 = LINE('',#12925,#12926);
#12925 = CARTESIAN_POINT('',(5.035187774,-2.3,-5.7));
#12926 = VECTOR('',#12927,1.);
#12927 = DIRECTION('',(0.540701617755,0.841214455747,0.));
#12928 = PCURVE('',#12629,#12929);
#12929 = DEFINITIONAL_REPRESENTATION('',(#12930),#12933);
#12930 = B_SPLINE_CURVE_WITH_KNOTS('',1,(#12931,#12932),.UNSPECIFIED.,
  .F.,.F.,(2,2),(0.,0.571918551463),.PIECEWISE_BEZIER_KNOTS.);
#12931 = CARTESIAN_POINT('',(0.887093739,0.));
#12932 = CARTESIAN_POINT('',(0.477236502,0.209176588));
#12933 = ( GEOMETRIC_REPRESENTATION_CONTEXT(2) 
PARAMETRIC_REPRESENTATION_CONTEXT() REPRESENTATION_CONTEXT('2D SPACE',''
  ) );
#12934 = ( GEOMETRIC_REPRESENTATION_CONTEXT(3) 
GLOBAL_UNCERTAINTY_ASSIGNED_CONTEXT((#12938)) 
GLOBAL_UNIT_ASSIGNED_CONTEXT((#12935,#12936,#12937)) 
REPRESENTATION_CONTEXT('Context #1',
  '3D Context with UNIT and UNCERTAINTY') );
#12935 = ( LENGTH_UNIT() NAMED_UNIT(*) SI_UNIT(.MILLI.,.METRE.) );
#12936 = ( NAMED_UNIT(*) PLANE_ANGLE_UNIT() SI_UNIT($,.RADIAN.) );
#12937 = ( NAMED_UNIT(*) SI_UNIT($,.STERADIAN.) SOLID_ANGLE_UNIT() );
#12938 = UNCERTAINTY_MEASURE_WITH_UNIT(LENGTH_MEASURE(1.E-05),#12935,
  'distance_accuracy_value','confusion accuracy');
#12939 = SHAPE_DEFINITION_REPRESENTATION(#12940,#12611);
#12940 = PRODUCT_DEFINITION_SHAPE('','',#12941);
#12941 = PRODUCT_DEFINITION('design','',#12942,#12945);
#12942 = PRODUCT_DEFINITION_FORMATION('','',#12943);
#12943 = PRODUCT('eMachineShop.81',
  'eMachineShop.81','',(#12944));
#12944 = PRODUCT_CONTEXT('',#2,'mechanical');
#12945 = PRODUCT_DEFINITION_CONTEXT('part definition',#2,'design');
#12946 = CONTEXT_DEPENDENT_SHAPE_REPRESENTATION(#12947,#12949);
#12947 = ( REPRESENTATION_RELATIONSHIP('','',#12611,#10) 
REPRESENTATION_RELATIONSHIP_WITH_TRANSFORMATION(#12948) 
SHAPE_REPRESENTATION_RELATIONSHIP() );
#12948 = ITEM_DEFINED_TRANSFORMATION('','',#11,#335);
#12949 = PRODUCT_DEFINITION_SHAPE('Placement','Placement of an item',
  #12950);
#12950 = NEXT_ASSEMBLY_USAGE_OCCURRENCE('81','','',#5,#12941,$);
#12951 = PRODUCT_RELATED_PRODUCT_CATEGORY('part',$,(#12943));
#12952 = MANIFOLD_SURFACE_SHAPE_REPRESENTATION('',(#11,#12953),#13275);
#12953 = SHELL_BASED_SURFACE_MODEL('',(#12954));
#12954 = OPEN_SHELL('',(#12955));
#12955 = ADVANCED_FACE('',(#12956),#12970,.T.);
#12956 = FACE_BOUND('',#12957,.T.);
#12957 = EDGE_LOOP('',(#12958,#12980,#12995,#13010,#13026,#13042,#13058,
    #13074,#13089,#13105,#13121,#13136,#13151,#13166,#13182,#13198,
    #13213,#13229,#13245,#13261));
#12958 = ORIENTED_EDGE('',*,*,#12959,.T.);
#12959 = EDGE_CURVE('',#12960,#12962,#12964,.T.);
#12960 = VERTEX_POINT('',#12961);
#12961 = CARTESIAN_POINT('',(5.596789396041,-1.981104333,-6.7));
#12962 = VERTEX_POINT('',#12963);
#12963 = CARTESIAN_POINT('',(5.391815026,-2.3,-6.7));
#12964 = SURFACE_CURVE('',#12965,(#12969),.PCURVE_S1.);
#12965 = LINE('',#12966,#12967);
#12966 = CARTESIAN_POINT('',(5.596789396,-1.981104333,-6.7));
#12967 = VECTOR('',#12968,1.);
#12968 = DIRECTION('',(-0.540701617887,-0.841214455662,0.));
#12969 = PCURVE('',#12970,#12975);
#12970 = B_SPLINE_SURFACE_WITH_KNOTS('',1,1,(
    (#12971,#12972)
    ,(#12973,#12974
    )),.UNSPECIFIED.,.F.,.F.,.F.,(2,2),(2,2),(0.,1.),(0.,1.),
  .PIECEWISE_BEZIER_KNOTS.);
#12971 = CARTESIAN_POINT('',(5.7045,-2.3,-6.7));
#12972 = CARTESIAN_POINT('',(5.7045,0.,-6.7));
#12973 = CARTESIAN_POINT('',(4.95,-2.3,-6.7));
#12974 = CARTESIAN_POINT('',(4.95,0.,-6.7));
#12975 = DEFINITIONAL_REPRESENTATION('',(#12976),#12979);
#12976 = B_SPLINE_CURVE_WITH_KNOTS('',1,(#12977,#12978),.UNSPECIFIED.,
  .F.,.F.,(2,2),(0.,0.379089618413),.PIECEWISE_BEZIER_KNOTS.);
#12977 = CARTESIAN_POINT('',(0.142757593,0.13865029));
#12978 = CARTESIAN_POINT('',(0.414426738,0.));
#12979 = ( GEOMETRIC_REPRESENTATION_CONTEXT(2) 
PARAMETRIC_REPRESENTATION_CONTEXT() REPRESENTATION_CONTEXT('2D SPACE',''
  ) );
#12980 = ORIENTED_EDGE('',*,*,#12981,.T.);
#12981 = EDGE_CURVE('',#12962,#12982,#12984,.T.);
#12982 = VERTEX_POINT('',#12983);
#12983 = CARTESIAN_POINT('',(5.035187774,-2.3,-6.7));
#12984 = SURFACE_CURVE('',#12985,(#12989),.PCURVE_S1.);
#12985 = LINE('',#12986,#12987);
#12986 = CARTESIAN_POINT('',(5.391815026,-2.3,-6.7));
#12987 = VECTOR('',#12988,1.);
#12988 = DIRECTION('',(-1.,0.,0.));
#12989 = PCURVE('',#12970,#12990);
#12990 = DEFINITIONAL_REPRESENTATION('',(#12991),#12994);
#12991 = B_SPLINE_CURVE_WITH_KNOTS('',1,(#12992,#12993),.UNSPECIFIED.,
  .F.,.F.,(2,2),(0.,0.356627252),.PIECEWISE_BEZIER_KNOTS.);
#12992 = CARTESIAN_POINT('',(0.414426738,0.));
#12993 = CARTESIAN_POINT('',(0.887093739,0.));
#12994 = ( GEOMETRIC_REPRESENTATION_CONTEXT(2) 
PARAMETRIC_REPRESENTATION_CONTEXT() REPRESENTATION_CONTEXT('2D SPACE',''
  ) );
#12995 = ORIENTED_EDGE('',*,*,#12996,.T.);
#12996 = EDGE_CURVE('',#12982,#12997,#12999,.T.);
#12997 = VERTEX_POINT('',#12998);
#12998 = CARTESIAN_POINT('',(5.34442505962,-1.8188938473,-6.7));
#12999 = SURFACE_CURVE('',#13000,(#13004),.PCURVE_S1.);
#13000 = LINE('',#13001,#13002);
#13001 = CARTESIAN_POINT('',(5.035187774,-2.3,-6.7));
#13002 = VECTOR('',#13003,1.);
#13003 = DIRECTION('',(0.540701617755,0.841214455747,0.));
#13004 = PCURVE('',#12970,#13005);
#13005 = DEFINITIONAL_REPRESENTATION('',(#13006),#13009);
#13006 = B_SPLINE_CURVE_WITH_KNOTS('',1,(#13007,#13008),.UNSPECIFIED.,
  .F.,.F.,(2,2),(0.,0.571918551463),.PIECEWISE_BEZIER_KNOTS.);
#13007 = CARTESIAN_POINT('',(0.887093739,0.));
#13008 = CARTESIAN_POINT('',(0.477236502,0.209176588));
#13009 = ( GEOMETRIC_REPRESENTATION_CONTEXT(2) 
PARAMETRIC_REPRESENTATION_CONTEXT() REPRESENTATION_CONTEXT('2D SPACE',''
  ) );
#13010 = ORIENTED_EDGE('',*,*,#13011,.T.);
#13011 = EDGE_CURVE('',#12997,#13012,#13014,.T.);
#13012 = VERTEX_POINT('',#13013);
#13013 = CARTESIAN_POINT('',(5.388133718821,-1.7200119233,-6.7));
#13014 = SURFACE_CURVE('',#13015,(#13019),.PCURVE_S1.);
#13015 = B_SPLINE_CURVE_WITH_KNOTS('',2,(#13016,#13017,#13018),
  .UNSPECIFIED.,.F.,.F.,(3,3),(0.,0.25),.PIECEWISE_BEZIER_KNOTS.);
#13016 = CARTESIAN_POINT('',(5.344425059241,-1.8188938476,-6.7));
#13017 = CARTESIAN_POINT('',(5.374008026409,-1.7728691663,-6.7));
#13018 = CARTESIAN_POINT('',(5.388133718821,-1.7200119233,-6.7));
#13019 = PCURVE('',#12970,#13020);
#13020 = DEFINITIONAL_REPRESENTATION('',(#13021),#13025);
#13021 = B_SPLINE_CURVE_WITH_KNOTS('',2,(#13022,#13023,#13024),
  .UNSPECIFIED.,.F.,.F.,(3,3),(0.,0.25),.PIECEWISE_BEZIER_KNOTS.);
#13022 = CARTESIAN_POINT('',(0.477236502,0.209176588));
#13023 = CARTESIAN_POINT('',(0.438027798,0.229187319));
#13024 = CARTESIAN_POINT('',(0.419305873,0.252168729));
#13025 = ( GEOMETRIC_REPRESENTATION_CONTEXT(2) 
PARAMETRIC_REPRESENTATION_CONTEXT() REPRESENTATION_CONTEXT('2D SPACE',''
  ) );
#13026 = ORIENTED_EDGE('',*,*,#13027,.T.);
#13027 = EDGE_CURVE('',#13012,#13028,#13030,.T.);
#13028 = VERTEX_POINT('',#13029);
#13029 = CARTESIAN_POINT('',(5.399580056487,-1.6125081431,-6.7));
#13030 = SURFACE_CURVE('',#13031,(#13035),.PCURVE_S1.);
#13031 = B_SPLINE_CURVE_WITH_KNOTS('',2,(#13032,#13033,#13034),
  .UNSPECIFIED.,.F.,.F.,(3,3),(0.25,0.5),.PIECEWISE_BEZIER_KNOTS.);
#13032 = CARTESIAN_POINT('',(5.388133718821,-1.7200119233,-6.7));
#13033 = CARTESIAN_POINT('',(5.402259411988,-1.6671546826,-6.7));
#13034 = CARTESIAN_POINT('',(5.399580056487,-1.6125081431,-6.7));
#13035 = PCURVE('',#12970,#13036);
#13036 = DEFINITIONAL_REPRESENTATION('',(#13037),#13041);
#13037 = B_SPLINE_CURVE_WITH_KNOTS('',2,(#13038,#13039,#13040),
  .UNSPECIFIED.,.F.,.F.,(3,3),(0.25,0.5),.PIECEWISE_BEZIER_KNOTS.);
#13038 = CARTESIAN_POINT('',(0.419305873,0.252168729));
#13039 = CARTESIAN_POINT('',(0.400583947,0.275150138));
#13040 = CARTESIAN_POINT('',(0.404135114,0.298909503));
#13041 = ( GEOMETRIC_REPRESENTATION_CONTEXT(2) 
PARAMETRIC_REPRESENTATION_CONTEXT() REPRESENTATION_CONTEXT('2D SPACE',''
  ) );
#13042 = ORIENTED_EDGE('',*,*,#13043,.T.);
#13043 = EDGE_CURVE('',#13028,#13044,#13046,.T.);
#13044 = VERTEX_POINT('',#13045);
#13045 = CARTESIAN_POINT('',(5.377671942542,-1.5066397526,-6.7));
#13046 = SURFACE_CURVE('',#13047,(#13051),.PCURVE_S1.);
#13047 = B_SPLINE_CURVE_WITH_KNOTS('',2,(#13048,#13049,#13050),
  .UNSPECIFIED.,.F.,.F.,(3,3),(0.5,0.75),.PIECEWISE_BEZIER_KNOTS.);
#13048 = CARTESIAN_POINT('',(5.399580056487,-1.6125081431,-6.7));
#13049 = CARTESIAN_POINT('',(5.396900700985,-1.5578616036,-6.7));
#13050 = CARTESIAN_POINT('',(5.377671942542,-1.5066397526,-6.7));
#13051 = PCURVE('',#12970,#13052);
#13052 = DEFINITIONAL_REPRESENTATION('',(#13053),#13057);
#13053 = B_SPLINE_CURVE_WITH_KNOTS('',2,(#13054,#13055,#13056),
  .UNSPECIFIED.,.F.,.F.,(3,3),(0.5,0.75),.PIECEWISE_BEZIER_KNOTS.);
#13054 = CARTESIAN_POINT('',(0.404135114,0.298909503));
#13055 = CARTESIAN_POINT('',(0.407686281,0.322668868));
#13056 = CARTESIAN_POINT('',(0.433171713,0.344939238));
#13057 = ( GEOMETRIC_REPRESENTATION_CONTEXT(2) 
PARAMETRIC_REPRESENTATION_CONTEXT() REPRESENTATION_CONTEXT('2D SPACE',''
  ) );
#13058 = ORIENTED_EDGE('',*,*,#13059,.T.);
#13059 = EDGE_CURVE('',#13044,#13060,#13062,.T.);
#13060 = VERTEX_POINT('',#13061);
#13061 = CARTESIAN_POINT('',(5.324499694168,-1.41250796305,-6.7));
#13062 = SURFACE_CURVE('',#13063,(#13067),.PCURVE_S1.);
#13063 = B_SPLINE_CURVE_WITH_KNOTS('',2,(#13064,#13065,#13066),
  .UNSPECIFIED.,.F.,.F.,(3,3),(0.75,1.),.PIECEWISE_BEZIER_KNOTS.);
#13064 = CARTESIAN_POINT('',(5.377671942542,-1.5066397526,-6.7));
#13065 = CARTESIAN_POINT('',(5.358443184098,-1.4554179016,-6.7));
#13066 = CARTESIAN_POINT('',(5.324499694337,-1.4125079631,-6.7));
#13067 = PCURVE('',#12970,#13068);
#13068 = DEFINITIONAL_REPRESENTATION('',(#13069),#13073);
#13069 = B_SPLINE_CURVE_WITH_KNOTS('',2,(#13070,#13071,#13072),
  .UNSPECIFIED.,.F.,.F.,(3,3),(0.75,1.),.PIECEWISE_BEZIER_KNOTS.);
#13070 = CARTESIAN_POINT('',(0.433171713,0.344939238));
#13071 = CARTESIAN_POINT('',(0.458657145,0.367209608));
#13072 = CARTESIAN_POINT('',(0.503645203,0.385866103));
#13073 = ( GEOMETRIC_REPRESENTATION_CONTEXT(2) 
PARAMETRIC_REPRESENTATION_CONTEXT() REPRESENTATION_CONTEXT('2D SPACE',''
  ) );
#13074 = ORIENTED_EDGE('',*,*,#13075,.T.);
#13075 = EDGE_CURVE('',#13060,#13076,#13078,.T.);
#13076 = VERTEX_POINT('',#13077);
#13077 = CARTESIAN_POINT('',(5.036286063179,-1.04816036355,-6.7));
#13078 = SURFACE_CURVE('',#13079,(#13083),.PCURVE_S1.);
#13079 = LINE('',#13080,#13081);
#13080 = CARTESIAN_POINT('',(5.324499694,-1.412507963,-6.7));
#13081 = VECTOR('',#13082,1.);
#13082 = DIRECTION('',(-0.620400909345,0.784284840912,0.));
#13083 = PCURVE('',#12970,#13084);
#13084 = DEFINITIONAL_REPRESENTATION('',(#13085),#13088);
#13085 = B_SPLINE_CURVE_WITH_KNOTS('',1,(#13086,#13087),.UNSPECIFIED.,
  .F.,.F.,(2,2),(0.,0.464560297476),.PIECEWISE_BEZIER_KNOTS.);
#13086 = CARTESIAN_POINT('',(0.503645203,0.385866103));
#13087 = CARTESIAN_POINT('',(0.885638087,0.544278103));
#13088 = ( GEOMETRIC_REPRESENTATION_CONTEXT(2) 
PARAMETRIC_REPRESENTATION_CONTEXT() REPRESENTATION_CONTEXT('2D SPACE',''
  ) );
#13089 = ORIENTED_EDGE('',*,*,#13090,.T.);
#13090 = EDGE_CURVE('',#13076,#13091,#13093,.T.);
#13091 = VERTEX_POINT('',#13092);
#13092 = CARTESIAN_POINT('',(4.9721868353,-0.9313667104,-6.7));
#13093 = SURFACE_CURVE('',#13094,(#13098),.PCURVE_S1.);
#13094 = B_SPLINE_CURVE_WITH_KNOTS('',2,(#13095,#13096,#13097),
  .UNSPECIFIED.,.F.,.F.,(3,3),(0.,0.5),.PIECEWISE_BEZIER_KNOTS.);
#13095 = CARTESIAN_POINT('',(5.036286063359,-1.0481603631,-6.7));
#13096 = CARTESIAN_POINT('',(4.994373670599,-0.9951764729,-6.7));
#13097 = CARTESIAN_POINT('',(4.9721868353,-0.9313667104,-6.7));
#13098 = PCURVE('',#12970,#13099);
#13099 = DEFINITIONAL_REPRESENTATION('',(#13100),#13104);
#13100 = B_SPLINE_CURVE_WITH_KNOTS('',2,(#13101,#13102,#13103),
  .UNSPECIFIED.,.F.,.F.,(3,3),(0.,0.5),.PIECEWISE_BEZIER_KNOTS.);
#13101 = CARTESIAN_POINT('',(0.885638087,0.544278103));
#13102 = CARTESIAN_POINT('',(0.941187978,0.567314577));
#13103 = CARTESIAN_POINT('',(0.970593989,0.595057952));
#13104 = ( GEOMETRIC_REPRESENTATION_CONTEXT(2) 
PARAMETRIC_REPRESENTATION_CONTEXT() REPRESENTATION_CONTEXT('2D SPACE',''
  ) );
#13105 = ORIENTED_EDGE('',*,*,#13106,.T.);
#13106 = EDGE_CURVE('',#13091,#13107,#13109,.T.);
#13107 = VERTEX_POINT('',#13108);
#13108 = CARTESIAN_POINT('',(4.95,-0.80000000005,-6.7));
#13109 = SURFACE_CURVE('',#13110,(#13114),.PCURVE_S1.);
#13110 = B_SPLINE_CURVE_WITH_KNOTS('',2,(#13111,#13112,#13113),
  .UNSPECIFIED.,.F.,.F.,(3,3),(0.5,1.),.PIECEWISE_BEZIER_KNOTS.);
#13111 = CARTESIAN_POINT('',(4.9721868353,-0.9313667104,-6.7));
#13112 = CARTESIAN_POINT('',(4.95,-0.8675569479,-6.7));
#13113 = CARTESIAN_POINT('',(4.95,-0.8000000001,-6.7));
#13114 = PCURVE('',#12970,#13115);
#13115 = DEFINITIONAL_REPRESENTATION('',(#13116),#13120);
#13116 = B_SPLINE_CURVE_WITH_KNOTS('',2,(#13117,#13118,#13119),
  .UNSPECIFIED.,.F.,.F.,(3,3),(0.5,1.),.PIECEWISE_BEZIER_KNOTS.);
#13117 = CARTESIAN_POINT('',(0.970593989,0.595057952));
#13118 = CARTESIAN_POINT('',(1.,0.622801327));
#13119 = CARTESIAN_POINT('',(1.,0.652173913));
#13120 = ( GEOMETRIC_REPRESENTATION_CONTEXT(2) 
PARAMETRIC_REPRESENTATION_CONTEXT() REPRESENTATION_CONTEXT('2D SPACE',''
  ) );
#13121 = ORIENTED_EDGE('',*,*,#13122,.T.);
#13122 = EDGE_CURVE('',#13107,#13123,#13125,.T.);
#13123 = VERTEX_POINT('',#13124);
#13124 = CARTESIAN_POINT('',(4.95,0.,-6.7));
#13125 = SURFACE_CURVE('',#13126,(#13130),.PCURVE_S1.);
#13126 = LINE('',#13127,#13128);
#13127 = CARTESIAN_POINT('',(4.95,-0.8,-6.7));
#13128 = VECTOR('',#13129,1.);
#13129 = DIRECTION('',(0.,1.,0.));
#13130 = PCURVE('',#12970,#13131);
#13131 = DEFINITIONAL_REPRESENTATION('',(#13132),#13135);
#13132 = B_SPLINE_CURVE_WITH_KNOTS('',1,(#13133,#13134),.UNSPECIFIED.,
  .F.,.F.,(2,2),(0.,0.8),.PIECEWISE_BEZIER_KNOTS.);
#13133 = CARTESIAN_POINT('',(1.,0.652173913));
#13134 = CARTESIAN_POINT('',(1.,1.));
#13135 = ( GEOMETRIC_REPRESENTATION_CONTEXT(2) 
PARAMETRIC_REPRESENTATION_CONTEXT() REPRESENTATION_CONTEXT('2D SPACE',''
  ) );
#13136 = ORIENTED_EDGE('',*,*,#13137,.T.);
#13137 = EDGE_CURVE('',#13123,#13138,#13140,.T.);
#13138 = VERTEX_POINT('',#13139);
#13139 = CARTESIAN_POINT('',(5.25,0.,-6.7));
#13140 = SURFACE_CURVE('',#13141,(#13145),.PCURVE_S1.);
#13141 = LINE('',#13142,#13143);
#13142 = CARTESIAN_POINT('',(4.95,0.,-6.7));
#13143 = VECTOR('',#13144,1.);
#13144 = DIRECTION('',(1.,0.,0.));
#13145 = PCURVE('',#12970,#13146);
#13146 = DEFINITIONAL_REPRESENTATION('',(#13147),#13150);
#13147 = B_SPLINE_CURVE_WITH_KNOTS('',1,(#13148,#13149),.UNSPECIFIED.,
  .F.,.F.,(2,2),(0.,0.3),.PIECEWISE_BEZIER_KNOTS.);
#13148 = CARTESIAN_POINT('',(1.,1.));
#13149 = CARTESIAN_POINT('',(0.602385686,1.));
#13150 = ( GEOMETRIC_REPRESENTATION_CONTEXT(2) 
PARAMETRIC_REPRESENTATION_CONTEXT() REPRESENTATION_CONTEXT('2D SPACE',''
  ) );
#13151 = ORIENTED_EDGE('',*,*,#13152,.T.);
#13152 = EDGE_CURVE('',#13138,#13153,#13155,.T.);
#13153 = VERTEX_POINT('',#13154);
#13154 = CARTESIAN_POINT('',(5.249999999957,-0.80000000005,-6.7));
#13155 = SURFACE_CURVE('',#13156,(#13160),.PCURVE_S1.);
#13156 = LINE('',#13157,#13158);
#13157 = CARTESIAN_POINT('',(5.25,0.,-6.7));
#13158 = VECTOR('',#13159,1.);
#13159 = DIRECTION('',(0.,-1.,0.));
#13160 = PCURVE('',#12970,#13161);
#13161 = DEFINITIONAL_REPRESENTATION('',(#13162),#13165);
#13162 = B_SPLINE_CURVE_WITH_KNOTS('',1,(#13163,#13164),.UNSPECIFIED.,
  .F.,.F.,(2,2),(0.,0.8),.PIECEWISE_BEZIER_KNOTS.);
#13163 = CARTESIAN_POINT('',(0.602385686,1.));
#13164 = CARTESIAN_POINT('',(0.602385686,0.652173913));
#13165 = ( GEOMETRIC_REPRESENTATION_CONTEXT(2) 
PARAMETRIC_REPRESENTATION_CONTEXT() REPRESENTATION_CONTEXT('2D SPACE',''
  ) );
#13166 = ORIENTED_EDGE('',*,*,#13167,.T.);
#13167 = EDGE_CURVE('',#13153,#13168,#13170,.T.);
#13168 = VERTEX_POINT('',#13169);
#13169 = CARTESIAN_POINT('',(5.255546708927,-0.8328416771,-6.7));
#13170 = SURFACE_CURVE('',#13171,(#13175),.PCURVE_S1.);
#13171 = B_SPLINE_CURVE_WITH_KNOTS('',2,(#13172,#13173,#13174),
  .UNSPECIFIED.,.F.,.F.,(3,3),(0.,0.5),.PIECEWISE_BEZIER_KNOTS.);
#13172 = CARTESIAN_POINT('',(5.249999999913,-0.8000000001,-6.7));
#13173 = CARTESIAN_POINT('',(5.249999999913,-0.8168892382,-6.7));
#13174 = CARTESIAN_POINT('',(5.255546708926,-0.8328416771,-6.7));
#13175 = PCURVE('',#12970,#13176);
#13176 = DEFINITIONAL_REPRESENTATION('',(#13177),#13181);
#13177 = B_SPLINE_CURVE_WITH_KNOTS('',2,(#13178,#13179,#13180),
  .UNSPECIFIED.,.F.,.F.,(3,3),(0.,0.5),.PIECEWISE_BEZIER_KNOTS.);
#13178 = CARTESIAN_POINT('',(0.602385686,0.652173913));
#13179 = CARTESIAN_POINT('',(0.602385686,0.644830766));
#13180 = CARTESIAN_POINT('',(0.595034183,0.637894923));
#13181 = ( GEOMETRIC_REPRESENTATION_CONTEXT(2) 
PARAMETRIC_REPRESENTATION_CONTEXT() REPRESENTATION_CONTEXT('2D SPACE',''
  ) );
#13182 = ORIENTED_EDGE('',*,*,#13183,.T.);
#13183 = EDGE_CURVE('',#13168,#13184,#13186,.T.);
#13184 = VERTEX_POINT('',#13185);
#13185 = CARTESIAN_POINT('',(5.271571515782,-0.8620400915,-6.7));
#13186 = SURFACE_CURVE('',#13187,(#13191),.PCURVE_S1.);
#13187 = B_SPLINE_CURVE_WITH_KNOTS('',2,(#13188,#13189,#13190),
  .UNSPECIFIED.,.F.,.F.,(3,3),(0.5,1.),.PIECEWISE_BEZIER_KNOTS.);
#13188 = CARTESIAN_POINT('',(5.255546708927,-0.8328416771,-6.7));
#13189 = CARTESIAN_POINT('',(5.26109341794,-0.8487941183,-6.7));
#13190 = CARTESIAN_POINT('',(5.271571515564,-0.862040092,-6.7));
#13191 = PCURVE('',#12970,#13192);
#13192 = DEFINITIONAL_REPRESENTATION('',(#13193),#13197);
#13193 = B_SPLINE_CURVE_WITH_KNOTS('',2,(#13194,#13195,#13196),
  .UNSPECIFIED.,.F.,.F.,(3,3),(0.5,1.),.PIECEWISE_BEZIER_KNOTS.);
#13194 = CARTESIAN_POINT('',(0.595034183,0.637894923));
#13195 = CARTESIAN_POINT('',(0.58768268,0.630959079));
#13196 = CARTESIAN_POINT('',(0.573795208,0.62519996));
#13197 = ( GEOMETRIC_REPRESENTATION_CONTEXT(2) 
PARAMETRIC_REPRESENTATION_CONTEXT() REPRESENTATION_CONTEXT('2D SPACE',''
  ) );
#13198 = ORIENTED_EDGE('',*,*,#13199,.T.);
#13199 = EDGE_CURVE('',#13184,#13200,#13202,.T.);
#13200 = VERTEX_POINT('',#13201);
#13201 = CARTESIAN_POINT('',(5.559785146771,-1.22638768985,-6.7));
#13202 = SURFACE_CURVE('',#13203,(#13207),.PCURVE_S1.);
#13203 = LINE('',#13204,#13205);
#13204 = CARTESIAN_POINT('',(5.271571516,-0.862040091,-6.7));
#13205 = VECTOR('',#13206,1.);
#13206 = DIRECTION('',(0.620400909345,-0.784284840912,0.));
#13207 = PCURVE('',#12970,#13208);
#13208 = DEFINITIONAL_REPRESENTATION('',(#13209),#13212);
#13209 = B_SPLINE_CURVE_WITH_KNOTS('',1,(#13210,#13211),.UNSPECIFIED.,
  .F.,.F.,(2,2),(0.,0.464560297476),.PIECEWISE_BEZIER_KNOTS.);
#13210 = CARTESIAN_POINT('',(0.573795208,0.62519996));
#13211 = CARTESIAN_POINT('',(0.191802324,0.466787961));
#13212 = ( GEOMETRIC_REPRESENTATION_CONTEXT(2) 
PARAMETRIC_REPRESENTATION_CONTEXT() REPRESENTATION_CONTEXT('2D SPACE',''
  ) );
#13213 = ORIENTED_EDGE('',*,*,#13214,.T.);
#13214 = EDGE_CURVE('',#13200,#13215,#13217,.T.);
#13215 = VERTEX_POINT('',#13216);
#13216 = CARTESIAN_POINT('',(5.658533607063,-1.4012038702,-6.7));
#13217 = SURFACE_CURVE('',#13218,(#13222),.PCURVE_S1.);
#13218 = B_SPLINE_CURVE_WITH_KNOTS('',2,(#13219,#13220,#13221),
  .UNSPECIFIED.,.F.,.F.,(3,3),(0.,0.25),.PIECEWISE_BEZIER_KNOTS.);
#13219 = CARTESIAN_POINT('',(5.559785146542,-1.2263876897,-6.7));
#13220 = CARTESIAN_POINT('',(5.622823055667,-1.3060775745,-6.7));
#13221 = CARTESIAN_POINT('',(5.658533607063,-1.4012038702,-6.7));
#13222 = PCURVE('',#12970,#13223);
#13223 = DEFINITIONAL_REPRESENTATION('',(#13224),#13228);
#13224 = B_SPLINE_CURVE_WITH_KNOTS('',2,(#13225,#13226,#13227),
  .UNSPECIFIED.,.F.,.F.,(3,3),(0.,0.25),.PIECEWISE_BEZIER_KNOTS.);
#13225 = CARTESIAN_POINT('',(0.191802324,0.466787961));
#13226 = CARTESIAN_POINT('',(0.108253074,0.432140185));
#13227 = CARTESIAN_POINT('',(6.0922986E-02,0.390780926));
#13228 = ( GEOMETRIC_REPRESENTATION_CONTEXT(2) 
PARAMETRIC_REPRESENTATION_CONTEXT() REPRESENTATION_CONTEXT('2D SPACE',''
  ) );
#13229 = ORIENTED_EDGE('',*,*,#13230,.T.);
#13230 = EDGE_CURVE('',#13215,#13231,#13233,.T.);
#13231 = VERTEX_POINT('',#13232);
#13232 = CARTESIAN_POINT('',(5.699220104067,-1.5978165964,-6.7));
#13233 = SURFACE_CURVE('',#13234,(#13238),.PCURVE_S1.);
#13234 = B_SPLINE_CURVE_WITH_KNOTS('',2,(#13235,#13236,#13237),
  .UNSPECIFIED.,.F.,.F.,(3,3),(0.25,0.5),.PIECEWISE_BEZIER_KNOTS.);
#13235 = CARTESIAN_POINT('',(5.658533607063,-1.4012038702,-6.7));
#13236 = CARTESIAN_POINT('',(5.694244158459,-1.4963301659,-6.7));
#13237 = CARTESIAN_POINT('',(5.699220104067,-1.5978165964,-6.7));
#13238 = PCURVE('',#12970,#13239);
#13239 = DEFINITIONAL_REPRESENTATION('',(#13240),#13244);
#13240 = B_SPLINE_CURVE_WITH_KNOTS('',2,(#13241,#13242,#13243),
  .UNSPECIFIED.,.F.,.F.,(3,3),(0.25,0.5),.PIECEWISE_BEZIER_KNOTS.);
#13241 = CARTESIAN_POINT('',(6.0922986E-02,0.390780926));
#13242 = CARTESIAN_POINT('',(1.3592898E-02,0.349421667));
#13243 = CARTESIAN_POINT('',(6.997874E-03,0.305297132));
#13244 = ( GEOMETRIC_REPRESENTATION_CONTEXT(2) 
PARAMETRIC_REPRESENTATION_CONTEXT() REPRESENTATION_CONTEXT('2D SPACE',''
  ) );
#13245 = ORIENTED_EDGE('',*,*,#13246,.T.);
#13246 = EDGE_CURVE('',#13231,#13247,#13249,.T.);
#13247 = VERTEX_POINT('',#13248);
#13248 = CARTESIAN_POINT('',(5.677962621125,-1.7974664749,-6.7));
#13249 = SURFACE_CURVE('',#13250,(#13254),.PCURVE_S1.);
#13250 = B_SPLINE_CURVE_WITH_KNOTS('',2,(#13251,#13252,#13253),
  .UNSPECIFIED.,.F.,.F.,(3,3),(0.5,0.75),.PIECEWISE_BEZIER_KNOTS.);
#13251 = CARTESIAN_POINT('',(5.699220104067,-1.5978165964,-6.7));
#13252 = CARTESIAN_POINT('',(5.70419605043,-1.6993030269,-6.7));
#13253 = CARTESIAN_POINT('',(5.677962621125,-1.7974664749,-6.7));
#13254 = PCURVE('',#12970,#13255);
#13255 = DEFINITIONAL_REPRESENTATION('',(#13256),#13260);
#13256 = B_SPLINE_CURVE_WITH_KNOTS('',2,(#13257,#13258,#13259),
  .UNSPECIFIED.,.F.,.F.,(3,3),(0.5,0.75),.PIECEWISE_BEZIER_KNOTS.);
#13257 = CARTESIAN_POINT('',(6.997874E-03,0.305297132));
#13258 = CARTESIAN_POINT('',(4.02849E-04,0.261172597));
#13259 = CARTESIAN_POINT('',(3.5172139E-02,0.218492837));
#13260 = ( GEOMETRIC_REPRESENTATION_CONTEXT(2) 
PARAMETRIC_REPRESENTATION_CONTEXT() REPRESENTATION_CONTEXT('2D SPACE',''
  ) );
#13261 = ORIENTED_EDGE('',*,*,#13262,.T.);
#13262 = EDGE_CURVE('',#13247,#12960,#13263,.T.);
#13263 = SURFACE_CURVE('',#13264,(#13268),.PCURVE_S1.);
#13264 = B_SPLINE_CURVE_WITH_KNOTS('',2,(#13265,#13266,#13267),
  .UNSPECIFIED.,.F.,.F.,(3,3),(0.75,1.),.PIECEWISE_BEZIER_KNOTS.);
#13265 = CARTESIAN_POINT('',(5.677962621125,-1.7974664749,-6.7));
#13266 = CARTESIAN_POINT('',(5.651729192574,-1.8956299252,-6.7));
#13267 = CARTESIAN_POINT('',(5.596789396082,-1.981104333,-6.7));
#13268 = PCURVE('',#12970,#13269);
#13269 = DEFINITIONAL_REPRESENTATION('',(#13270),#13274);
#13270 = B_SPLINE_CURVE_WITH_KNOTS('',2,(#13271,#13272,#13273),
  .UNSPECIFIED.,.F.,.F.,(3,3),(0.75,1.),.PIECEWISE_BEZIER_KNOTS.);
#13271 = CARTESIAN_POINT('',(3.5172139E-02,0.218492837));
#13272 = CARTESIAN_POINT('',(6.9941428E-02,0.175813076));
#13273 = CARTESIAN_POINT('',(0.142757593,0.13865029));
#13274 = ( GEOMETRIC_REPRESENTATION_CONTEXT(2) 
PARAMETRIC_REPRESENTATION_CONTEXT() REPRESENTATION_CONTEXT('2D SPACE',''
  ) );
#13275 = ( GEOMETRIC_REPRESENTATION_CONTEXT(3) 
GLOBAL_UNCERTAINTY_ASSIGNED_CONTEXT((#13279)) 
GLOBAL_UNIT_ASSIGNED_CONTEXT((#13276,#13277,#13278)) 
REPRESENTATION_CONTEXT('Context #1',
  '3D Context with UNIT and UNCERTAINTY') );
#13276 = ( LENGTH_UNIT() NAMED_UNIT(*) SI_UNIT(.MILLI.,.METRE.) );
#13277 = ( NAMED_UNIT(*) PLANE_ANGLE_UNIT() SI_UNIT($,.RADIAN.) );
#13278 = ( NAMED_UNIT(*) SI_UNIT($,.STERADIAN.) SOLID_ANGLE_UNIT() );
#13279 = UNCERTAINTY_MEASURE_WITH_UNIT(LENGTH_MEASURE(1.E-05),#13276,
  'distance_accuracy_value','confusion accuracy');
#13280 = SHAPE_DEFINITION_REPRESENTATION(#13281,#12952);
#13281 = PRODUCT_DEFINITION_SHAPE('','',#13282);
#13282 = PRODUCT_DEFINITION('design','',#13283,#13286);
#13283 = PRODUCT_DEFINITION_FORMATION('','',#13284);
#13284 = PRODUCT('eMachineShop.82',
  'eMachineShop.82','',(#13285));
#13285 = PRODUCT_CONTEXT('',#2,'mechanical');
#13286 = PRODUCT_DEFINITION_CONTEXT('part definition',#2,'design');
#13287 = CONTEXT_DEPENDENT_SHAPE_REPRESENTATION(#13288,#13290);
#13288 = ( REPRESENTATION_RELATIONSHIP('','',#12952,#10) 
REPRESENTATION_RELATIONSHIP_WITH_TRANSFORMATION(#13289) 
SHAPE_REPRESENTATION_RELATIONSHIP() );
#13289 = ITEM_DEFINED_TRANSFORMATION('','',#11,#339);
#13290 = PRODUCT_DEFINITION_SHAPE('Placement','Placement of an item',
  #13291);
#13291 = NEXT_ASSEMBLY_USAGE_OCCURRENCE('82','','',#5,#13282,$);
#13292 = PRODUCT_RELATED_PRODUCT_CATEGORY('part',$,(#13284));
#13293 = MANIFOLD_SURFACE_SHAPE_REPRESENTATION('',(#11,#13294),#13437);
#13294 = SHELL_BASED_SURFACE_MODEL('',(#13295));
#13295 = OPEN_SHELL('',(#13296));
#13296 = ADVANCED_FACE('',(#13297),#13312,.T.);
#13297 = FACE_BOUND('',#13298,.T.);
#13298 = EDGE_LOOP('',(#13299,#13325,#13340,#13357,#13374,#13390,#13405,
    #13421));
#13299 = ORIENTED_EDGE('',*,*,#13300,.F.);
#13300 = EDGE_CURVE('',#13301,#13303,#13305,.T.);
#13301 = VERTEX_POINT('',#13302);
#13302 = CARTESIAN_POINT('',(5.035187774,-2.3,-5.7));
#13303 = VERTEX_POINT('',#13304);
#13304 = CARTESIAN_POINT('',(5.013514218,-2.333719353,-5.70113829));
#13305 = SURFACE_CURVE('',#13306,(#13311),.PCURVE_S1.);
#13306 = ( BOUNDED_CURVE() B_SPLINE_CURVE(3,(#13307,#13308,#13309,#13310
),.UNSPECIFIED.,.F.,.F.) B_SPLINE_CURVE_WITH_KNOTS((4,4),(0.,1.),
.PIECEWISE_BEZIER_KNOTS.) CURVE() GEOMETRIC_REPRESENTATION_ITEM() 
RATIONAL_B_SPLINE_CURVE((1.,0.999620461808,0.999620461808,1.)) 
REPRESENTATION_ITEM('') );
#13307 = CARTESIAN_POINT('',(5.035187774,-2.3,-5.7));
#13308 = CARTESIAN_POINT('',(5.027956395,-2.311250457,-5.7));
#13309 = CARTESIAN_POINT('',(5.020729133,-2.322494509,-5.700379574));
#13310 = CARTESIAN_POINT('',(5.013514218,-2.333719353,-5.70113829));
#13311 = PCURVE('',#13312,#13320);
#13312 = SURFACE_OF_REVOLUTION('',#13313,#13317);
#13313 = LINE('',#13314,#13315);
#13314 = CARTESIAN_POINT('',(4.95,-2.3,-6.7));
#13315 = VECTOR('',#13316,1.);
#13316 = DIRECTION('',(1.,0.,0.));
#13317 = AXIS1_PLACEMENT('',#13318,#13319);
#13318 = CARTESIAN_POINT('',(5.35,-2.3,-6.2));
#13319 = DIRECTION('',(-1.,0.,0.));
#13320 = DEFINITIONAL_REPRESENTATION('',(#13321),#13324);
#13321 = B_SPLINE_CURVE_WITH_KNOTS('',1,(#13322,#13323),.UNSPECIFIED.,
  .F.,.F.,(2,2),(0.,1.),.PIECEWISE_BEZIER_KNOTS.);
#13322 = CARTESIAN_POINT('',(3.14159265318,8.518777352993E-02));
#13323 = CARTESIAN_POINT('',(3.07410272418,6.351421762047E-02));
#13324 = ( GEOMETRIC_REPRESENTATION_CONTEXT(2) 
PARAMETRIC_REPRESENTATION_CONTEXT() REPRESENTATION_CONTEXT('2D SPACE',''
  ) );
#13325 = ORIENTED_EDGE('',*,*,#13326,.F.);
#13326 = EDGE_CURVE('',#13327,#13301,#13329,.T.);
#13327 = VERTEX_POINT('',#13328);
#13328 = CARTESIAN_POINT('',(5.391815026,-2.3,-5.7));
#13329 = SURFACE_CURVE('',#13330,(#13334),.PCURVE_S1.);
#13330 = LINE('',#13331,#13332);
#13331 = CARTESIAN_POINT('',(5.391815026,-2.3,-5.7));
#13332 = VECTOR('',#13333,1.);
#13333 = DIRECTION('',(-1.,0.,0.));
#13334 = PCURVE('',#13312,#13335);
#13335 = DEFINITIONAL_REPRESENTATION('',(#13336),#13339);
#13336 = B_SPLINE_CURVE_WITH_KNOTS('',1,(#13337,#13338),.UNSPECIFIED.,
  .F.,.F.,(2,2),(0.,0.356627252),.PIECEWISE_BEZIER_KNOTS.);
#13337 = CARTESIAN_POINT('',(3.14159265318,0.441815025717));
#13338 = CARTESIAN_POINT('',(3.14159265318,8.518777352993E-02));
#13339 = ( GEOMETRIC_REPRESENTATION_CONTEXT(2) 
PARAMETRIC_REPRESENTATION_CONTEXT() REPRESENTATION_CONTEXT('2D SPACE',''
  ) );
#13340 = ORIENTED_EDGE('',*,*,#13341,.F.);
#13341 = EDGE_CURVE('',#13342,#13327,#13344,.T.);
#13342 = VERTEX_POINT('',#13343);
#13343 = CARTESIAN_POINT('',(5.265878554,-2.495929838,-5.739987502));
#13344 = SURFACE_CURVE('',#13345,(#13350),.PCURVE_S1.);
#13345 = ( BOUNDED_CURVE() B_SPLINE_CURVE(3,(#13346,#13347,#13348,#13349
),.UNSPECIFIED.,.F.,.F.) B_SPLINE_CURVE_WITH_KNOTS((4,4),(0.,1.),
.PIECEWISE_BEZIER_KNOTS.) CURVE() GEOMETRIC_REPRESENTATION_ITEM() 
RATIONAL_B_SPLINE_CURVE((1.,0.986534850033,0.986534850033,1.)) 
REPRESENTATION_ITEM('') );
#13346 = CARTESIAN_POINT('',(5.265878554,-2.495929838,-5.739987502));
#13347 = CARTESIAN_POINT('',(5.30583428,-2.433767395,-5.713511096));
#13348 = CARTESIAN_POINT('',(5.34838607,-2.367566038,-5.7));
#13349 = CARTESIAN_POINT('',(5.391815026,-2.3,-5.7));
#13350 = PCURVE('',#13312,#13351);
#13351 = DEFINITIONAL_REPRESENTATION('',(#13352),#13356);
#13352 = B_SPLINE_CURVE_WITH_KNOTS('',2,(#13353,#13354,#13355),
  .UNSPECIFIED.,.F.,.F.,(3,3),(0.,1.),.PIECEWISE_BEZIER_KNOTS.);
#13353 = CARTESIAN_POINT('',(2.73894059618,0.315878554338));
#13354 = CARTESIAN_POINT('',(2.87388752118,0.355779534346));
#13355 = CARTESIAN_POINT('',(3.14159265318,0.441815025717));
#13356 = ( GEOMETRIC_REPRESENTATION_CONTEXT(2) 
PARAMETRIC_REPRESENTATION_CONTEXT() REPRESENTATION_CONTEXT('2D SPACE',''
  ) );
#13357 = ORIENTED_EDGE('',*,*,#13358,.F.);
#13358 = EDGE_CURVE('',#13359,#13342,#13361,.T.);
#13359 = VERTEX_POINT('',#13360);
#13360 = CARTESIAN_POINT('',(5.249999999855,-2.549999999936,
    -5.766987298071));
#13361 = SURFACE_CURVE('',#13362,(#13367),.PCURVE_S1.);
#13362 = B_SPLINE_CURVE_WITH_KNOTS('',3,(#13363,#13364,#13365,#13366),
  .UNSPECIFIED.,.F.,.F.,(4,4),(0.,1.),.PIECEWISE_BEZIER_KNOTS.);
#13363 = CARTESIAN_POINT('',(5.249999999711,-2.549999999919,
    -5.766987298061));
#13364 = CARTESIAN_POINT('',(5.249999999711,-2.530588119299,
    -5.755779843564));
#13365 = CARTESIAN_POINT('',(5.255292851253,-2.51239889633,
    -5.747002050118));
#13366 = CARTESIAN_POINT('',(5.265878554338,-2.495929838306,
    -5.739987501842));
#13367 = PCURVE('',#13312,#13368);
#13368 = DEFINITIONAL_REPRESENTATION('',(#13369),#13373);
#13369 = B_SPLINE_CURVE_WITH_KNOTS('',2,(#13370,#13371,#13372),
  .UNSPECIFIED.,.F.,.F.,(3,3),(0.,1.),.PIECEWISE_BEZIER_KNOTS.);
#13370 = CARTESIAN_POINT('',(2.61799387818,0.299999999711));
#13371 = CARTESIAN_POINT('',(2.68523860518,0.299999999711));
#13372 = CARTESIAN_POINT('',(2.73894059618,0.315878554338));
#13373 = ( GEOMETRIC_REPRESENTATION_CONTEXT(2) 
PARAMETRIC_REPRESENTATION_CONTEXT() REPRESENTATION_CONTEXT('2D SPACE',''
  ) );
#13374 = ORIENTED_EDGE('',*,*,#13375,.F.);
#13375 = EDGE_CURVE('',#13376,#13359,#13378,.T.);
#13376 = VERTEX_POINT('',#13377);
#13377 = CARTESIAN_POINT('',(5.25,-2.8,-6.2));
#13378 = SURFACE_CURVE('',#13379,(#13384),.PCURVE_S1.);
#13379 = CIRCLE('',#13380,0.5);
#13380 = AXIS2_PLACEMENT_3D('',#13381,#13382,#13383);
#13381 = CARTESIAN_POINT('',(5.25,-2.3,-6.2));
#13382 = DIRECTION('',(-1.,0.,6.123233995737E-17));
#13383 = DIRECTION('',(8.58915688636E-31,-1.,1.402715769533E-14));
#13384 = PCURVE('',#13312,#13385);
#13385 = DEFINITIONAL_REPRESENTATION('',(#13386),#13389);
#13386 = B_SPLINE_CURVE_WITH_KNOTS('',1,(#13387,#13388),.UNSPECIFIED.,
  .F.,.F.,(2,2),(1.836970198721E-16,1.047197551304),
  .PIECEWISE_BEZIER_KNOTS.);
#13387 = CARTESIAN_POINT('',(1.57079632718,0.299999999711));
#13388 = CARTESIAN_POINT('',(2.61799387818,0.299999999711));
#13389 = ( GEOMETRIC_REPRESENTATION_CONTEXT(2) 
PARAMETRIC_REPRESENTATION_CONTEXT() REPRESENTATION_CONTEXT('2D SPACE',''
  ) );
#13390 = ORIENTED_EDGE('',*,*,#13391,.F.);
#13391 = EDGE_CURVE('',#13392,#13376,#13394,.T.);
#13392 = VERTEX_POINT('',#13393);
#13393 = CARTESIAN_POINT('',(4.95,-2.8,-6.200000000027));
#13394 = SURFACE_CURVE('',#13395,(#13399),.PCURVE_S1.);
#13395 = LINE('',#13396,#13397);
#13396 = CARTESIAN_POINT('',(4.95,-2.8,-6.2));
#13397 = VECTOR('',#13398,1.);
#13398 = DIRECTION('',(1.,0.,0.));
#13399 = PCURVE('',#13312,#13400);
#13400 = DEFINITIONAL_REPRESENTATION('',(#13401),#13404);
#13401 = B_SPLINE_CURVE_WITH_KNOTS('',1,(#13402,#13403),.UNSPECIFIED.,
  .F.,.F.,(2,2),(0.,0.3),.PIECEWISE_BEZIER_KNOTS.);
#13402 = CARTESIAN_POINT('',(1.57079632718,-1.550238667235E-16));
#13403 = CARTESIAN_POINT('',(1.57079632718,0.299999999711));
#13404 = ( GEOMETRIC_REPRESENTATION_CONTEXT(2) 
PARAMETRIC_REPRESENTATION_CONTEXT() REPRESENTATION_CONTEXT('2D SPACE',''
  ) );
#13405 = ORIENTED_EDGE('',*,*,#13406,.F.);
#13406 = EDGE_CURVE('',#13407,#13392,#13409,.T.);
#13407 = VERTEX_POINT('',#13408);
#13408 = CARTESIAN_POINT('',(4.95,-2.549999999959,-5.766987298084));
#13409 = SURFACE_CURVE('',#13410,(#13415),.PCURVE_S1.);
#13410 = CIRCLE('',#13411,0.5);
#13411 = AXIS2_PLACEMENT_3D('',#13412,#13413,#13414);
#13412 = CARTESIAN_POINT('',(4.95,-2.3,-6.2));
#13413 = DIRECTION('',(1.,0.,6.123233995737E-17));
#13414 = DIRECTION('',(-5.302876193624E-17,-0.5,0.866025403784));
#13415 = PCURVE('',#13312,#13416);
#13416 = DEFINITIONAL_REPRESENTATION('',(#13417),#13420);
#13417 = B_SPLINE_CURVE_WITH_KNOTS('',1,(#13418,#13419),.UNSPECIFIED.,
  .F.,.F.,(2,2),(0.,1.047197551304),.PIECEWISE_BEZIER_KNOTS.);
#13418 = CARTESIAN_POINT('',(2.61799387818,-2.583731111611E-16));
#13419 = CARTESIAN_POINT('',(1.57079632718,-1.550238667235E-16));
#13420 = ( GEOMETRIC_REPRESENTATION_CONTEXT(2) 
PARAMETRIC_REPRESENTATION_CONTEXT() REPRESENTATION_CONTEXT('2D SPACE',''
  ) );
#13421 = ORIENTED_EDGE('',*,*,#13422,.F.);
#13422 = EDGE_CURVE('',#13303,#13407,#13423,.T.);
#13423 = SURFACE_CURVE('',#13424,(#13430),.PCURVE_S1.);
#13424 = B_SPLINE_CURVE_WITH_KNOTS('',4,(#13425,#13426,#13427,#13428,
    #13429),.UNSPECIFIED.,.F.,.F.,(5,5),(0.,1.),
  .PIECEWISE_BEZIER_KNOTS.);
#13425 = CARTESIAN_POINT('',(5.01351421762,-2.333719353102,
    -5.701138290479));
#13426 = CARTESIAN_POINT('',(4.98175710881,-2.383126527267,
    -5.704477849157));
#13427 = CARTESIAN_POINT('',(4.960585702937,-2.437060457819,
    -5.714635968434));
#13428 = CARTESIAN_POINT('',(4.95,-2.4941350383,-5.734733647446));
#13429 = CARTESIAN_POINT('',(4.95,-2.549999999919,-5.766987298061));
#13430 = PCURVE('',#13312,#13431);
#13431 = DEFINITIONAL_REPRESENTATION('',(#13432),#13436);
#13432 = B_SPLINE_CURVE_WITH_KNOTS('',2,(#13433,#13434,#13435),
  .UNSPECIFIED.,.F.,.F.,(3,3),(0.,1.),.PIECEWISE_BEZIER_KNOTS.);
#13433 = CARTESIAN_POINT('',(3.07410272418,6.351421762047E-02));
#13434 = CARTESIAN_POINT('',(2.87602308318,-2.838383381892E-16));
#13435 = CARTESIAN_POINT('',(2.61799387818,-2.583731111611E-16));
#13436 = ( GEOMETRIC_REPRESENTATION_CONTEXT(2) 
PARAMETRIC_REPRESENTATION_CONTEXT() REPRESENTATION_CONTEXT('2D SPACE',''
  ) );
#13437 = ( GEOMETRIC_REPRESENTATION_CONTEXT(3) 
GLOBAL_UNCERTAINTY_ASSIGNED_CONTEXT((#13441)) 
GLOBAL_UNIT_ASSIGNED_CONTEXT((#13438,#13439,#13440)) 
REPRESENTATION_CONTEXT('Context #1',
  '3D Context with UNIT and UNCERTAINTY') );
#13438 = ( LENGTH_UNIT() NAMED_UNIT(*) SI_UNIT(.MILLI.,.METRE.) );
#13439 = ( NAMED_UNIT(*) PLANE_ANGLE_UNIT() SI_UNIT($,.RADIAN.) );
#13440 = ( NAMED_UNIT(*) SI_UNIT($,.STERADIAN.) SOLID_ANGLE_UNIT() );
#13441 = UNCERTAINTY_MEASURE_WITH_UNIT(LENGTH_MEASURE(5.E-03),#13438,
  'distance_accuracy_value','confusion accuracy');
#13442 = SHAPE_DEFINITION_REPRESENTATION(#13443,#13293);
#13443 = PRODUCT_DEFINITION_SHAPE('','',#13444);
#13444 = PRODUCT_DEFINITION('design','',#13445,#13448);
#13445 = PRODUCT_DEFINITION_FORMATION('','',#13446);
#13446 = PRODUCT('eMachineShop.83',
  'eMachineShop.83','',(#13447));
#13447 = PRODUCT_CONTEXT('',#2,'mechanical');
#13448 = PRODUCT_DEFINITION_CONTEXT('part definition',#2,'design');
#13449 = CONTEXT_DEPENDENT_SHAPE_REPRESENTATION(#13450,#13452);
#13450 = ( REPRESENTATION_RELATIONSHIP('','',#13293,#10) 
REPRESENTATION_RELATIONSHIP_WITH_TRANSFORMATION(#13451) 
SHAPE_REPRESENTATION_RELATIONSHIP() );
#13451 = ITEM_DEFINED_TRANSFORMATION('','',#11,#343);
#13452 = PRODUCT_DEFINITION_SHAPE('Placement','Placement of an item',
  #13453);
#13453 = NEXT_ASSEMBLY_USAGE_OCCURRENCE('83','','',#5,#13444,$);
#13454 = PRODUCT_RELATED_PRODUCT_CATEGORY('part',$,(#13446));
#13455 = MANIFOLD_SURFACE_SHAPE_REPRESENTATION('',(#11,#13456),#13599);
#13456 = SHELL_BASED_SURFACE_MODEL('',(#13457));
#13457 = OPEN_SHELL('',(#13458));
#13458 = ADVANCED_FACE('',(#13459),#13475,.T.);
#13459 = FACE_BOUND('',#13460,.T.);
#13460 = EDGE_LOOP('',(#13461,#13489,#13505,#13520,#13536,#13553,#13570,
    #13585));
#13461 = ORIENTED_EDGE('',*,*,#13462,.F.);
#13462 = EDGE_CURVE('',#13463,#13465,#13467,.T.);
#13463 = VERTEX_POINT('',#13464);
#13464 = CARTESIAN_POINT('',(4.95,-2.549999999936,-6.633012701929));
#13465 = VERTEX_POINT('',#13466);
#13466 = CARTESIAN_POINT('',(5.013514218,-2.333719353,-6.69886171));
#13467 = SURFACE_CURVE('',#13468,(#13474),.PCURVE_S1.);
#13468 = B_SPLINE_CURVE_WITH_KNOTS('',4,(#13469,#13470,#13471,#13472,
    #13473),.UNSPECIFIED.,.F.,.F.,(5,5),(0.,1.),
  .PIECEWISE_BEZIER_KNOTS.);
#13469 = CARTESIAN_POINT('',(4.95,-2.549999999919,-6.633012701939));
#13470 = CARTESIAN_POINT('',(4.95,-2.4941350383,-6.665266352554));
#13471 = CARTESIAN_POINT('',(4.960585702937,-2.437060457819,
    -6.685364031566));
#13472 = CARTESIAN_POINT('',(4.98175710881,-2.383126527267,
    -6.695522150843));
#13473 = CARTESIAN_POINT('',(5.01351421762,-2.333719353102,
    -6.698861709521));
#13474 = PCURVE('',#13475,#13483);
#13475 = SURFACE_OF_REVOLUTION('',#13476,#13480);
#13476 = LINE('',#13477,#13478);
#13477 = CARTESIAN_POINT('',(5.394465916,-2.3,-5.7));
#13478 = VECTOR('',#13479,1.);
#13479 = DIRECTION('',(-1.,0.,0.));
#13480 = AXIS1_PLACEMENT('',#13481,#13482);
#13481 = CARTESIAN_POINT('',(5.25,-2.3,-6.2));
#13482 = DIRECTION('',(1.,0.,0.));
#13483 = DEFINITIONAL_REPRESENTATION('',(#13484),#13488);
#13484 = B_SPLINE_CURVE_WITH_KNOTS('',2,(#13485,#13486,#13487),
  .UNSPECIFIED.,.F.,.F.,(3,3),(0.,1.),.PIECEWISE_BEZIER_KNOTS.);
#13485 = CARTESIAN_POINT('',(2.61799387818,0.444465916));
#13486 = CARTESIAN_POINT('',(2.87602308318,0.444465916));
#13487 = CARTESIAN_POINT('',(3.07410272418,0.38095169838));
#13488 = ( GEOMETRIC_REPRESENTATION_CONTEXT(2) 
PARAMETRIC_REPRESENTATION_CONTEXT() REPRESENTATION_CONTEXT('2D SPACE',''
  ) );
#13489 = ORIENTED_EDGE('',*,*,#13490,.F.);
#13490 = EDGE_CURVE('',#13491,#13463,#13493,.T.);
#13491 = VERTEX_POINT('',#13492);
#13492 = CARTESIAN_POINT('',(4.95,-2.8,-6.2));
#13493 = SURFACE_CURVE('',#13494,(#13499),.PCURVE_S1.);
#13494 = CIRCLE('',#13495,0.5);
#13495 = AXIS2_PLACEMENT_3D('',#13496,#13497,#13498);
#13496 = CARTESIAN_POINT('',(4.95,-2.3,-6.2));
#13497 = DIRECTION('',(1.,0.,6.123233995737E-17));
#13498 = DIRECTION('',(8.58915688636E-31,-1.,-1.402715769533E-14));
#13499 = PCURVE('',#13475,#13500);
#13500 = DEFINITIONAL_REPRESENTATION('',(#13501),#13504);
#13501 = B_SPLINE_CURVE_WITH_KNOTS('',1,(#13502,#13503),.UNSPECIFIED.,
  .F.,.F.,(2,2),(1.836970198721E-16,1.047197551304),
  .PIECEWISE_BEZIER_KNOTS.);
#13502 = CARTESIAN_POINT('',(1.57079632718,0.444465916));
#13503 = CARTESIAN_POINT('',(2.61799387818,0.444465916));
#13504 = ( GEOMETRIC_REPRESENTATION_CONTEXT(2) 
PARAMETRIC_REPRESENTATION_CONTEXT() REPRESENTATION_CONTEXT('2D SPACE',''
  ) );
#13505 = ORIENTED_EDGE('',*,*,#13506,.F.);
#13506 = EDGE_CURVE('',#13507,#13491,#13509,.T.);
#13507 = VERTEX_POINT('',#13508);
#13508 = CARTESIAN_POINT('',(5.25,-2.8,-6.199999999973));
#13509 = SURFACE_CURVE('',#13510,(#13514),.PCURVE_S1.);
#13510 = LINE('',#13511,#13512);
#13511 = CARTESIAN_POINT('',(5.25,-2.8,-6.2));
#13512 = VECTOR('',#13513,1.);
#13513 = DIRECTION('',(-1.,0.,0.));
#13514 = PCURVE('',#13475,#13515);
#13515 = DEFINITIONAL_REPRESENTATION('',(#13516),#13519);
#13516 = B_SPLINE_CURVE_WITH_KNOTS('',1,(#13517,#13518),.UNSPECIFIED.,
  .F.,.F.,(2,2),(0.,0.3),.PIECEWISE_BEZIER_KNOTS.);
#13517 = CARTESIAN_POINT('',(1.57079632718,0.144465916289));
#13518 = CARTESIAN_POINT('',(1.57079632718,0.444465916));
#13519 = ( GEOMETRIC_REPRESENTATION_CONTEXT(2) 
PARAMETRIC_REPRESENTATION_CONTEXT() REPRESENTATION_CONTEXT('2D SPACE',''
  ) );
#13520 = ORIENTED_EDGE('',*,*,#13521,.F.);
#13521 = EDGE_CURVE('',#13522,#13507,#13524,.T.);
#13522 = VERTEX_POINT('',#13523);
#13523 = CARTESIAN_POINT('',(5.249999999855,-2.549999999959,
    -6.633012701916));
#13524 = SURFACE_CURVE('',#13525,(#13530),.PCURVE_S1.);
#13525 = CIRCLE('',#13526,0.5);
#13526 = AXIS2_PLACEMENT_3D('',#13527,#13528,#13529);
#13527 = CARTESIAN_POINT('',(5.25,-2.3,-6.2));
#13528 = DIRECTION('',(-1.,0.,6.123233995737E-17));
#13529 = DIRECTION('',(-5.302876193624E-17,-0.5,-0.866025403784));
#13530 = PCURVE('',#13475,#13531);
#13531 = DEFINITIONAL_REPRESENTATION('',(#13532),#13535);
#13532 = B_SPLINE_CURVE_WITH_KNOTS('',1,(#13533,#13534),.UNSPECIFIED.,
  .F.,.F.,(2,2),(0.,1.047197551304),.PIECEWISE_BEZIER_KNOTS.);
#13533 = CARTESIAN_POINT('',(2.61799387818,0.144465916289));
#13534 = CARTESIAN_POINT('',(1.57079632718,0.144465916289));
#13535 = ( GEOMETRIC_REPRESENTATION_CONTEXT(2) 
PARAMETRIC_REPRESENTATION_CONTEXT() REPRESENTATION_CONTEXT('2D SPACE',''
  ) );
#13536 = ORIENTED_EDGE('',*,*,#13537,.F.);
#13537 = EDGE_CURVE('',#13538,#13522,#13540,.T.);
#13538 = VERTEX_POINT('',#13539);
#13539 = CARTESIAN_POINT('',(5.265878554,-2.495929838,-6.660012498));
#13540 = SURFACE_CURVE('',#13541,(#13546),.PCURVE_S1.);
#13541 = B_SPLINE_CURVE_WITH_KNOTS('',3,(#13542,#13543,#13544,#13545),
  .UNSPECIFIED.,.F.,.F.,(4,4),(0.,1.),.PIECEWISE_BEZIER_KNOTS.);
#13542 = CARTESIAN_POINT('',(5.265878554338,-2.495929838306,
    -6.660012498158));
#13543 = CARTESIAN_POINT('',(5.255292851253,-2.51239889633,
    -6.652997949882));
#13544 = CARTESIAN_POINT('',(5.249999999711,-2.530588119299,
    -6.644220156436));
#13545 = CARTESIAN_POINT('',(5.249999999711,-2.549999999919,
    -6.633012701939));
#13546 = PCURVE('',#13475,#13547);
#13547 = DEFINITIONAL_REPRESENTATION('',(#13548),#13552);
#13548 = B_SPLINE_CURVE_WITH_KNOTS('',2,(#13549,#13550,#13551),
  .UNSPECIFIED.,.F.,.F.,(3,3),(0.,1.),.PIECEWISE_BEZIER_KNOTS.);
#13549 = CARTESIAN_POINT('',(2.73894059618,0.128587361662));
#13550 = CARTESIAN_POINT('',(2.68523860518,0.144465916289));
#13551 = CARTESIAN_POINT('',(2.61799387818,0.144465916289));
#13552 = ( GEOMETRIC_REPRESENTATION_CONTEXT(2) 
PARAMETRIC_REPRESENTATION_CONTEXT() REPRESENTATION_CONTEXT('2D SPACE',''
  ) );
#13553 = ORIENTED_EDGE('',*,*,#13554,.F.);
#13554 = EDGE_CURVE('',#13555,#13538,#13557,.T.);
#13555 = VERTEX_POINT('',#13556);
#13556 = CARTESIAN_POINT('',(5.391815026,-2.3,-6.7));
#13557 = SURFACE_CURVE('',#13558,(#13563),.PCURVE_S1.);
#13558 = ( BOUNDED_CURVE() B_SPLINE_CURVE(3,(#13559,#13560,#13561,#13562
),.UNSPECIFIED.,.F.,.F.) B_SPLINE_CURVE_WITH_KNOTS((4,4),(0.,1.),
.PIECEWISE_BEZIER_KNOTS.) CURVE() GEOMETRIC_REPRESENTATION_ITEM() 
RATIONAL_B_SPLINE_CURVE((1.,0.986534850033,0.986534850033,1.)) 
REPRESENTATION_ITEM('') );
#13559 = CARTESIAN_POINT('',(5.391815026,-2.3,-6.7));
#13560 = CARTESIAN_POINT('',(5.34838607,-2.367566038,-6.7));
#13561 = CARTESIAN_POINT('',(5.30583428,-2.433767395,-6.686488904));
#13562 = CARTESIAN_POINT('',(5.265878554,-2.495929838,-6.660012498));
#13563 = PCURVE('',#13475,#13564);
#13564 = DEFINITIONAL_REPRESENTATION('',(#13565),#13569);
#13565 = B_SPLINE_CURVE_WITH_KNOTS('',2,(#13566,#13567,#13568),
  .UNSPECIFIED.,.F.,.F.,(3,3),(0.,1.),.PIECEWISE_BEZIER_KNOTS.);
#13566 = CARTESIAN_POINT('',(3.14159265318,2.650890283196E-03));
#13567 = CARTESIAN_POINT('',(2.87388752118,8.868638165414E-02));
#13568 = CARTESIAN_POINT('',(2.73894059618,0.128587361662));
#13569 = ( GEOMETRIC_REPRESENTATION_CONTEXT(2) 
PARAMETRIC_REPRESENTATION_CONTEXT() REPRESENTATION_CONTEXT('2D SPACE',''
  ) );
#13570 = ORIENTED_EDGE('',*,*,#13571,.F.);
#13571 = EDGE_CURVE('',#13572,#13555,#13574,.T.);
#13572 = VERTEX_POINT('',#13573);
#13573 = CARTESIAN_POINT('',(5.035187774,-2.3,-6.7));
#13574 = SURFACE_CURVE('',#13575,(#13579),.PCURVE_S1.);
#13575 = LINE('',#13576,#13577);
#13576 = CARTESIAN_POINT('',(5.035187774,-2.3,-6.7));
#13577 = VECTOR('',#13578,1.);
#13578 = DIRECTION('',(1.,0.,0.));
#13579 = PCURVE('',#13475,#13580);
#13580 = DEFINITIONAL_REPRESENTATION('',(#13581),#13584);
#13581 = B_SPLINE_CURVE_WITH_KNOTS('',1,(#13582,#13583),.UNSPECIFIED.,
  .F.,.F.,(2,2),(0.,0.356627252),.PIECEWISE_BEZIER_KNOTS.);
#13582 = CARTESIAN_POINT('',(3.14159265318,0.35927814247));
#13583 = CARTESIAN_POINT('',(3.14159265318,2.650890283196E-03));
#13584 = ( GEOMETRIC_REPRESENTATION_CONTEXT(2) 
PARAMETRIC_REPRESENTATION_CONTEXT() REPRESENTATION_CONTEXT('2D SPACE',''
  ) );
#13585 = ORIENTED_EDGE('',*,*,#13586,.F.);
#13586 = EDGE_CURVE('',#13465,#13572,#13587,.T.);
#13587 = SURFACE_CURVE('',#13588,(#13593),.PCURVE_S1.);
#13588 = ( BOUNDED_CURVE() B_SPLINE_CURVE(3,(#13589,#13590,#13591,#13592
),.UNSPECIFIED.,.F.,.F.) B_SPLINE_CURVE_WITH_KNOTS((4,4),(0.,1.),
.PIECEWISE_BEZIER_KNOTS.) CURVE() GEOMETRIC_REPRESENTATION_ITEM() 
RATIONAL_B_SPLINE_CURVE((1.,0.999620461808,0.999620461808,1.)) 
REPRESENTATION_ITEM('') );
#13589 = CARTESIAN_POINT('',(5.013514218,-2.333719353,-6.69886171));
#13590 = CARTESIAN_POINT('',(5.020729133,-2.322494509,-6.699620426));
#13591 = CARTESIAN_POINT('',(5.027956395,-2.311250457,-6.7));
#13592 = CARTESIAN_POINT('',(5.035187774,-2.3,-6.7));
#13593 = PCURVE('',#13475,#13594);
#13594 = DEFINITIONAL_REPRESENTATION('',(#13595),#13598);
#13595 = B_SPLINE_CURVE_WITH_KNOTS('',1,(#13596,#13597),.UNSPECIFIED.,
  .F.,.F.,(2,2),(0.,1.),.PIECEWISE_BEZIER_KNOTS.);
#13596 = CARTESIAN_POINT('',(3.07410272418,0.38095169838));
#13597 = CARTESIAN_POINT('',(3.14159265318,0.35927814247));
#13598 = ( GEOMETRIC_REPRESENTATION_CONTEXT(2) 
PARAMETRIC_REPRESENTATION_CONTEXT() REPRESENTATION_CONTEXT('2D SPACE',''
  ) );
#13599 = ( GEOMETRIC_REPRESENTATION_CONTEXT(3) 
GLOBAL_UNCERTAINTY_ASSIGNED_CONTEXT((#13603)) 
GLOBAL_UNIT_ASSIGNED_CONTEXT((#13600,#13601,#13602)) 
REPRESENTATION_CONTEXT('Context #1',
  '3D Context with UNIT and UNCERTAINTY') );
#13600 = ( LENGTH_UNIT() NAMED_UNIT(*) SI_UNIT(.MILLI.,.METRE.) );
#13601 = ( NAMED_UNIT(*) PLANE_ANGLE_UNIT() SI_UNIT($,.RADIAN.) );
#13602 = ( NAMED_UNIT(*) SI_UNIT($,.STERADIAN.) SOLID_ANGLE_UNIT() );
#13603 = UNCERTAINTY_MEASURE_WITH_UNIT(LENGTH_MEASURE(5.E-03),#13600,
  'distance_accuracy_value','confusion accuracy');
#13604 = SHAPE_DEFINITION_REPRESENTATION(#13605,#13455);
#13605 = PRODUCT_DEFINITION_SHAPE('','',#13606);
#13606 = PRODUCT_DEFINITION('design','',#13607,#13610);
#13607 = PRODUCT_DEFINITION_FORMATION('','',#13608);
#13608 = PRODUCT('eMachineShop.84',
  'eMachineShop.84','',(#13609));
#13609 = PRODUCT_CONTEXT('',#2,'mechanical');
#13610 = PRODUCT_DEFINITION_CONTEXT('part definition',#2,'design');
#13611 = CONTEXT_DEPENDENT_SHAPE_REPRESENTATION(#13612,#13614);
#13612 = ( REPRESENTATION_RELATIONSHIP('','',#13455,#10) 
REPRESENTATION_RELATIONSHIP_WITH_TRANSFORMATION(#13613) 
SHAPE_REPRESENTATION_RELATIONSHIP() );
#13613 = ITEM_DEFINED_TRANSFORMATION('','',#11,#347);
#13614 = PRODUCT_DEFINITION_SHAPE('Placement','Placement of an item',
  #13615);
#13615 = NEXT_ASSEMBLY_USAGE_OCCURRENCE('84','','',#5,#13606,$);
#13616 = PRODUCT_RELATED_PRODUCT_CATEGORY('part',$,(#13608));
ENDSEC;
END-ISO-10303-21;
